num__Age,num__Job,num__Credit amount,num__Duration,num__Credit_Per_Month,num__Credit_Age_Ratio,num__Age_Duration_Product,num__Credit_Age_Product,num__Log_Credit_Amount,num__Log_Duration,cat__Sex_female,cat__Sex_male,cat__Housing_free,cat__Housing_own,cat__Housing_rent,cat__Saving accounts_No Account,cat__Saving accounts_little,cat__Saving accounts_moderate,cat__Saving accounts_quite rich,cat__Saving accounts_rich,cat__Checking account_No Account,cat__Checking account_little,cat__Checking account_moderate,cat__Checking account_rich,cat__Purpose_business,cat__Purpose_car,cat__Purpose_domestic appliances,cat__Purpose_education,cat__Purpose_furniture/equipment,cat__Purpose_radio/TV,cat__Purpose_repairs,cat__Purpose_vacation/others,Risk
2.7664564848025224,0.1469491804436178,-0.7451314133870967,-1.2364778603818776,0.17694785678114117,-0.8995910201508671,-0.6698626202592257,-0.334336414127943,-0.9339918953184984,-1.8220559825570277,0.0,1.0,0.0,1.0,0.0,1.0,0.0,0.0,0.0,0.0,0.0,1.0,0.0,0.0,0.0,0.0,0.0,0.0,0.0,1.0,0.0,0.0,1
-1.1914039404570154,0.1469491804436178,0.9498167893630399,2.2481943623946683,-0.28490097651225305,1.8749233410268515,0.6337210616649604,0.11650413565467654,1.1631492749363739,1.7412055880771133,1.0,0.0,0.0,1.0,0.0,0.0,1.0,0.0,0.0,0.0,0.0,0.0,1.0,0.0,0.0,0.0,0.0,0.0,0.0,1.0,0.0,0.0,0
1.1833123146987072,-1.3837714491773996,-0.4165624079606273,-0.738667542842371,0.04549543966029259,-0.6218926140973439,-0.29911863732665894,-0.12536013236878318,-0.18174959275099806,-0.6884997270944972,0.0,1.0,0.0,1.0,0.0,0.0,1.0,0.0,0.0,0.0,1.0,0.0,0.0,0.0,0.0,0.0,0.0,1.0,0.0,0.0,0.0,0.0,1
0.8315024991200816,0.1469491804436178,1.634246939825297,1.7503840448551617,0.13023336144067424,0.8295481583458707,2.296089243201308,2.0344814383364236,1.52538497040668,1.5020198905350652,0.0,1.0,1.0,0.0,0.0,0.0,1.0,0.0,0.0,0.0,0.0,1.0,0.0,0.0,0.0,0.0,0.0,0.0,1.0,0.0,0.0,0.0,1
1.5351221302773328,0.1469491804436178,0.5666635047179338,0.2569530922366421,0.2296374619907373,-0.0834268864754529,1.0642624611995541,1.2066675959058566,0.9047612406796556,0.5089404797217888,0.0,1.0,1.0,0.0,0.0,0.0,1.0,0.0,0.0,0.0,0.0,1.0,0.0,0.0,0.0,1.0,0.0,0.0,0.0,0.0,0.0,0.0,0
-0.048022039826482336,-1.3837714491773996,2.0500090146529657,1.2525737273156552,0.5464993489900276,1.745702458821876,1.0403434945587433,1.7107871977132059,1.7042188497026747,1.226830001045095,0.0,1.0,1.0,0.0,0.0,1.0,0.0,0.0,0.0,0.0,1.0,0.0,0.0,0.0,0.0,0.0,0.0,1.0,0.0,0.0,0.0,0.0,1
1.5351221302773328,0.1469491804436178,-0.1546287563854807,0.2569530922366421,-0.32306020090373905,-0.5044106410803428,1.0642624611995541,0.2822126158339078,0.2074372217800797,0.5089404797217888,0.0,1.0,0.0,1.0,0.0,0.0,0.0,0.0,1.0,0.0,1.0,0.0,0.0,0.0,0.0,0.0,0.0,0.0,1.0,0.0,0.0,0.0,1
-0.048022039826482336,1.677669810064635,1.3031968307979807,1.2525737273156552,0.16499763704288214,1.085657855656096,1.0403434945587433,1.0786984442441423,1.3628053457181226,1.226830001045095,0.0,1.0,0.0,0.0,1.0,0.0,1.0,0.0,0.0,0.0,0.0,0.0,1.0,0.0,0.0,1.0,0.0,0.0,0.0,0.0,0.0,0.0,1
2.238741761434584,-1.3837714491773996,-0.07523344115837269,-0.738667542842371,0.5685891491122639,-0.5410642232269545,-0.012091037636929898,0.5937270731676884,0.30544116124961235,-0.6884997270944972,0.0,1.0,0.0,1.0,0.0,0.0,0.0,0.0,0.0,1.0,1.0,0.0,0.0,0.0,0.0,0.0,0.0,0.0,0.0,1.0,0.0,0.0,1
-0.6636892170890771,1.677669810064635,0.6956808919619843,0.7547634097761486,0.04419177932520987,0.9586298126642955,0.2031796621303669,0.25047318056241896,0.9976694112758833,0.9028425891112019,0.0,1.0,0.0,1.0,0.0,0.0,1.0,0.0,0.0,0.0,0.0,0.0,1.0,0.0,0.0,1.0,0.0,0.0,0.0,0.0,0.0,0.0,0
-0.9275465787730462,0.1469491804436178,-0.7004715485718485,-0.738667542842371,-0.38960119717358993,-0.5229463385803911,-0.873173836706117,-0.7281694067972295,-0.8021359413640965,-0.6884997270944972,1.0,0.0,0.0,0.0,1.0,0.0,1.0,0.0,0.0,0.0,0.0,0.0,1.0,0.0,0.0,1.0,0.0,0.0,0.0,0.0,0.0,0.0,0
-1.0154990326677027,0.1469491804436178,0.3674663299070645,2.2481943623946683,-0.5080170109436105,0.8771814990320684,0.8250727947914466,-0.1194630944355441,0.7467161576321943,1.7412055880771133,1.0,0.0,0.0,0.0,1.0,0.0,1.0,0.0,0.0,0.0,0.0,1.0,0.0,0.0,1.0,0.0,0.0,0.0,0.0,0.0,0.0,0.0,0
-1.1914039404570154,0.1469491804436178,-0.6040629515103602,-0.738667542842371,-0.24185302586420657,-0.30994191137331284,-0.9449307366285493,-0.710178298335211,-0.5565233286626025,-0.6884997270944972,1.0,0.0,0.0,1.0,0.0,0.0,1.0,0.0,0.0,0.0,0.0,0.0,1.0,0.0,0.0,0.0,0.0,0.0,0.0,1.0,0.0,0.0,1
2.1507893075399274,-1.3837714491773996,-0.734498112240609,0.2569530922366421,-0.7673910984444581,-0.8717905100763692,1.3991279941709047,-0.3890468692556538,-0.9013526570741129,0.5089404797217888,0.0,1.0,0.0,1.0,0.0,0.0,1.0,0.0,0.0,0.0,0.0,1.0,0.0,0.0,0.0,1.0,0.0,0.0,0.0,0.0,0.0,0.0,0
-0.6636892170890771,0.1469491804436178,-0.6621916644444927,-0.4897623840726178,-0.4833561029382943,-0.5415071562061966,-0.6339841702980096,-0.6689504604589319,-0.6989463995560768,-0.3082800291683669,1.0,0.0,0.0,0.0,1.0,0.0,1.0,0.0,0.0,0.0,0.0,1.0,0.0,0.0,0.0,1.0,0.0,0.0,0.0,0.0,0.0,0.0,1
-0.3118794015104515,-1.3837714491773996,-0.7050793124019931,0.2569530922366421,-0.7448486384836516,-0.6516385899036192,0.059665862285502365,-0.6540364401045191,-0.8151328359576597,0.5089404797217888,1.0,0.0,0.0,1.0,0.0,0.0,0.0,1.0,0.0,0.0,0.0,1.0,0.0,0.0,0.0,0.0,0.0,0.0,0.0,1.0,0.0,0.0,0
1.5351221302773328,0.1469491804436178,-0.30030498209236195,0.2569530922366421,-0.4346861170952033,-0.5894348784968586,1.0642624611995541,0.09550450929357808,0.005599060621898933,0.5089404797217888,0.0,1.0,0.0,1.0,0.0,1.0,0.0,0.0,0.0,0.0,1.0,0.0,0.0,0.0,0.0,0.0,0.0,0.0,0.0,1.0,0.0,0.0,1
-0.9275465787730462,0.1469491804436178,1.701591180419719,0.7547634097761486,0.6608231178193716,2.449227930957475,0.023787412324286234,0.7240190406432221,1.5560889034050482,0.9028425891112019,0.0,1.0,0.0,1.0,0.0,1.0,0.0,0.0,0.0,0.0,0.0,1.0,0.0,0.0,1.0,0.0,0.0,0.0,0.0,0.0,0.0,0.0,1
0.7435500452254252,1.677669810064635,3.2990674559937188,0.2569530922366421,2.3233702793143336,2.0436224486768184,0.6337210616649604,3.7383311223434923,2.1279478176019473,0.5089404797217888,1.0,0.0,1.0,0.0,0.0,0.0,1.0,0.0,0.0,0.0,0.0,0.0,1.0,0.0,0.0,1.0,0.0,0.0,0.0,0.0,0.0,0.0,0
-0.3998318554051079,0.1469491804436178,0.056265049686524994,0.2569530922366421,-0.16146063853410103,0.1222435473348459,0.011827929003880857,-0.09428068535435748,0.45297097683454934,0.5089404797217888,0.0,1.0,0.0,1.0,0.0,0.0,0.0,0.0,1.0,0.0,1.0,0.0,0.0,0.0,0.0,0.0,0.0,0.0,0.0,1.0,0.0,0.0,1
1.0953598608040507,0.1469491804436178,-0.4030935598417429,-0.9875727016121243,0.4525271665028096,-0.6034418113640361,-0.6100652036571987,-0.1276915194586684,-0.1585973259723141,-1.168929155728989,0.0,1.0,0.0,1.0,0.0,0.0,1.0,0.0,0.0,0.0,1.0,0.0,0.0,0.0,0.0,1.0,0.0,0.0,0.0,0.0,0.0,0.0,1
0.7435500452254252,0.1469491804436178,-0.22126411023680354,-1.2364778603818776,1.7826228361581165,-0.4312956269206305,-0.9449307366285493,-0.007385088599738618,0.11901233156767713,-1.8220559825570277,0.0,1.0,0.0,0.0,1.0,0.0,0.0,0.0,1.0,0.0,0.0,1.0,0.0,0.0,0.0,0.0,0.0,0.0,0.0,1.0,0.0,0.0,1
1.0953598608040507,-1.3837714491773996,-0.3651681190859368,-0.9046043153555399,0.36771681914825666,-0.5790007909671858,-0.5143893370939557,-0.08366944558495343,-0.09555420949148566,-0.994401518288044,0.0,1.0,0.0,0.0,1.0,0.0,1.0,0.0,0.0,0.0,0.0,1.0,0.0,0.0,0.0,1.0,0.0,0.0,0.0,0.0,0.0,0.0,1
0.7435500452254252,0.1469491804436178,-0.5200598724531074,-0.738667542842371,-0.1131165677747806,-0.6413596560918597,-0.41871347053071273,-0.32531086043070356,-0.3750586298821067,-0.6884997270944972,0.0,1.0,0.0,1.0,0.0,0.0,0.0,1.0,0.0,0.0,0.0,0.0,1.0,0.0,0.0,1.0,0.0,0.0,0.0,0.0,0.0,0.0,1
-0.8395941248783899,0.1469491804436178,-0.4261323789924662,-0.9046043153555399,0.2556020303311364,-0.2183947078582302,-0.9529037255088196,-0.5445812447448345,-0.19845627642964267,-0.994401518288044,0.0,1.0,0.0,1.0,0.0,1.0,0.0,0.0,0.0,0.0,1.0,0.0,0.0,0.0,0.0,0.0,0.0,0.0,1.0,0.0,0.0,0.0,1
0.03993041406817406,-1.3837714491773996,-0.6724705222194308,-1.2364778603818776,0.39965649735778513,-0.6724248782785106,-1.0406066031917924,-0.5816948701095513,-0.7258536378358225,-1.8220559825570277,0.0,1.0,0.0,1.0,0.0,0.0,1.0,0.0,0.0,0.0,0.0,1.0,0.0,0.0,0.0,0.0,0.0,0.0,1.0,0.0,0.0,0.0,1
0.3037877757521432,-1.3837714491773996,-1.0084828384484417,-1.2364778603818776,-0.6302351673576224,-0.9711289377655371,-1.0047281532305763,-0.8632612888695859,-2.2334541815136797,-1.8220559825570277,0.0,1.0,0.0,1.0,0.0,0.0,1.0,0.0,0.0,0.0,1.0,0.0,0.0,0.0,0.0,0.0,0.0,0.0,0.0,1.0,0.0,0.0,1
0.5676451374361124,0.1469491804436178,-1.0145083757647846,-0.738667542842371,-0.8708691375416548,-0.9841213092941492,-0.46655140381233423,-0.8584270891685003,-2.2858295511474616,-0.6884997270944972,1.0,0.0,0.0,0.0,1.0,0.0,0.0,0.0,0.0,1.0,0.0,0.0,0.0,1.0,0.0,0.0,0.0,0.0,0.0,1.0,0.0,0.0,1
-0.13597449372113873,0.1469491804436178,-0.3034949724363083,-1.1535094741252931,1.155779491705806,-0.3121112977606789,-0.996755164350306,-0.3018769916669308,0.0008055705146700677,-1.5775394101740676,0.0,1.0,0.0,1.0,0.0,0.0,1.0,0.0,0.0,0.0,0.0,0.0,1.0,0.0,0.0,0.0,0.0,0.0,0.0,1.0,0.0,0.0,1
2.4146466692238966,0.1469491804436178,1.2634991731844265,3.2438149974736814,-0.3503827487598492,0.09881059578391427,6.063326489129002,2.685709851260317,1.3418577968685261,2.1423264487912967,0.0,1.0,0.0,1.0,0.0,0.0,1.0,0.0,0.0,0.0,0.0,1.0,0.0,0.0,1.0,0.0,0.0,0.0,0.0,0.0,0.0,0.0,0
0.03993041406817406,0.1469491804436178,-0.48142554495420214,-0.2408572253028645,-0.4002839693638518,-0.5082664982921894,-0.17952380412260519,-0.41537782932965156,-0.2994678842479872,0.006404293079320729,0.0,1.0,0.0,1.0,0.0,0.0,0.0,0.0,0.0,1.0,0.0,0.0,1.0,0.0,1.0,0.0,0.0,0.0,0.0,0.0,0.0,0.0,1
-0.7516416709837335,0.1469491804436178,0.26538663890078273,0.2569530922366421,-0.0012190556801741463,0.5415552750155083,-0.17952380412260519,-0.07533816524904008,0.6575367611601701,0.5089404797217888,0.0,1.0,0.0,1.0,0.0,0.0,1.0,0.0,0.0,0.0,0.0,1.0,0.0,0.0,0.0,0.0,0.0,0.0,1.0,0.0,0.0,0.0,1
-0.4877843092997643,0.1469491804436178,0.9196891027813249,-0.2408572253028645,1.0312075041312279,1.052974109288292,-0.394794503889902,0.5027086926254416,1.1446058654381512,0.006404293079320729,0.0,1.0,0.0,1.0,0.0,0.0,0.0,1.0,0.0,0.0,0.0,0.0,1.0,0.0,0.0,1.0,0.0,0.0,0.0,0.0,0.0,0.0,1
1.8869319458559584,-1.3837714491773996,-0.7114592930898858,-0.738667542842371,-0.40644014316840943,-0.8477558381740656,-0.10776690420017292,-0.3881211714405523,-0.8333476278783503,-0.6884997270944972,0.0,1.0,0.0,0.0,1.0,1.0,0.0,0.0,0.0,0.0,1.0,0.0,0.0,0.0,1.0,0.0,0.0,0.0,0.0,0.0,0.0,0.0,1
-0.22392694761579512,1.677669810064635,-0.637026185064472,-0.738667542842371,-0.2923698638486649,-0.6011576038503118,-0.681822103579631,-0.5887404590356016,-0.6353476380261818,-0.6884997270944972,1.0,0.0,0.0,1.0,0.0,0.0,1.0,0.0,0.0,0.0,0.0,0.0,0.0,1.0,0.0,0.0,0.0,0.0,1.0,0.0,0.0,0.0,1
-0.9275465787730462,-1.3837714491773996,0.5227125266457847,1.999289203624915,-0.4055710362783542,0.990551286353234,0.7712551198496224,0.011317435775737643,0.8715178828223646,1.625515276100392,0.0,1.0,0.0,1.0,0.0,0.0,1.0,0.0,0.0,0.0,0.0,0.0,1.0,0.0,0.0,0.0,0.0,0.0,0.0,1.0,0.0,0.0,0
-0.3998318554051079,0.1469491804436178,1.0061732854394247,2.2481943623946683,-0.26330910221244425,1.0701159814170929,1.4948038607341476,0.6178209301885241,1.1971361204271433,1.7412055880771133,0.0,1.0,1.0,0.0,0.0,0.0,1.0,0.0,0.0,0.0,1.0,0.0,0.0,0.0,0.0,0.0,0.0,1.0,0.0,0.0,0.0,0.0,1
0.12788286796283044,0.1469491804436178,-0.41514463447442895,-0.2408572253028645,-0.3325660575137177,-0.4685994856484506,-0.14364535416138904,-0.33967631911690804,-0.17929283917557154,0.006404293079320729,0.0,1.0,0.0,1.0,0.0,0.0,1.0,0.0,0.0,0.0,0.0,0.0,0.0,1.0,0.0,0.0,0.0,0.0,0.0,1.0,0.0,0.0,0
0.12788286796283044,0.1469491804436178,-0.7252825845803197,-0.9046043153555399,-0.2945426310738029,-0.7278879061252654,-0.7336465313013877,-0.6171713817457092,-0.8737186993992764,-0.994401518288044,0.0,1.0,0.0,1.0,0.0,0.0,1.0,0.0,0.0,0.0,0.0,0.0,0.0,1.0,0.0,0.0,1.0,0.0,0.0,0.0,0.0,0.0,1
-1.0154990326677027,0.1469491804436178,-0.9971406505588548,-0.9875727016121243,-0.7613254566076146,-0.8816582865356584,-1.0406066031917924,-0.9114490029112574,-2.14028997010658,-1.168929155728989,0.0,1.0,0.0,1.0,0.0,0.0,1.0,0.0,0.0,0.0,0.0,0.0,1.0,0.0,0.0,0.0,0.0,0.0,0.0,1.0,0.0,0.0,1
-0.4877843092997643,1.677669810064635,-0.3325593289033746,0.7547634097761486,-0.5861279926873213,-0.23824271406979172,0.32277449533442065,-0.40576085758387503,-0.04370952390847706,0.9028425891112019,0.0,1.0,0.0,1.0,0.0,0.0,0.0,0.0,1.0,0.0,1.0,0.0,0.0,0.0,0.0,0.0,0.0,0.0,0.0,1.0,0.0,0.0,1
-0.8395941248783899,0.1469491804436178,-0.7490302904741422,-0.738667542842371,-0.4640184746345662,-0.6025632700126036,-0.8492548700653063,-0.747600489638295,-0.9461697372952685,-0.6884997270944972,0.0,1.0,0.0,1.0,0.0,0.0,0.0,0.0,1.0,0.0,0.0,0.0,1.0,0.0,0.0,0.0,0.0,0.0,0.0,1.0,0.0,0.0,1
0.7435500452254252,-1.3837714491773996,1.039490962365086,-0.2408572253028645,1.153606724480668,0.455059950495814,0.10750379556712387,1.3340881858993625,1.2168154597788199,0.006404293079320729,0.0,1.0,0.0,1.0,0.0,0.0,1.0,0.0,0.0,0.0,0.0,0.0,1.0,0.0,0.0,0.0,0.0,0.0,0.0,0.0,1.0,0.0,1
-1.0154990326677027,0.1469491804436178,1.033465425048743,0.7547634097761486,0.2512564958808603,1.7355866826896682,-0.036010004277740655,0.26706717102571964,1.2132786096905728,0.9028425891112019,0.0,1.0,0.0,0.0,1.0,0.0,0.0,1.0,0.0,0.0,0.0,1.0,0.0,0.0,0.0,1.0,0.0,0.0,0.0,0.0,0.0,0.0,1
1.9748843997506147,-1.3837714491773996,1.0178699167005612,2.2481943623946683,-0.25882776981059713,0.07036789887410427,4.078052257941709,2.048229765145894,1.204079095119927,1.7412055880771133,1.0,0.0,1.0,0.0,0.0,0.0,1.0,0.0,0.0,0.0,0.0,1.0,0.0,0.0,0.0,1.0,0.0,0.0,0.0,0.0,0.0,0.0,0
-0.048022039826482336,1.677669810064635,-0.6657360981599887,-0.8216359290989554,-0.26758056505277233,-0.6545166913709118,-0.7037478230003742,-0.5877719048401713,-0.7081614570089072,-0.8350702685971858,1.0,0.0,0.0,1.0,0.0,0.0,1.0,0.0,0.0,0.0,1.0,0.0,0.0,0.0,0.0,1.0,0.0,0.0,0.0,0.0,0.0,0.0,1
0.3037877757521432,0.1469491804436178,-0.34461040353606065,1.2525737273156552,-0.676768598762661,-0.44456639337099524,1.3273710942484724,-0.2371552860944188,-0.06262749637723641,1.226830001045095,0.0,1.0,0.0,1.0,0.0,0.0,0.0,0.0,1.0,0.0,1.0,0.0,0.0,0.0,0.0,0.0,0.0,0.0,0.0,1.0,0.0,0.0,1
-1.103451486562359,-2.9144920787984168,-0.6802682763935218,-1.2364778603818776,0.3757560578812673,-0.44638764778996476,-1.1960798863570623,-0.7391320688853296,-0.7466473313447879,-1.8220559825570277,1.0,0.0,0.0,0.0,1.0,0.0,0.0,0.0,1.0,0.0,0.0,1.0,0.0,0.0,0.0,1.0,0.0,0.0,0.0,0.0,0.0,0.0,1
0.3037877757521432,-1.3837714491773996,1.4024409748318656,-0.8216359290989554,3.1900821873145486,0.9411393094163495,-0.6160449453174015,1.4105096833016295,1.4137317998154288,-0.8350702685971858,0.0,1.0,0.0,1.0,0.0,0.0,1.0,0.0,0.0,0.0,1.0,0.0,0.0,0.0,0.0,1.0,0.0,0.0,0.0,0.0,0.0,0.0,1
-0.6636892170890771,0.1469491804436178,-0.4247146055062679,-0.738667542842371,0.033002028115749205,-0.2791496074870032,-0.8014169367836849,-0.508153321465378,-0.19596750915369765,-0.6884997270944972,1.0,0.0,0.0,1.0,0.0,0.0,0.0,1.0,0.0,0.0,1.0,0.0,0.0,0.0,0.0,0.0,0.0,0.0,0.0,1.0,0.0,0.0,1
-0.5757367631944207,-1.3837714491773996,-0.3325593289033746,0.2569530922366421,-0.459401344281148,-0.2088410250793429,-0.08384793755936217,-0.4257576446452802,-0.04370952390847706,0.5089404797217888,0.0,1.0,0.0,1.0,0.0,1.0,0.0,0.0,0.0,0.0,0.0,0.0,1.0,0.0,0.0,0.0,0.0,0.0,1.0,0.0,0.0,0.0,1
-0.4877843092997643,1.677669810064635,0.9547789965647342,0.5058582510063954,0.3470272467933316,1.0891559563056854,0.14338224552834,0.5281653825407324,1.1661780621459008,0.7164627794543732,0.0,1.0,0.0,1.0,0.0,0.0,1.0,0.0,0.0,0.0,0.0,0.0,1.0,0.0,0.0,1.0,0.0,0.0,0.0,0.0,0.0,0.0,1
-0.9275465787730462,0.1469491804436178,-0.7121681798329849,-0.738667542842371,-0.4075265267809784,-0.5374190773873483,-0.873173836706117,-0.735240709551477,-0.8353874717351941,-0.6884997270944972,0.0,1.0,0.0,1.0,0.0,0.0,1.0,0.0,0.0,0.0,1.0,0.0,0.0,0.0,0.0,0.0,0.0,0.0,0.0,1.0,0.0,0.0,1
-0.3998318554051079,0.1469491804436178,0.03783399436594634,-0.2408572253028645,0.13023336144067424,0.10385199264369788,-0.35891605392868586,-0.10809758237235369,0.43328266039908436,0.006404293079320729,0.0,1.0,0.0,1.0,0.0,1.0,0.0,0.0,0.0,0.0,1.0,0.0,0.0,0.0,0.0,1.0,0.0,0.0,0.0,0.0,0.0,0.0,1
1.8869319458559584,0.1469491804436178,-0.37083921303073025,1.2525737273156552,-0.6901673299843454,-0.6629033395897228,2.618995292852253,0.08138761761328046,-0.104787416720096,1.226830001045095,0.0,1.0,1.0,0.0,0.0,0.0,1.0,0.0,0.0,0.0,0.0,0.0,1.0,0.0,0.0,1.0,0.0,0.0,0.0,0.0,0.0,0.0,0
-0.8395941248783899,-1.3837714491773996,-0.8819465548052382,-1.2364778603818776,-0.2423962176704911,-0.7607007132704412,-1.1602014363958462,-0.831170431279401,-1.4501155377021413,-1.8220559825570277,0.0,1.0,0.0,1.0,0.0,1.0,0.0,0.0,0.0,0.0,1.0,0.0,0.0,0.0,0.0,1.0,0.0,0.0,0.0,0.0,0.0,0.0,1
1.4471696763826765,1.677669810064635,1.1330640124541778,-0.738667542842371,2.4203300167361164,0.27288561586278515,-0.2273617374042267,1.877164237425566,1.2705306299938925,-0.6884997270944972,0.0,1.0,0.0,1.0,0.0,1.0,0.0,0.0,0.0,0.0,0.0,0.0,1.0,0.0,0.0,0.0,0.0,0.0,0.0,1.0,0.0,0.0,0
-0.3998318554051079,0.1469491804436178,2.231129577514806,1.2525737273156552,0.6390230199938205,2.2924470008903186,0.7533158948690143,1.5361131627691955,1.774984775946422,1.226830001045095,1.0,0.0,0.0,1.0,0.0,0.0,1.0,0.0,0.0,0.0,1.0,0.0,0.0,0.0,0.0,0.0,0.0,0.0,0.0,1.0,0.0,0.0,1
-1.103451486562359,1.677669810064635,-0.46441226311982187,-0.2408572253028645,-0.3829018315627479,-0.15607480413261982,-0.6459436536184149,-0.6190742050323066,-0.26753607104701943,0.006404293079320729,1.0,0.0,0.0,1.0,0.0,0.0,1.0,0.0,0.0,0.0,0.0,0.0,0.0,1.0,0.0,1.0,0.0,0.0,0.0,0.0,0.0,0.0,1
-1.103451486562359,-1.3837714491773996,1.0483520466538259,1.2525737273156552,0.034812667470030825,1.878498622352681,0.17926069548955614,0.22231653868641552,1.2219991460895856,1.226830001045095,1.0,0.0,0.0,0.0,1.0,0.0,1.0,0.0,0.0,0.0,0.0,1.0,0.0,0.0,0.0,0.0,0.0,0.0,1.0,0.0,0.0,0.0,0
-0.7516416709837335,0.1469491804436178,-0.6664449849030879,-0.9875727016121243,-0.08559484958969954,-0.5260325567322675,-0.9867889282499681,-0.6837530542244898,-0.7100123992487003,-1.168929155728989,0.0,1.0,0.0,1.0,0.0,0.0,1.0,0.0,0.0,0.0,0.0,0.0,1.0,0.0,1.0,0.0,0.0,0.0,0.0,0.0,0.0,0.0,1
1.2712647685933636,0.1469491804436178,-0.6146962526568478,-0.4897623840726178,-0.42512594130459613,-0.7538523077277551,0.023787412324286234,-0.34696190377279934,-0.5814277937067591,-0.3082800291683669,0.0,1.0,0.0,1.0,0.0,1.0,0.0,0.0,0.0,0.0,0.0,0.0,1.0,0.0,0.0,0.0,0.0,0.0,0.0,1.0,0.0,0.0,1
2.238741761434584,1.677669810064635,-0.4672478100922186,1.2525737273156552,-0.7394167204208065,-0.7398576797656377,2.906022892541982,0.015457362115497053,-0.2728034166731871,1.226830001045095,0.0,1.0,1.0,0.0,0.0,0.0,1.0,0.0,0.0,0.0,0.0,0.0,1.0,0.0,1.0,0.0,0.0,0.0,0.0,0.0,0.0,0.0,0
-0.9275465787730462,0.1469491804436178,3.9519521463880625,2.2481943623946683,0.8653076732951708,5.233695163847532,0.9207486613546896,2.084494834180101,2.3041099824154574,1.7412055880771133,0.0,1.0,0.0,1.0,0.0,0.0,1.0,0.0,0.0,0.0,0.0,0.0,1.0,0.0,1.0,0.0,0.0,0.0,0.0,0.0,0.0,0.0,0
-0.8395941248783899,0.1469491804436178,-0.03199134982932277,0.2569530922366421,-0.229088018416521,0.250535523882344,-0.2273617374042267,-0.29676851113174113,0.3558417123287623,0.5089404797217888,1.0,0.0,0.0,1.0,0.0,0.0,1.0,0.0,0.0,0.0,1.0,0.0,0.0,0.0,0.0,0.0,0.0,0.0,0.0,1.0,0.0,0.0,1
1.0953598608040507,0.1469491804436178,0.6800853836138023,0.5058582510063954,0.15992784685089353,0.09461200483011625,1.1121003944811756,1.1296118240747237,0.9867880947794148,0.7164627794543732,0.0,1.0,0.0,1.0,0.0,1.0,0.0,0.0,0.0,0.0,1.0,0.0,0.0,0.0,0.0,0.0,0.0,0.0,0.0,0.0,1.0,0.0,1
-0.5757367631944207,0.1469491804436178,-0.3899791550944081,-0.738667542842371,0.08623482513162992,-0.2700892927576889,-0.777497970142874,-0.46602549960219475,-0.13644693254114176,-0.6884997270944972,1.0,0.0,0.0,1.0,0.0,0.0,1.0,0.0,0.0,0.0,1.0,0.0,0.0,0.0,0.0,0.0,0.0,0.0,0.0,1.0,0.0,0.0,1
-1.1914039404570154,0.1469491804436178,-0.8025512395781302,-0.738667542842371,-0.5460404373835253,-0.5890305385047208,-0.9449307366285493,-0.815776419465306,-1.1261257395331183,-0.6884997270944972,0.0,1.0,0.0,1.0,0.0,0.0,0.0,0.0,0.0,1.0,0.0,0.0,1.0,0.0,0.0,1.0,0.0,0.0,0.0,0.0,0.0,0.0,1
0.12788286796283044,0.1469491804436178,-0.5147432218798635,1.2525737273156552,-0.7636792877681807,-0.5518681098244335,1.1838572944036079,-0.42879187637255733,-0.3643894844479826,1.226830001045095,0.0,1.0,1.0,0.0,0.0,0.0,1.0,0.0,0.0,0.0,1.0,0.0,0.0,0.0,0.0,0.0,0.0,1.0,0.0,0.0,0.0,0.0,0
-0.9275465787730462,0.1469491804436178,-0.31093828323884964,1.2525737273156552,-0.6595675248969853,-0.040960279524449555,0.32277449533442065,-0.4926735968906254,-0.010449043479444716,1.226830001045095,1.0,0.0,0.0,1.0,0.0,1.0,0.0,0.0,0.0,0.0,1.0,0.0,0.0,0.0,0.0,0.0,0.0,0.0,0.0,1.0,0.0,0.0,1
-0.4877843092997643,0.1469491804436178,1.723212226084244,1.2525737273156552,0.3795584005252587,1.8815018586663779,0.681558994946582,1.0856411778574033,1.5657934033507068,1.226830001045095,1.0,0.0,0.0,1.0,0.0,0.0,1.0,0.0,0.0,0.0,1.0,0.0,0.0,0.0,0.0,1.0,0.0,0.0,0.0,0.0,0.0,0.0,1
0.919454953014738,-1.3837714491773996,-0.9007320534973665,-1.1535094741252931,-0.4132688401617002,-0.9168946702691099,-0.8293223978646307,-0.7178410191379954,-1.5403524879116908,-1.5775394101740676,0.0,1.0,0.0,0.0,1.0,1.0,0.0,0.0,0.0,0.0,1.0,0.0,0.0,0.0,0.0,0.0,0.0,0.0,0.0,1.0,0.0,0.0,1
1.35921722248802,1.677669810064635,-0.7469036302448446,-1.0705410878687087,-0.14462169253928153,-0.8406500434069134,-0.6579031369388203,-0.4968392370585821,-0.9395130217381317,-1.3618605080260047,0.0,1.0,1.0,0.0,0.0,0.0,1.0,0.0,0.0,0.0,0.0,1.0,0.0,0.0,0.0,0.0,0.0,0.0,0.0,0.0,0.0,1.0,1
0.479692683541456,-1.3837714491773996,0.9508801194776887,1.7503840448551617,-0.16898772499261475,0.501323509505489,1.9612237102299575,1.086704016089557,1.163798900069071,1.5020198905350652,1.0,0.0,0.0,1.0,0.0,0.0,1.0,0.0,0.0,0.0,0.0,0.0,1.0,0.0,1.0,0.0,0.0,0.0,0.0,0.0,0.0,0.0,1
0.3917402296467996,1.677669810064635,-0.45874116917502844,1.2525737273156552,-0.7350711859705306,-0.5489863042368482,1.3991279941709047,-0.32784795814616685,-0.2570655075118694,1.226830001045095,0.0,1.0,0.0,1.0,0.0,1.0,0.0,0.0,0.0,0.0,0.0,1.0,0.0,0.0,0.0,0.0,0.0,1.0,0.0,0.0,0.0,0.0,0
2.678504030907866,1.677669810064635,-0.6185951297438933,-0.738667542842371,-0.26412388992187097,-0.8373861918151105,0.10750379556712387,-0.14239982918750307,-0.5906813352529475,-0.6884997270944972,0.0,1.0,1.0,0.0,0.0,0.0,1.0,0.0,0.0,0.0,0.0,1.0,0.0,0.0,0.0,1.0,0.0,0.0,0.0,0.0,0.0,0.0,1
-0.13597449372113873,0.1469491804436178,0.24589225346555532,1.7503840448551617,-0.47767586862114786,0.18772705230134892,1.3752090275300939,0.14982925699832994,0.6397813890643896,1.5020198905350652,0.0,1.0,0.0,1.0,0.0,0.0,1.0,0.0,0.0,0.0,0.0,1.0,0.0,0.0,0.0,0.0,0.0,0.0,0.0,1.0,0.0,0.0,0
1.35921722248802,0.1469491804436178,0.5315736109345244,-0.8216359290989554,1.7341306221789003,-0.06520190204186652,-0.35293631226848315,1.0799069941694137,0.878289518564835,-0.8350702685971858,0.0,1.0,0.0,1.0,0.0,0.0,1.0,0.0,0.0,0.0,0.0,0.0,1.0,0.0,0.0,0.0,0.0,0.0,0.0,1.0,0.0,0.0,1
0.3037877757521432,-1.3837714491773996,2.185051939213359,2.746004679934175,0.045978276821434384,1.561881486684448,2.7266306427359015,2.1485994078758788,1.7573467891490062,1.952727498168435,0.0,1.0,0.0,1.0,0.0,1.0,0.0,0.0,0.0,0.0,1.0,0.0,0.0,0.0,0.0,1.0,0.0,0.0,0.0,0.0,0.0,0.0,1
-1.1914039404570154,0.1469491804436178,0.19875128504945994,0.7547634097761486,-0.26043018563913645,0.8188719108635422,-0.15560483748179443,-0.2830716119786655,0.5958071093256928,0.9028425891112019,0.0,1.0,0.0,1.0,0.0,0.0,1.0,0.0,0.0,0.0,0.0,0.0,1.0,0.0,0.0,0.0,0.0,0.0,1.0,0.0,0.0,0.0,1
0.7435500452254252,0.1469491804436178,0.9469812423906432,0.2569530922366421,0.5210598660623704,0.39002233292322697,0.6337210616649604,1.2356556515602382,1.161415339169188,0.5089404797217888,1.0,0.0,0.0,1.0,0.0,1.0,0.0,0.0,0.0,0.0,1.0,0.0,0.0,0.0,0.0,0.0,0.0,0.0,0.0,1.0,0.0,0.0,0
1.0074074069093943,0.1469491804436178,-0.7295359050389147,-0.4897623840726178,-0.5659212574935379,-0.8079221239862425,-0.0659087125787541,-0.5170074496413023,-0.8863992709652095,-0.3082800291683669,0.0,1.0,0.0,1.0,0.0,0.0,0.0,0.0,1.0,0.0,1.0,0.0,0.0,0.0,0.0,0.0,0.0,0.0,0.0,1.0,0.0,0.0,1
-1.0154990326677027,-1.3837714491773996,-0.6037085081388105,-0.2408572253028645,-0.5252180848092862,-0.3745642184888592,-0.6100652036571987,-0.6831102085195583,-0.5557014089353304,0.006404293079320729,1.0,0.0,0.0,0.0,1.0,0.0,0.0,1.0,0.0,0.0,1.0,0.0,0.0,0.0,1.0,0.0,0.0,0.0,0.0,0.0,0.0,0.0,1
1.9748843997506147,-1.3837714491773996,-0.5374275976590372,0.2569530922366421,-0.6163837762973677,-0.7591302448684323,1.3034521276076616,-0.13319427869288278,-0.41053959519921723,0.5089404797217888,1.0,0.0,0.0,1.0,0.0,0.0,1.0,0.0,0.0,0.0,0.0,1.0,0.0,0.0,0.0,0.0,0.0,0.0,0.0,0.0,0.0,1.0,1
1.4471696763826765,-1.3837714491773996,-0.3389393095912672,-0.9046043153555399,0.4159522515463201,-0.6027741199369474,-0.43465944829125325,0.026145743369492883,-0.053690330265747134,-0.994401518288044,0.0,1.0,0.0,1.0,0.0,0.0,1.0,0.0,0.0,0.0,0.0,1.0,0.0,0.0,0.0,0.0,0.0,0.0,0.0,1.0,0.0,0.0,1
-0.5757367631944207,1.677669810064635,-0.6590016741005464,-0.738667542842371,-0.32604775583830375,-0.5570487691025318,-0.777497970142874,-0.6546878570855165,-0.6907087929430263,-0.6884997270944972,1.0,0.0,0.0,1.0,0.0,0.0,1.0,0.0,0.0,0.0,1.0,0.0,0.0,0.0,1.0,0.0,0.0,0.0,0.0,0.0,0.0,0.0,1
-0.7516416709837335,0.1469491804436178,-0.7004715485718485,-0.2408572253028645,-0.6240789935530648,-0.5650163649664959,-0.5024298537735504,-0.7059698017869255,-0.8021359413640965,0.006404293079320729,1.0,0.0,0.0,1.0,0.0,0.0,1.0,0.0,0.0,0.0,0.0,0.0,1.0,0.0,0.0,0.0,0.0,0.0,1.0,0.0,0.0,0.0,1
1.0074074069093943,0.1469491804436178,3.310764087254855,1.2525737273156552,1.1905437673080137,1.851245343139905,1.9014262936279305,4.075079416414854,2.1313251842461947,1.226830001045095,0.0,1.0,1.0,0.0,0.0,0.0,0.0,1.0,0.0,0.0,0.0,0.0,1.0,0.0,0.0,0.0,0.0,1.0,0.0,0.0,0.0,0.0,0
-0.4877843092997643,1.677669810064635,-0.36233257211354014,-0.2408572253028645,-0.2786090047561243,-0.26894246305424657,-0.394794503889902,-0.4273604732695763,-0.09096228638711365,0.006404293079320729,0.0,1.0,0.0,1.0,0.0,0.0,0.0,1.0,0.0,0.0,0.0,1.0,0.0,0.0,0.0,1.0,0.0,0.0,0.0,0.0,0.0,0.0,1
-0.6636892170890771,0.1469491804436178,-0.7667524590516217,-0.738667542842371,-0.49117806494879107,-0.6570227933288265,-0.8014169367836849,-0.7397492007620639,-1.0030211466998868,-0.6884997270944972,0.0,1.0,0.0,1.0,0.0,0.0,1.0,0.0,0.0,0.0,0.0,1.0,0.0,0.0,0.0,0.0,0.0,0.0,0.0,0.0,1.0,0.0,0
1.798979491961302,0.1469491804436178,-0.9404297111109204,-0.738667542842371,-0.7573420500281949,-0.9698939596372377,-0.13168587084098368,-0.7090297473423998,-1.7547538508962213,-0.6884997270944972,0.0,1.0,0.0,1.0,0.0,0.0,1.0,0.0,0.0,0.0,1.0,0.0,0.0,0.0,0.0,0.0,0.0,0.0,0.0,1.0,0.0,0.0,1
1.6230745841719891,0.1469491804436178,-0.6600650042151952,-0.738667542842371,-0.3276773312571572,-0.8048073937405777,-0.17952380412260519,-0.3535103586870358,-0.6934488174570798,-0.6884997270944972,0.0,1.0,0.0,1.0,0.0,0.0,1.0,0.0,0.0,0.0,0.0,1.0,0.0,0.0,0.0,1.0,0.0,0.0,0.0,0.0,0.0,0.0,1
-0.22392694761579512,-1.3837714491773996,-0.8769843476035439,-0.738667542842371,-0.6601107167032698,-0.8260897473836011,-0.681822103579631,-0.7802313376206222,-1.4272975783380952,-0.6884997270944972,1.0,0.0,0.0,1.0,0.0,1.0,0.0,0.0,0.0,0.0,1.0,0.0,0.0,0.0,0.0,0.0,0.0,0.0,0.0,1.0,0.0,0.0,0
-1.3673088482463283,0.1469491804436178,0.12254596016629822,0.2569530922366421,-0.11067220464650036,0.891983163721002,-0.5143893370939557,-0.385618358829352,0.5213873291850669,0.5089404797217888,0.0,1.0,0.0,0.0,1.0,1.0,0.0,0.0,0.0,0.0,0.0,0.0,0.0,1.0,0.0,0.0,0.0,0.0,1.0,0.0,0.0,0.0,1
1.6230745841719891,0.1469491804436178,-0.6923193510262079,-0.738667542842371,-0.37710778562904657,-0.823284094518259,-0.17952380412260519,-0.39562960927415325,-0.7794576019762053,-0.6884997270944972,0.0,1.0,0.0,1.0,0.0,0.0,0.0,0.0,0.0,1.0,0.0,0.0,1.0,0.0,0.0,1.0,0.0,0.0,0.0,0.0,0.0,0.0,1
1.9748843997506147,0.1469491804436178,4.492123844629637,2.746004679934175,0.8316750472893889,1.9233170340072727,4.771702290525222,6.921137348944365,2.4336123384317143,1.952727498168435,0.0,1.0,0.0,0.0,1.0,0.0,1.0,0.0,0.0,0.0,0.0,0.0,1.0,0.0,1.0,0.0,0.0,0.0,0.0,0.0,0.0,0.0,0
2.238741761434584,0.1469491804436178,-0.4463356511707928,-0.738667542842371,-0.00013267206760521265,-0.7292529655379865,-0.012091037636929898,0.04630538467614741,-0.2344533834895784,-0.6884997270944972,1.0,0.0,0.0,1.0,0.0,1.0,0.0,0.0,0.0,0.0,1.0,0.0,0.0,0.0,0.0,0.0,0.0,1.0,0.0,0.0,0.0,0.0,1
-0.13597449372113873,0.1469491804436178,-0.23012519452554325,-0.2408572253028645,-0.1435353089267126,-0.24535869230078222,-0.25128070404503744,-0.24155235071615083,0.106783241114481,0.006404293079320729,0.0,1.0,0.0,1.0,0.0,0.0,0.0,1.0,0.0,0.0,0.0,0.0,1.0,0.0,1.0,0.0,0.0,0.0,0.0,0.0,0.0,0.0,1
0.03993041406817406,0.1469491804436178,-0.33114155541717627,1.2525737273156552,-0.6698881692163907,-0.3791326335163077,1.1121003944811756,-0.2845458714619753,-0.04150202157362147,1.226830001045095,0.0,1.0,0.0,1.0,0.0,0.0,1.0,0.0,0.0,0.0,0.0,0.0,1.0,0.0,0.0,0.0,0.0,0.0,0.0,1.0,0.0,0.0,1
0.03993041406817406,1.677669810064635,1.3418311582968858,-0.07492045278969563,1.2069481598578058,1.0583952951208644,-0.036010004277740655,1.1718853576310249,1.3828701091778344,0.1896725400255543,0.0,1.0,0.0,0.0,1.0,1.0,0.0,0.0,0.0,0.0,0.0,0.0,1.0,0.0,0.0,1.0,0.0,0.0,0.0,0.0,0.0,0.0,1
0.479692683541456,-1.3837714491773996,-0.6387984019222199,0.2569530922366421,-0.6940602045960509,-0.6980525723349298,0.49020726182009594,-0.4894250832617045,-0.639725167015142,0.5089404797217888,0.0,1.0,0.0,0.0,1.0,0.0,0.0,1.0,0.0,0.0,1.0,0.0,0.0,0.0,0.0,1.0,0.0,0.0,0.0,0.0,0.0,0.0,1
-1.0154990326677027,0.1469491804436178,-0.3361037626188705,1.2525737273156552,-0.6724230643123852,-0.02964888391648672,0.2510175954119884,-0.5277986862080872,-0.04924487396923201,1.226830001045095,0.0,1.0,0.0,0.0,1.0,0.0,1.0,0.0,0.0,0.0,0.0,0.0,1.0,0.0,0.0,0.0,0.0,0.0,0.0,1.0,0.0,0.0,1
-1.0154990326677027,0.1469491804436178,-0.8291344924443494,-1.2364778603818776,-0.08052505939771075,-0.6651154142345926,-1.184120403036657,-0.8139421663872346,-1.2258029592839519,-1.8220559825570277,1.0,0.0,0.0,1.0,0.0,0.0,1.0,0.0,0.0,0.0,1.0,0.0,0.0,0.0,0.0,0.0,0.0,0.0,0.0,1.0,0.0,0.0,1
-0.048022039826482336,0.1469491804436178,-0.4792988847249046,-0.9875727016121243,0.296812182034587,-0.48974048763802147,-0.8432751284051037,-0.4299747124696314,-0.2954328854968624,-1.168929155728989,0.0,1.0,0.0,0.0,1.0,0.0,1.0,0.0,0.0,0.0,0.0,0.0,1.0,0.0,0.0,0.0,0.0,0.0,1.0,0.0,0.0,0.0,1
-0.8395941248783899,0.1469491804436178,-0.2928616712898206,-0.738667542842371,0.23506938005358236,-0.05983556475170516,-0.8492548700653063,-0.46078844992601875,0.016715040811987717,-0.6884997270944972,0.0,1.0,0.0,0.0,1.0,1.0,0.0,0.0,0.0,0.0,1.0,0.0,0.0,0.0,0.0,1.0,0.0,0.0,0.0,0.0,0.0,0.0,1
0.3037877757521432,1.677669810064635,3.071869254830432,0.2569530922366421,2.1492773054001524,2.265276834295309,0.39453139525685293,2.9849673838200688,2.060526357448989,0.5089404797217888,0.0,1.0,0.0,1.0,0.0,0.0,1.0,0.0,0.0,0.0,0.0,0.0,1.0,0.0,0.0,0.0,0.0,0.0,0.0,0.0,0.0,1.0,0
0.3037877757521432,1.677669810064635,1.1295195787386818,-0.2408572253028645,1.245587203678176,0.7246667204233984,-0.07188845423895679,1.1531142630470226,1.2685362282215005,0.006404293079320729,0.0,1.0,0.0,1.0,0.0,0.0,1.0,0.0,0.0,0.0,1.0,0.0,0.0,0.0,0.0,1.0,0.0,0.0,0.0,0.0,0.0,0.0,0
-0.3118794015104515,0.1469491804436178,0.9948310975498378,-0.738667542842371,2.2084852122851624,0.9916202954696569,-0.7057410702204417,0.6614144402589515,1.1903676399814531,-0.6884997270944972,0.0,1.0,0.0,1.0,0.0,0.0,1.0,0.0,0.0,0.0,0.0,0.0,1.0,0.0,0.0,1.0,0.0,0.0,0.0,0.0,0.0,0.0,1
-0.4877843092997643,0.1469491804436178,1.5771815570058132,0.2569530922366421,1.0039573818492886,1.7309268993616704,-0.036010004277740655,0.9797002056846781,1.498782533523714,0.5089404797217888,1.0,0.0,0.0,1.0,0.0,1.0,0.0,0.0,0.0,0.0,0.0,1.0,0.0,0.0,0.0,0.0,0.0,0.0,1.0,0.0,0.0,0.0,1
-0.048022039826482336,0.1469491804436178,-0.6597105608436457,-0.5727307703292022,-0.43654848900246446,-0.6491912247103432,-0.4944568648932801,-0.5826719955810473,-0.6925348287278649,-0.42646001415210794,0.0,1.0,0.0,1.0,0.0,0.0,0.0,0.0,1.0,0.0,0.0,0.0,1.0,0.0,1.0,0.0,0.0,0.0,0.0,0.0,0.0,0.0,1
-0.3998318554051079,0.1469491804436178,-0.6458872693532116,-1.2364778603818776,0.4811352683004598,-0.5784039496490837,-1.1004040197938192,-0.6206513198284055,-0.6573854575488348,-1.8220559825570277,0.0,1.0,0.0,1.0,0.0,0.0,0.0,1.0,0.0,0.0,0.0,0.0,1.0,0.0,1.0,0.0,0.0,0.0,0.0,0.0,0.0,0.0,1
-1.103451486562359,0.1469491804436178,-1.0205339130811277,-0.4897623840726178,-0.922689635861196,-0.9040236574961242,-0.7834777118030768,-0.9283858444171883,-2.3404232072616464,-0.3082800291683669,1.0,0.0,0.0,0.0,1.0,0.0,1.0,0.0,0.0,0.0,0.0,0.0,0.0,1.0,0.0,0.0,0.0,1.0,0.0,0.0,0.0,0.0,1
-0.6636892170890771,-1.3837714491773996,1.0593397911718632,-0.2408572253028645,1.1738858852486225,1.3603892827924933,-0.46655140381233423,0.4967087993794135,1.228398104468661,0.006404293079320729,0.0,1.0,0.0,0.0,1.0,0.0,1.0,0.0,0.0,0.0,0.0,0.0,1.0,0.0,0.0,1.0,0.0,0.0,0.0,0.0,0.0,0.0,1
-0.9275465787730462,0.1469491804436178,1.6246769687934581,1.2525737273156552,0.3292226264762287,2.354058709105665,0.32277449533442065,0.6775198679865041,1.5209618275823154,1.226830001045095,1.0,0.0,0.0,1.0,0.0,0.0,1.0,0.0,0.0,0.0,1.0,0.0,0.0,0.0,0.0,1.0,0.0,0.0,0.0,0.0,0.0,0.0,0
-0.048022039826482336,0.1469491804436178,-0.5640108505252565,-0.738667542842371,-0.18047235175405837,-0.5646102836307226,-0.6339841702980096,-0.5016734367596676,-0.46681188487748376,-0.6884997270944972,0.0,1.0,0.0,1.0,0.0,0.0,0.0,0.0,1.0,0.0,0.0,1.0,0.0,0.0,0.0,0.0,0.0,0.0,0.0,1.0,0.0,0.0,1
1.0074074069093943,0.1469491804436178,0.10872266867586422,2.2481943623946683,-0.6071495155905313,-0.2562131091820195,3.025617725746036,0.43573274144763613,0.5074152427500059,1.7412055880771133,0.0,1.0,0.0,1.0,0.0,1.0,0.0,0.0,0.0,0.0,1.0,0.0,0.0,0.0,0.0,0.0,0.0,0.0,0.0,1.0,0.0,0.0,1
-0.4877843092997643,1.677669810064635,1.3833010327681878,1.7503840448551617,0.020353418912267246,1.5310130577605179,1.0403434945587433,0.8390455654456471,1.404065581713841,1.5020198905350652,1.0,0.0,0.0,1.0,0.0,1.0,0.0,0.0,0.0,0.0,0.0,1.0,0.0,0.0,0.0,0.0,0.0,0.0,0.0,1.0,0.0,0.0,0
-0.7516416709837335,0.1469491804436178,-0.4038024465848421,-0.9046043153555399,0.2966673308862443,-0.22512628692431697,-0.932971253308144,-0.5122675339769401,-0.15980555572200697,-0.994401518288044,1.0,0.0,0.0,0.0,1.0,1.0,0.0,0.0,0.0,0.0,0.0,1.0,0.0,0.0,0.0,0.0,0.0,0.0,1.0,0.0,0.0,0.0,1
-1.103451486562359,0.1469491804436178,0.3578963588752256,1.003668568545902,-0.24743308714694742,0.9498788859905989,0.0417266373048943,-0.1617109141636479,0.738612792968035,1.0719923835837397,1.0,0.0,0.0,1.0,0.0,0.0,0.0,0.0,1.0,0.0,0.0,1.0,0.0,0.0,0.0,0.0,0.0,0.0,1.0,0.0,0.0,0.0,0
0.03993041406817406,1.677669810064635,-0.3208626976422382,-0.738667542842371,0.19215722735710697,-0.37030036446324033,-0.6100652036571987,-0.2755974592493276,-0.02560968411914577,-0.6884997270944972,0.0,1.0,0.0,1.0,0.0,0.0,0.0,0.0,1.0,0.0,0.0,0.0,1.0,0.0,0.0,1.0,0.0,0.0,0.0,0.0,0.0,0.0,1
-0.9275465787730462,0.1469491804436178,-0.5090721279350702,0.008047933466888799,-0.523459178007984,-0.2861197035574534,-0.42469321219091544,-0.6124571799095442,-0.35310555202750254,0.2748578627176566,1.0,0.0,0.0,1.0,0.0,0.0,1.0,0.0,0.0,0.0,0.0,1.0,0.0,0.0,0.0,0.0,0.0,0.0,0.0,1.0,0.0,0.0,0
0.479692683541456,1.677669810064635,0.21151124642524516,0.2569530922366421,-0.042501632957796034,-0.0565133927730201,0.49020726182009594,0.3536370592898398,0.6078587467534224,0.5089404797217888,1.0,0.0,0.0,0.0,1.0,0.0,1.0,0.0,0.0,0.0,1.0,0.0,0.0,0.0,0.0,1.0,0.0,0.0,0.0,0.0,0.0,0.0,1
-1.0154990326677027,-1.3837714491773996,-0.5328198338288926,-0.738667542842371,-0.1326714728010225,-0.2831959179398863,-0.8970928033469279,-0.6419680834039369,-0.4010306989650134,-0.6884997270944972,0.0,1.0,0.0,0.0,1.0,0.0,1.0,0.0,0.0,0.0,1.0,0.0,0.0,0.0,0.0,0.0,0.0,0.0,1.0,0.0,0.0,0.0,1
2.4146466692238966,0.1469491804436178,-0.8826554415483374,-0.9046043153555399,-0.5839552254621833,-0.9549704705475722,-0.21540225408382133,-0.5839319731627133,-1.4534084668195868,-0.994401518288044,0.0,1.0,1.0,0.0,0.0,0.0,1.0,0.0,0.0,0.0,0.0,0.0,0.0,1.0,0.0,1.0,0.0,0.0,0.0,0.0,0.0,0.0,1
-0.7516416709837335,0.1469491804436178,-0.4775266678671567,-0.2408572253028645,-0.39630056278443215,-0.30959120476514523,-0.5024298537735504,-0.5604038203622173,-0.29208000701771175,0.006404293079320729,1.0,0.0,0.0,0.0,1.0,1.0,0.0,0.0,0.0,0.0,0.0,0.0,1.0,0.0,0.0,0.0,0.0,0.0,1.0,0.0,0.0,0.0,0
-0.4877843092997643,0.1469491804436178,-0.40770132367188755,-0.738667542842371,0.0590752348174051,-0.3157230329353206,-0.7535790035020633,-0.4602741733620735,-0.1664711365097233,-0.6884997270944972,0.0,1.0,0.0,1.0,0.0,0.0,1.0,0.0,0.0,0.0,0.0,1.0,0.0,0.0,0.0,1.0,0.0,0.0,0.0,0.0,0.0,0.0,1
0.3917402296467996,-1.3837714491773996,-0.9110109112723046,-0.738667542842371,-0.7122571301065816,-0.8987441587383161,-0.5143893370939557,-0.7653258885422752,-1.5925386085956157,-0.6884997270944972,0.0,1.0,0.0,1.0,0.0,0.0,1.0,0.0,0.0,0.0,0.0,1.0,0.0,0.0,0.0,0.0,0.0,0.0,0.0,1.0,0.0,0.0,1
-0.4877843092997643,0.1469491804436178,-0.9329864003083791,-0.738667542842371,-0.7459350220962204,-0.8573543185896315,-0.7535790035020633,-0.8413531072455174,-1.711743027761112,-0.6884997270944972,0.0,1.0,0.0,1.0,0.0,0.0,1.0,0.0,0.0,0.0,0.0,0.0,1.0,0.0,0.0,0.0,0.0,0.0,0.0,0.0,1.0,0.0,0
-0.13597449372113873,1.677669810064635,-0.5002110436463304,-0.738667542842371,-0.0826978266228488,-0.4910856747183727,-0.6579031369388203,-0.4636169710277177,-0.3356697838424183,-0.6884997270944972,0.0,1.0,0.0,1.0,0.0,0.0,1.0,0.0,0.0,0.0,0.0,0.0,1.0,0.0,0.0,1.0,0.0,0.0,0.0,0.0,0.0,0.0,1
-0.5757367631944207,0.1469491804436178,0.08072164232344667,-0.738667542842371,0.8075935438774428,0.2319952719141839,-0.777497970142874,-0.13592851575785847,0.47864012448340215,-0.6884997270944972,1.0,0.0,0.0,1.0,0.0,0.0,1.0,0.0,0.0,0.0,0.0,1.0,0.0,0.0,0.0,1.0,0.0,0.0,0.0,0.0,0.0,0.0,0
-1.0154990326677027,0.1469491804436178,1.8486851796127988,2.2481943623946683,0.05948262867211847,2.786322139002855,0.8250727947914466,0.7402016098553665,1.6207132815693541,1.7412055880771133,1.0,0.0,0.0,1.0,0.0,1.0,0.0,0.0,0.0,0.0,0.0,0.0,1.0,0.0,0.0,1.0,0.0,0.0,0.0,0.0,0.0,0.0,1
-0.5757367631944207,0.1469491804436178,1.2815757851334557,1.2525737273156552,0.15395273698176395,1.5129158329897143,0.6098020950241497,0.7062165002546501,1.3514386400139766,1.226830001045095,0.0,1.0,0.0,1.0,0.0,0.0,1.0,0.0,0.0,0.0,0.0,1.0,0.0,0.0,0.0,0.0,0.0,1.0,0.0,0.0,0.0,0.0,0
-0.7516416709837335,-1.3837714491773996,-0.19964306457227857,-0.4897623840726178,0.08373614282272128,0.008776562481053397,-0.663882878599023,-0.37896704860232655,0.14837333329636523,-0.3082800291683669,0.0,1.0,0.0,1.0,0.0,0.0,1.0,0.0,0.0,0.0,1.0,0.0,0.0,0.0,0.0,0.0,0.0,0.0,1.0,0.0,0.0,0.0,1
1.0074074069093943,0.1469491804436178,-0.4562600655741813,-0.2408572253028645,-0.3745728905330522,-0.6280626523523922,0.21513914545077228,-0.2064101188465575,-0.2525112421951799,0.006404293079320729,0.0,1.0,1.0,0.0,0.0,0.0,1.0,0.0,0.0,0.0,1.0,0.0,0.0,0.0,0.0,0.0,0.0,0.0,1.0,0.0,0.0,0.0,1
-1.279356394351672,0.1469491804436178,2.4359978462704683,3.2438149974736814,0.008992950277974386,4.205337109600224,1.0403434945587433,0.8202230432052503,1.8506098077834707,2.1423264487912967,1.0,0.0,0.0,1.0,0.0,0.0,0.0,1.0,0.0,0.0,1.0,0.0,0.0,0.0,0.0,0.0,0.0,0.0,0.0,1.0,0.0,0.0,1
0.21583532185748686,0.1469491804436178,-0.7199659340070759,-0.738667542842371,-0.4194767465192374,-0.7331126652747231,-0.5622272703755773,-0.6017859412076798,-0.8580413957625459,-0.6884997270944972,1.0,0.0,0.0,1.0,0.0,1.0,0.0,0.0,0.0,0.0,1.0,0.0,0.0,0.0,0.0,0.0,0.0,0.0,0.0,1.0,0.0,0.0,1
-0.7516416709837335,0.1469491804436178,1.893345044428047,0.5058582510063954,0.9863036481450427,2.4066868502218735,-0.018070779297132588,0.9875943509412379,1.6397098610674077,0.7164627794543732,0.0,1.0,0.0,1.0,0.0,0.0,0.0,0.0,0.0,1.0,1.0,0.0,0.0,0.0,0.0,1.0,0.0,0.0,0.0,0.0,0.0,0.0,1
2.678504030907866,-1.3837714491773996,-0.8879720921215812,-0.738667542842371,-0.6769496626980892,-0.9636405707555094,0.10750379556712387,-0.5723350366457475,-1.4783772469575664,-0.6884997270944972,0.0,1.0,0.0,1.0,0.0,0.0,0.0,0.0,1.0,0.0,0.0,0.0,1.0,0.0,0.0,0.0,0.0,0.0,0.0,1.0,0.0,0.0,0
-0.048022039826482336,0.1469491804436178,-0.1925541971412868,-0.4897623840726178,0.0924272117232733,-0.23631092714389923,-0.42469321219091544,-0.1872790306677935,0.1578561347767364,-0.3082800291683669,0.0,1.0,0.0,1.0,0.0,1.0,0.0,0.0,0.0,0.0,0.0,0.0,1.0,0.0,0.0,0.0,0.0,0.0,0.0,1.0,0.0,0.0,1
0.7435500452254252,-1.3837714491773996,-0.49276773284378905,-0.738667542842371,-0.07129079869087435,-0.6221723129765755,-0.41871347053071273,-0.2962713771199274,-0.32120380142958566,-0.6884997270944972,1.0,0.0,0.0,0.0,1.0,0.0,1.0,0.0,0.0,0.0,0.0,0.0,0.0,1.0,0.0,0.0,0.0,0.0,0.0,1.0,0.0,0.0,1
-0.7516416709837335,-2.9144920787984168,-0.9081753642999079,-1.2364778603818776,-0.32278860500059675,-0.8029800277295983,-1.1482419530754409,-0.8415845316992927,-1.577930168445615,-1.8220559825570277,0.0,1.0,0.0,1.0,0.0,0.0,0.0,0.0,0.0,1.0,0.0,0.0,0.0,1.0,0.0,1.0,0.0,0.0,0.0,0.0,0.0,0.0,1
-0.4877843092997643,1.677669810064635,0.5400802518517146,1.2525737273156552,-0.22483301593395894,0.6615523097364927,0.681558994946582,0.22731359263275036,0.8847569955833504,1.226830001045095,1.0,0.0,0.0,1.0,0.0,0.0,1.0,0.0,0.0,0.0,0.0,0.0,1.0,0.0,0.0,0.0,0.0,0.0,0.0,1.0,0.0,0.0,1
-0.7516416709837335,1.677669810064635,0.05130284248483074,0.5058582510063954,-0.26834871508186153,0.2962821482084879,-0.018070779297132588,-0.21511853532936404,0.4476997852969476,0.7164627794543732,0.0,1.0,0.0,1.0,0.0,0.0,1.0,0.0,0.0,0.0,0.0,1.0,0.0,0.0,0.0,0.0,0.0,0.0,0.0,1.0,0.0,0.0,1
-1.1914039404570154,0.1469491804436178,-0.28683613397347757,-0.2408572253028645,-0.20147576826372565,0.1361015194884907,-0.681822103579631,-0.5414098726005053,0.02564401430396438,0.006404293079320729,0.0,1.0,0.0,1.0,0.0,0.0,1.0,0.0,0.0,0.0,0.0,1.0,0.0,0.0,0.0,0.0,0.0,0.0,1.0,0.0,0.0,0.0,0
-1.103451486562359,0.1469491804436178,-0.34850928062310615,0.008047933466888799,-0.3828500990097684,-0.00019253832645922038,-0.5084095954337531,-0.5546096377417672,-0.06880793599133028,0.2748578627176566,1.0,0.0,0.0,1.0,0.0,0.0,1.0,0.0,0.0,0.0,1.0,0.0,0.0,0.0,0.0,0.0,0.0,0.0,1.0,0.0,0.0,0.0,1
-0.4877843092997643,0.1469491804436178,0.10446934821726915,2.2481943623946683,-0.6087790910093848,0.21238574423774215,1.3991279941709047,-0.08870935591161706,0.5030854954440256,1.7412055880771133,0.0,1.0,0.0,1.0,0.0,0.0,0.0,1.0,0.0,0.0,0.0,0.0,1.0,0.0,1.0,0.0,0.0,0.0,0.0,0.0,0.0,0.0,1
0.3037877757521432,0.1469491804436178,-0.8546544151959198,-1.2364778603818776,-0.1587446795026784,-0.8491171148786011,-1.0047281532305763,-0.7181838701806256,-1.329337987104641,-1.8220559825570277,1.0,0.0,0.0,1.0,0.0,0.0,1.0,0.0,0.0,0.0,0.0,1.0,0.0,0.0,0.0,1.0,0.0,0.0,0.0,0.0,0.0,0.0,1
1.35921722248802,0.1469491804436178,-0.9177453353317467,-0.738667542842371,-0.722577774425987,-0.9442724454412779,-0.25128070404503744,-0.7075383453069586,-1.6279118601070541,-0.6884997270944972,1.0,0.0,0.0,1.0,0.0,0.0,0.0,1.0,0.0,0.0,1.0,0.0,0.0,0.0,0.0,1.0,0.0,0.0,0.0,0.0,0.0,0.0,1
-0.6636892170890771,0.1469491804436178,0.744239633864278,1.2525737273156552,-0.12054018912733538,1.012276057700907,0.5380451951017174,0.2833525955506531,1.0309733852442424,1.226830001045095,0.0,1.0,0.0,1.0,0.0,0.0,1.0,0.0,0.0,0.0,0.0,1.0,0.0,0.0,0.0,0.0,0.0,0.0,1.0,0.0,0.0,0.0,1
0.919454953014738,0.1469491804436178,-0.5987463009371162,-0.2408572253028645,-0.5201482946172976,-0.7138186909620017,0.17926069548955614,-0.38191556756894607,-0.5442492177116317,0.006404293079320729,0.0,1.0,0.0,1.0,0.0,0.0,0.0,0.0,0.0,1.0,1.0,0.0,0.0,0.0,0.0,0.0,0.0,0.0,0.0,1.0,0.0,0.0,1
0.5676451374361124,0.1469491804436178,-0.6823949366228194,-1.2364778603818776,0.3692377562058533,-0.7395153161101848,-0.9688497032693602,-0.5211130908767987,-0.7523770343255585,-1.8220559825570277,0.0,1.0,1.0,0.0,0.0,0.0,0.0,1.0,0.0,0.0,1.0,0.0,0.0,0.0,0.0,0.0,0.0,0.0,0.0,1.0,0.0,0.0,1
0.21583532185748686,0.1469491804436178,-0.4775266678671567,-0.9046043153555399,0.1610866560376338,-0.5357571360889417,-0.7137140591007121,-0.37900133370658956,-0.29208000701771175,-0.994401518288044,0.0,1.0,0.0,1.0,0.0,0.0,1.0,0.0,0.0,0.0,1.0,0.0,0.0,0.0,0.0,0.0,0.0,0.0,0.0,1.0,0.0,0.0,1
-1.0154990326677027,0.1469491804436178,0.9133091220934322,1.2525737273156552,-0.034172691928100254,1.580717413259159,0.2510175954119884,0.19733126895474123,1.1406445685566216,1.226830001045095,0.0,1.0,0.0,1.0,0.0,0.0,1.0,0.0,0.0,0.0,0.0,0.0,0.0,1.0,0.0,0.0,0.0,0.0,0.0,1.0,0.0,0.0,1
-0.5757367631944207,0.1469491804436178,1.590295961753148,0.2569530922366421,1.014006430265552,1.8422197906924263,-0.08384793755936217,0.9227183623995423,1.5049448989549916,0.5089404797217888,1.0,0.0,0.0,0.0,1.0,0.0,0.0,0.0,0.0,1.0,0.0,0.0,1.0,0.0,0.0,1.0,0.0,0.0,0.0,0.0,0.0,0.0,1
0.03993041406817406,1.677669810064635,1.309931254857423,0.2569530922366421,0.7991740708800333,1.0309848049561725,0.2510175954119884,1.1441144231779803,1.3663254226227421,0.5089404797217888,0.0,1.0,0.0,0.0,1.0,0.0,0.0,1.0,0.0,0.0,0.0,0.0,1.0,0.0,1.0,0.0,0.0,0.0,0.0,0.0,0.0,0.0,1
-1.3673088482463283,0.1469491804436178,-0.7050793124019931,-0.738667542842371,-0.3966626906552885,-0.3880867269701072,-0.9927686699101709,-0.785896951100086,-0.8151328359576597,-0.6884997270944972,1.0,0.0,0.0,0.0,1.0,0.0,1.0,0.0,0.0,0.0,0.0,1.0,0.0,0.0,0.0,0.0,0.0,0.0,1.0,0.0,0.0,0.0,0
1.0953598608040507,0.1469491804436178,-0.7029526521726955,-0.9875727016121243,-0.16019319098610377,-0.7966857670251136,-0.6100652036571987,-0.47575389793682604,-0.8091179834515108,-1.168929155728989,0.0,1.0,0.0,1.0,0.0,0.0,0.0,1.0,0.0,0.0,0.0,1.0,0.0,0.0,0.0,0.0,0.0,0.0,0.0,0.0,1.0,0.0,1
0.8315024991200816,-1.3837714491773996,-1.0393194117732558,-0.738667542842371,-0.9088925639815698,-1.0082947510965345,-0.394794503889902,-0.8749096530429461,-2.5271791232788847,-0.6884997270944972,0.0,1.0,0.0,1.0,0.0,0.0,1.0,0.0,0.0,0.0,0.0,1.0,0.0,0.0,0.0,0.0,0.0,1.0,0.0,0.0,0.0,0.0,1
0.21583532185748686,0.1469491804436178,0.08532940615359133,0.2569530922366421,-0.1391897744764365,-0.07756915312546123,0.34669346197523143,0.13822374920529837,0.4834196404758418,0.5089404797217888,0.0,1.0,0.0,1.0,0.0,0.0,0.0,1.0,0.0,0.0,0.0,0.0,1.0,0.0,0.0,1.0,0.0,0.0,0.0,0.0,0.0,0.0,1
-0.13597449372113873,-1.3837714491773996,-0.486742195527446,-1.2364778603818776,0.9689215103439386,-0.4788315732329811,-1.064525569832603,-0.45254288235076295,-0.30961098180050634,-1.8220559825570277,0.0,1.0,0.0,1.0,0.0,1.0,0.0,0.0,0.0,0.0,1.0,0.0,0.0,0.0,0.0,0.0,0.0,0.0,0.0,1.0,0.0,0.0,1
0.03993041406817406,0.1469491804436178,-0.1415143516381459,0.2569530922366421,-0.3130111524874758,-0.21619249753730635,0.2510175954119884,-0.1194630944355441,0.22414780740336449,0.5089404797217888,0.0,1.0,0.0,1.0,0.0,0.0,0.0,1.0,0.0,0.0,1.0,0.0,0.0,0.0,0.0,0.0,0.0,0.0,0.0,1.0,0.0,0.0,1
-0.4877843092997643,0.1469491804436178,-0.7855379577437499,-0.2408572253028645,-0.7109896825585844,-0.7053174664761408,-0.394794503889902,-0.7343835819449015,-1.0661530169979763,0.006404293079320729,1.0,0.0,0.0,1.0,0.0,0.0,1.0,0.0,0.0,0.0,1.0,0.0,0.0,0.0,0.0,1.0,0.0,0.0,0.0,0.0,0.0,0.0,1
0.03993041406817406,0.1469491804436178,-0.7121681798329849,-0.4897623840726178,-0.5446281386871856,-0.7065357104834603,-0.394794503889902,-0.6162542552066734,-0.8353874717351941,-0.3082800291683669,0.0,1.0,0.0,1.0,0.0,0.0,0.0,0.0,1.0,0.0,1.0,0.0,0.0,0.0,0.0,0.0,1.0,0.0,0.0,0.0,0.0,0.0,1
3.0303138464864916,1.677669810064635,1.4307964445558328,-0.9046043153555399,3.6705402780805163,0.05377037448472547,-0.0758749486790919,3.3790575147713278,1.4279202060487104,-0.994401518288044,0.0,1.0,1.0,0.0,0.0,0.0,1.0,0.0,0.0,0.0,0.0,0.0,1.0,0.0,0.0,1.0,0.0,0.0,0.0,0.0,0.0,0.0,1
0.03993041406817406,0.1469491804436178,-0.83728668998999,1.2525737273156552,-0.9284474690078117,-0.8140457441294184,1.1121003944811756,-0.7251780314502813,-1.2579816934875214,1.226830001045095,0.0,1.0,0.0,1.0,0.0,0.0,0.0,0.0,1.0,0.0,1.0,0.0,0.0,0.0,0.0,1.0,0.0,0.0,0.0,0.0,0.0,0.0,1
-0.3118794015104515,0.1469491804436178,-0.10394335425388943,-1.2364778603818776,2.1422158119184536,-0.07053619841215211,-1.0884445364734139,-0.18885614546389234,0.27085598897755914,-1.8220559825570277,0.0,1.0,0.0,1.0,0.0,0.0,0.0,0.0,1.0,0.0,1.0,0.0,0.0,0.0,0.0,0.0,0.0,0.0,1.0,0.0,0.0,0.0,1
-0.22392694761579512,0.1469491804436178,-0.7586002615059811,-0.2408572253028645,-0.6834679643735032,-0.7151187932623032,-0.2871591540062536,-0.6857587328238764,-0.9765577774159415,0.006404293079320729,1.0,0.0,0.0,1.0,0.0,0.0,1.0,0.0,0.0,0.0,0.0,1.0,0.0,0.0,0.0,0.0,0.0,0.0,1.0,0.0,0.0,0.0,0
-1.3673088482463283,0.1469491804436178,-0.6005185177948642,-0.8216359290989554,-0.15854715520948404,-0.2263648349984253,-1.032633614311522,-0.7353264223121345,-0.5483276173438567,-0.8350702685971858,1.0,0.0,0.0,1.0,0.0,0.0,0.0,0.0,0.0,1.0,0.0,0.0,1.0,0.0,0.0,0.0,0.0,0.0,1.0,0.0,0.0,0.0,1
-0.9275465787730462,0.1469491804436178,0.24837335706640246,0.2569530922366421,-0.01425565903100209,0.6510997761536901,-0.2751996706858482,-0.1545367560966114,0.64205479117511,0.5089404797217888,1.0,0.0,0.0,0.0,1.0,0.0,1.0,0.0,0.0,0.0,1.0,0.0,0.0,0.0,0.0,0.0,0.0,0.0,1.0,0.0,0.0,0.0,1
-0.3998318554051079,0.1469491804436178,-0.4736277907801112,0.2569530922366421,-0.567496513731763,-0.40651365003566126,0.011827929003880857,-0.4915164746217485,-0.2847342261824353,0.5089404797217888,0.0,1.0,0.0,1.0,0.0,0.0,1.0,0.0,0.0,0.0,0.0,0.0,1.0,0.0,1.0,0.0,0.0,0.0,0.0,0.0,0.0,0.0,0
-0.22392694761579512,0.1469491804436178,-0.8227545117564568,-0.4897623840726178,-0.6802088135357962,-0.7752557474418091,-0.4844906287929423,-0.7369549647646279,-1.2011681769233078,-0.3082800291683669,0.0,1.0,0.0,0.0,1.0,0.0,1.0,0.0,0.0,0.0,0.0,1.0,0.0,0.0,0.0,1.0,0.0,0.0,0.0,0.0,0.0,0.0,0
-0.8395941248783899,0.1469491804436178,-0.88903542223623,-0.738667542842371,-0.6785792381169427,-0.7691347102441926,-0.8492548700653063,-0.8356274948335934,-1.4834295632158234,-0.6884997270944972,1.0,0.0,0.0,1.0,0.0,0.0,1.0,0.0,0.0,0.0,1.0,0.0,0.0,0.0,0.0,0.0,0.0,0.0,1.0,0.0,0.0,0.0,1
-0.13597449372113873,1.677669810064635,-0.4279045958502142,0.2569530922366421,-0.5324606422264129,-0.42530049832311234,0.1553417288487454,-0.4041666002356447,-0.20157400720807112,0.5089404797217888,1.0,0.0,0.0,1.0,0.0,0.0,1.0,0.0,0.0,0.0,0.0,0.0,1.0,0.0,0.0,0.0,0.0,0.0,1.0,0.0,0.0,0.0,0
-0.22392694761579512,0.1469491804436178,-0.6582927873574473,-1.0705410878687087,0.0590752348174051,-0.6210925057882694,-0.9449307366285493,-0.6057115856457954,-0.6888853399536533,-1.3618605080260047,0.0,1.0,0.0,1.0,0.0,0.0,1.0,0.0,0.0,0.0,0.0,0.0,1.0,0.0,0.0,0.0,0.0,0.0,0.0,1.0,0.0,0.0,1
-0.8395941248783899,0.1469491804436178,0.05059395574173156,0.008047933466888799,-0.033344971080428644,0.3487915886265473,-0.3828350205694966,-0.24484372072540056,0.44694499543431154,0.2748578627176566,0.0,1.0,0.0,1.0,0.0,0.0,1.0,0.0,0.0,0.0,0.0,1.0,0.0,0.0,0.0,0.0,0.0,1.0,0.0,0.0,0.0,0.0,0
1.5351221302773328,1.677669810064635,1.49353292132011,0.7547634097761486,0.5332816817037715,0.4575424099824275,1.6981150771810392,2.3946036022390977,1.4587679158000377,0.9028425891112019,1.0,0.0,0.0,1.0,0.0,1.0,0.0,0.0,0.0,0.0,1.0,0.0,0.0,0.0,0.0,1.0,0.0,0.0,0.0,0.0,0.0,0.0,0
0.5676451374361124,0.1469491804436178,-0.2460751462452748,-0.738667542842371,0.30677069848313604,-0.41815995046508336,-0.46655140381233423,-0.07796097572516095,0.084474225588028,-0.6884997270944972,0.0,1.0,0.0,1.0,0.0,0.0,1.0,0.0,0.0,0.0,0.0,1.0,0.0,0.0,0.0,0.0,0.0,0.0,1.0,0.0,0.0,0.0,1
1.4471696763826765,0.1469491804436178,-1.0396738551448055,-1.2364778603818776,-0.725836925263694,-1.0196244203646072,-0.8492548700653063,-0.85501572129433,-2.530976419245423,-1.8220559825570277,0.0,1.0,0.0,1.0,0.0,0.0,0.0,0.0,1.0,0.0,0.0,1.0,0.0,0.0,0.0,0.0,0.0,0.0,0.0,1.0,0.0,0.0,1
-0.3998318554051079,1.677669810064635,-0.4637033763767227,-0.738667542842371,-0.026749070575545476,-0.39661050520196617,-0.7296600368612526,-0.48407660699667365,-0.266222590496761,-0.6884997270944972,0.0,1.0,0.0,0.0,1.0,0.0,1.0,0.0,0.0,0.0,1.0,0.0,0.0,0.0,0.0,0.0,0.0,0.0,0.0,1.0,0.0,0.0,1
2.5905515770132093,0.1469491804436178,-0.9570885495737512,0.008047933466888799,-0.9157988598043297,-0.9945754493525657,1.2496344526658374,-0.6875415582455533,-1.8565556842294955,0.2748578627176566,0.0,1.0,0.0,1.0,0.0,0.0,1.0,0.0,0.0,0.0,0.0,1.0,0.0,0.0,0.0,1.0,0.0,0.0,0.0,0.0,0.0,0.0,1
-0.6636892170890771,0.1469491804436178,2.2332562377441034,1.2525737273156552,0.6401094036063896,2.6572970460133414,0.5380451951017174,1.2915746566132202,1.7757930399531845,1.226830001045095,0.0,1.0,0.0,1.0,0.0,0.0,1.0,0.0,0.0,0.0,1.0,0.0,0.0,0.0,1.0,0.0,0.0,0.0,0.0,0.0,0.0,0.0,0
-0.4877843092997643,1.677669810064635,0.41956950552485417,1.2525737273156552,-0.28639475397953545,0.5372914209898896,0.681558994946582,0.13988657676205474,0.7899625661274404,1.226830001045095,0.0,1.0,0.0,1.0,0.0,0.0,1.0,0.0,0.0,0.0,0.0,0.0,1.0,0.0,1.0,0.0,0.0,0.0,0.0,0.0,0.0,0.0,0
0.3917402296467996,-1.3837714491773996,-0.575707481786393,0.008047933466888799,-0.581813497768833,-0.6394409217803314,0.2031796621303669,-0.4409888022141259,-0.4923717335914011,0.2748578627176566,0.0,1.0,0.0,1.0,0.0,1.0,0.0,0.0,0.0,0.0,0.0,1.0,0.0,0.0,0.0,1.0,0.0,0.0,0.0,0.0,0.0,0.0,0
1.2712647685933636,0.1469491804436178,0.17925689961423252,0.2569530922366421,-0.06721686014374062,-0.2626563239764772,0.9207486613546896,0.6130210155917016,0.5771745533034228,0.5089404797217888,0.0,1.0,0.0,1.0,0.0,0.0,0.0,0.0,0.0,1.0,1.0,0.0,0.0,0.0,0.0,0.0,0.0,0.0,1.0,0.0,0.0,0.0,1
0.03993041406817406,0.1469491804436178,-0.8461477742787297,-0.2408572253028645,-0.7729135484750171,-0.8216597691751661,-0.17952380412260519,-0.7328921799094603,-1.2938943513032979,0.006404293079320729,0.0,1.0,0.0,1.0,0.0,0.0,1.0,0.0,0.0,0.0,0.0,0.0,1.0,0.0,0.0,1.0,0.0,0.0,0.0,0.0,0.0,0.0,0
-0.3998318554051079,0.1469491804436178,-0.6774327294211251,-0.4897623840726178,-0.502041901074481,-0.6098818028704718,-0.5442880453949692,-0.6442994704938221,-0.739047126290143,-0.3082800291683669,0.0,1.0,0.0,1.0,0.0,0.0,1.0,0.0,0.0,0.0,1.0,0.0,0.0,0.0,0.0,0.0,0.0,0.0,0.0,1.0,0.0,0.0,1
3.382123662065117,1.677669810064635,0.6584643379492774,-0.9875727016121243,2.6216731129322373,-0.3309543755781873,-0.14364535416138904,2.247529076226817,0.9715490753722912,-1.168929155728989,1.0,0.0,1.0,0.0,0.0,0.0,1.0,0.0,0.0,0.0,0.0,0.0,1.0,0.0,0.0,1.0,0.0,0.0,0.0,0.0,0.0,0.0,0
2.8544089386971785,-2.9144920787984168,-0.7430047531577991,-0.4067939978160333,-0.614346807023801,-0.9014368363015536,0.6975049727071225,-0.3208195117722482,-0.9273976044774302,-0.1972669974219609,0.0,1.0,1.0,0.0,0.0,0.0,1.0,0.0,0.0,0.0,0.0,0.0,1.0,0.0,0.0,1.0,0.0,0.0,0.0,0.0,0.0,0.0,1
-1.3673088482463283,0.1469491804436178,-0.9205808823041435,-0.738667542842371,-0.7269233088762631,-0.7213982873727599,-0.9927686699101709,-0.8901236680596604,-1.6431012087037684,-0.6884997270944972,0.0,1.0,0.0,1.0,0.0,0.0,0.0,1.0,0.0,0.0,0.0,1.0,0.0,0.0,0.0,0.0,0.0,0.0,0.0,1.0,0.0,0.0,0
-0.22392694761579512,0.1469491804436178,-0.009661417421698642,-0.2408572253028645,0.08170822674592587,-0.013077996680559494,-0.2871591540062536,-0.08809222403488275,0.381116648551783,0.006404293079320729,1.0,0.0,0.0,1.0,0.0,0.0,1.0,0.0,0.0,0.0,0.0,0.0,1.0,0.0,0.0,0.0,0.0,0.0,1.0,0.0,0.0,0.0,1
1.6230745841719891,1.677669810064635,0.4677738040555983,0.2569530922366421,0.15386220501404987,-0.1587319885253967,1.1121003944811756,1.119274865139424,0.8287207067892645,0.5089404797217888,0.0,1.0,0.0,1.0,0.0,0.0,0.0,0.0,0.0,1.0,1.0,0.0,0.0,0.0,1.0,0.0,0.0,0.0,0.0,0.0,0.0,0.0,0
-0.13597449372113873,-1.3837714491773996,0.20300460550805502,2.2481943623946683,-0.5710272604726122,0.14870741336102283,1.7818314604238767,0.11456702726381603,0.599836852795069,1.7412055880771133,0.0,1.0,1.0,0.0,0.0,0.0,0.0,1.0,0.0,0.0,0.0,0.0,1.0,0.0,1.0,0.0,0.0,0.0,0.0,0.0,0.0,0.0,0
0.03993041406817406,0.1469491804436178,0.22817008488807586,0.5058582510063954,-0.1478808433769885,0.10146462737128921,0.4662882951792852,0.20237117928140486,0.6234251553476128,0.7164627794543732,0.0,1.0,0.0,1.0,0.0,0.0,1.0,0.0,0.0,0.0,0.0,0.0,1.0,0.0,1.0,0.0,0.0,0.0,0.0,0.0,0.0,0.0,0
-0.5757367631944207,0.1469491804436178,-0.4123090875020322,-1.2364778603818776,1.1970620689834277,-0.29390806352149,-1.12432298643463,-0.48168522097432814,-0.1743933328562786,-1.8220559825570277,0.0,1.0,0.0,0.0,1.0,0.0,1.0,0.0,0.0,0.0,1.0,0.0,0.0,0.0,0.0,0.0,0.0,0.0,0.0,1.0,0.0,0.0,1
-1.279356394351672,0.1469491804436178,-0.08515785556176118,1.999289203624915,-0.6539907556857978,0.4916072707154032,0.412470620237461,-0.46009417656469265,0.2935904312607333,1.625515276100392,0.0,1.0,0.0,0.0,1.0,0.0,0.0,1.0,0.0,0.0,0.0,0.0,1.0,0.0,0.0,0.0,0.0,0.0,0.0,1.0,0.0,0.0,0
-0.13597449372113873,1.677669810064635,-0.627456214032633,-0.9875727016121243,-0.005926718001306501,-0.606854686119836,-0.8612143533857117,-0.5682379666863169,-0.6119624564681956,-1.168929155728989,1.0,0.0,0.0,1.0,0.0,0.0,1.0,0.0,0.0,0.0,0.0,0.0,1.0,0.0,0.0,0.0,0.0,1.0,0.0,0.0,0.0,0.0,0
-0.6636892170890771,0.1469491804436178,-0.6696349752470342,-1.2364778603818776,0.4083475662583372,-0.5497303032556042,-1.1362824697550353,-0.6739903707855955,-0.7183746840188081,-1.8220559825570277,1.0,0.0,0.0,1.0,0.0,0.0,1.0,0.0,0.0,0.0,1.0,0.0,0.0,0.0,0.0,0.0,0.0,0.0,0.0,1.0,0.0,0.0,1
-0.7516416709837335,0.1469491804436178,-0.8224000683849072,-0.738667542842371,-0.5764591785354571,-0.7047083444724809,-0.8253359034244956,-0.785579813885653,-1.1998132834212365,-0.6884997270944972,1.0,0.0,0.0,0.0,1.0,0.0,0.0,1.0,0.0,0.0,0.0,0.0,1.0,0.0,0.0,0.0,0.0,0.0,1.0,0.0,0.0,0.0,0
0.03993041406817406,0.1469491804436178,-0.18121200925169992,0.2569530922366421,-0.3434298936394077,-0.25030332974225605,0.2510175954119884,-0.15402247953266615,0.1728850093698459,0.5089404797217888,0.0,1.0,1.0,0.0,0.0,1.0,0.0,0.0,0.0,0.0,0.0,0.0,1.0,0.0,0.0,1.0,0.0,0.0,0.0,0.0,0.0,0.0,1
0.3917402296467996,1.677669810064635,0.363567452820019,-0.2408572253028645,0.46302887475764326,0.0869370675840025,-0.036010004277740655,0.4675664607558483,0.7434209329882908,0.006404293079320729,0.0,1.0,0.0,1.0,0.0,0.0,1.0,0.0,0.0,0.0,0.0,0.0,1.0,0.0,0.0,0.0,0.0,0.0,1.0,0.0,0.0,0.0,0
1.4471696763826765,0.1469491804436178,-0.827716718958151,-0.9875727016121243,-0.41513121206896136,-0.8935361656070248,-0.5383083037347665,-0.5884833207536289,-1.2202877378303838,-1.168929155728989,0.0,1.0,0.0,1.0,0.0,0.0,0.0,0.0,1.0,0.0,1.0,0.0,0.0,0.0,0.0,0.0,0.0,1.0,0.0,0.0,0.0,0.0,1
-0.7516416709837335,-1.3837714491773996,-0.7454858567586463,-0.738667542842371,-0.4585865565717212,-0.6165886946096938,-0.8253359034244956,-0.7353607074163976,-0.9350942306131602,-0.6884997270944972,0.0,1.0,0.0,1.0,0.0,0.0,1.0,0.0,0.0,0.0,0.0,1.0,0.0,0.0,0.0,1.0,0.0,0.0,0.0,0.0,0.0,0.0,1
-0.8395941248783899,0.1469491804436178,0.6542110174906823,0.5058582510063954,0.1423042904692186,1.0669464309414736,-0.07188845423895679,0.13467524091407604,0.968529914628082,0.7164627794543732,0.0,1.0,0.0,1.0,0.0,0.0,1.0,0.0,0.0,0.0,1.0,0.0,0.0,0.0,1.0,0.0,0.0,0.0,0.0,0.0,0.0,0.0,1
-1.279356394351672,0.1469491804436178,-0.8397677935908371,-0.738667542842371,-0.6030755770433975,-0.6199533685346719,-0.9688497032693602,-0.8433073581885094,-1.2679368089678844,-0.6884997270944972,0.0,1.0,0.0,0.0,1.0,0.0,1.0,0.0,0.0,0.0,0.0,1.0,0.0,0.0,0.0,0.0,0.0,1.0,0.0,0.0,0.0,0.0,0
0.21583532185748686,-1.3837714491773996,-0.6295828742619306,-0.738667542842371,-0.28096283591669047,-0.6595371390431817,-0.5622272703755773,-0.518730276130519,-0.6171226276613836,-0.6884997270944972,0.0,1.0,0.0,1.0,0.0,0.0,1.0,0.0,0.0,0.0,1.0,0.0,0.0,0.0,0.0,1.0,0.0,0.0,0.0,0.0,0.0,0.0,1
0.21583532185748686,1.677669810064635,2.6057762212427216,0.7547634097761486,1.2150960369520731,1.9741781685705775,0.8011538281506357,2.4543368251413407,1.9100856848689842,0.9028425891112019,0.0,1.0,1.0,0.0,0.0,0.0,1.0,0.0,0.0,0.0,0.0,1.0,0.0,0.0,0.0,1.0,0.0,0.0,0.0,0.0,0.0,0.0,1
0.6555975913307688,0.1469491804436178,-0.4736277907801112,-0.738667542842371,-0.04195844115151147,-0.5975028718283528,-0.4426324371715235,-0.2924914443749297,-0.2847342261824353,-0.6884997270944972,0.0,1.0,0.0,1.0,0.0,0.0,1.0,0.0,0.0,0.0,1.0,0.0,0.0,0.0,0.0,0.0,0.0,0.0,1.0,0.0,0.0,0.0,1
-0.8395941248783899,0.1469491804436178,-0.6547483536419514,-0.738667542842371,-0.31952945416288975,-0.4903911102617109,-0.8492548700653063,-0.688321544367537,-0.679806562654379,-0.6884997270944972,0.0,1.0,0.0,1.0,0.0,0.0,1.0,0.0,0.0,0.0,0.0,0.0,1.0,0.0,0.0,0.0,1.0,0.0,0.0,0.0,0.0,0.0,1
-1.279356394351672,-1.3837714491773996,1.1685083496091366,0.2569530922366421,0.690807305526276,2.338291150953785,-0.46655140381233423,0.17655449577135238,1.2903067663503907,0.5089404797217888,0.0,1.0,0.0,1.0,0.0,0.0,1.0,0.0,0.0,0.0,0.0,1.0,0.0,0.0,1.0,0.0,0.0,0.0,0.0,0.0,0.0,0.0,1
1.7110270380666455,0.1469491804436178,-0.6586472307289969,-0.738667542842371,-0.3255045640320193,-0.8092115304094637,-0.15560483748179443,-0.33954774997592174,-0.6897967440556354,-0.6884997270944972,0.0,1.0,0.0,1.0,0.0,0.0,0.0,0.0,0.0,1.0,1.0,0.0,0.0,0.0,0.0,1.0,0.0,0.0,0.0,0.0,0.0,0.0,1
-0.22392694761579512,0.1469491804436178,-0.06991679058512884,-0.9875727016121243,1.1333275637127134,-0.06956021883810622,-0.8791535783663198,-0.13617708276376533,0.3117452376186154,-1.168929155728989,0.0,1.0,0.0,1.0,0.0,1.0,0.0,0.0,0.0,0.0,1.0,0.0,0.0,0.0,0.0,0.0,0.0,0.0,0.0,1.0,0.0,0.0,1
0.8315024991200816,-1.3837714491773996,0.1998146151641087,1.2525737273156552,-0.3986543939449983,-0.15649854117864395,1.757912493783066,0.4735234976215476,0.5968157267055199,1.226830001045095,1.0,0.0,0.0,1.0,0.0,1.0,0.0,0.0,0.0,0.0,1.0,0.0,0.0,0.0,0.0,0.0,0.0,0.0,0.0,1.0,0.0,0.0,1
1.2712647685933636,0.1469491804436178,0.7165930508834101,0.5058582510063954,0.18479396064969494,0.06977810074090544,1.219735744364824,1.2627237413758907,1.0121175978068817,0.7164627794543732,0.0,1.0,0.0,1.0,0.0,0.0,1.0,0.0,0.0,0.0,0.0,1.0,0.0,0.0,1.0,0.0,0.0,0.0,0.0,0.0,0.0,0.0,0
2.678504030907866,1.677669810064635,-0.4831977618119501,0.7547634097761486,-0.6784705997556859,-0.7739267539792786,2.4754814930073885,0.0736991829822987,-0.3028400573675823,0.9028425891112019,0.0,1.0,0.0,1.0,0.0,0.0,1.0,0.0,0.0,0.0,0.0,0.0,0.0,1.0,1.0,0.0,0.0,0.0,0.0,0.0,0.0,0.0,0
1.35921722248802,0.1469491804436178,0.025074032990161123,1.2525737273156552,-0.4879189141110841,-0.37241437612300093,2.1884538933176594,0.4552409657732933,0.41947398397249874,1.226830001045095,0.0,1.0,0.0,1.0,0.0,1.0,0.0,0.0,0.0,0.0,1.0,0.0,0.0,0.0,0.0,0.0,0.0,0.0,0.0,1.0,0.0,0.0,1
0.3037877757521432,-1.3837714491773996,-0.8291344924443494,-1.2364778603818776,-0.08052505939771075,-0.8288755221415979,-1.0047281532305763,-0.6941157269879871,-1.2258029592839519,-1.8220559825570277,1.0,0.0,0.0,1.0,0.0,1.0,0.0,0.0,0.0,0.0,0.0,0.0,1.0,0.0,0.0,0.0,0.0,1.0,0.0,0.0,0.0,0.0,1
-0.3998318554051079,0.1469491804436178,-0.05928348943864116,-0.2408572253028645,0.031010324826039465,0.006942646771109879,-0.35891605392868586,-0.1809020012748722,0.32426165679506713,0.006404293079320729,0.0,1.0,0.0,1.0,0.0,0.0,1.0,0.0,0.0,0.0,0.0,1.0,0.0,0.0,1.0,0.0,0.0,0.0,0.0,0.0,0.0,0.0,1
-1.103451486562359,0.1469491804436178,0.22746119814497667,1.2525737273156552,-0.3845314069816014,0.7744517489365711,0.17926069548955614,-0.23425819478419377,0.6227665698678705,1.226830001045095,0.0,1.0,0.0,1.0,0.0,0.0,1.0,0.0,0.0,0.0,0.0,0.0,0.0,1.0,0.0,0.0,0.0,0.0,0.0,1.0,0.0,0.0,1
-1.0154990326677027,-1.3837714491773996,-0.08870228927725708,0.2569530922366421,-0.2725433629192807,0.2892264849994283,-0.3230376039674697,-0.3842126695545683,0.2893314876827794,0.5089404797217888,0.0,1.0,0.0,0.0,1.0,0.0,1.0,0.0,0.0,0.0,0.0,1.0,0.0,0.0,0.0,0.0,0.0,0.0,1.0,0.0,0.0,0.0,1
2.502599123118553,0.1469491804436178,-0.6760149559349268,-0.9046043153555399,-0.20393823778554865,-0.857217266138808,-0.19546978188314568,-0.25742635398992814,-0.7352637602628104,-0.994401518288044,1.0,0.0,0.0,1.0,0.0,0.0,1.0,0.0,0.0,0.0,1.0,0.0,0.0,0.0,0.0,1.0,0.0,0.0,0.0,0.0,0.0,0.0,1
-0.8395941248783899,-1.3837714491773996,-0.9379486075100734,-0.738667542842371,-0.7535397073842034,-0.8273292893630767,-0.8492548700653063,-0.8663812333575205,-1.7402568831297822,-0.6884997270944972,0.0,1.0,0.0,1.0,0.0,0.0,1.0,0.0,0.0,0.0,0.0,0.0,1.0,0.0,0.0,0.0,0.0,0.0,0.0,1.0,0.0,0.0,1
-1.103451486562359,0.1469491804436178,-0.7341436688690595,-0.738667542842371,-0.4412044187706173,-0.5188466826601067,-0.9210117699877386,-0.7690972500112072,-0.9002787869174269,-0.6884997270944972,1.0,0.0,0.0,0.0,1.0,1.0,0.0,0.0,0.0,0.0,0.0,1.0,0.0,0.0,0.0,0.0,0.0,1.0,0.0,0.0,0.0,0.0,1
-0.4877843092997643,0.1469491804436178,-0.908884251043007,-0.738667542842371,-0.7089979792688746,-0.8325021408403109,-0.7535790035020633,-0.8238677040713782,-1.5815667887655862,-0.6884997270944972,0.0,1.0,0.0,1.0,0.0,0.0,1.0,0.0,0.0,0.0,1.0,0.0,0.0,0.0,0.0,0.0,0.0,0.0,0.0,1.0,0.0,0.0,1
-0.3118794015104515,0.1469491804436178,-0.10394335425388943,0.2569530922366421,-0.28422198675439747,-0.07053619841215211,0.059665862285502365,-0.18885614546389234,0.27085598897755914,0.5089404797217888,0.0,1.0,0.0,1.0,0.0,1.0,0.0,0.0,0.0,0.0,1.0,0.0,0.0,0.0,1.0,0.0,0.0,0.0,0.0,0.0,0.0,0.0,1
-0.4877843092997643,0.1469491804436178,0.49116706657787124,-0.4897623840726178,0.9306808071815099,0.6111170078334595,-0.5741867536959826,0.19182850972052684,0.8471179809864258,-0.3082800291683669,0.0,1.0,0.0,1.0,0.0,0.0,1.0,0.0,0.0,0.0,1.0,0.0,0.0,0.0,0.0,1.0,0.0,0.0,0.0,0.0,0.0,0.0,1
-0.7516416709837335,0.1469491804436178,-0.23331518486948957,1.2525737273156552,-0.619914523038217,-0.0298011644174018,0.4662882951792852,-0.4009523717109868,0.10235221539006492,1.226830001045095,0.0,1.0,0.0,1.0,0.0,0.0,1.0,0.0,0.0,0.0,1.0,0.0,0.0,0.0,0.0,0.0,0.0,0.0,0.0,0.0,1.0,0.0,1
-0.7516416709837335,0.1469491804436178,2.725578080826483,2.2481943623946683,0.3954467608590802,3.3601658266173766,1.1121003944811756,1.5309789684058086,1.9504617445206593,1.7412055880771133,0.0,1.0,0.0,1.0,0.0,0.0,0.0,0.0,0.0,1.0,0.0,0.0,1.0,0.0,0.0,0.0,0.0,0.0,0.0,1.0,0.0,0.0,0
1.5351221302773328,1.677669810064635,1.628221402508954,-0.738667542842371,3.1791689701155597,0.5361536270585249,-0.20344277076341594,2.567229102203393,1.5226017986068805,-0.6884997270944972,0.0,1.0,1.0,0.0,0.0,0.0,1.0,0.0,0.0,0.0,0.0,1.0,0.0,0.0,0.0,0.0,0.0,0.0,1.0,0.0,0.0,0.0,0
-1.1914039404570154,0.1469491804436178,-0.6356084115782735,-0.9875727016121243,-0.02258460006069768,-0.35429706818526874,-1.0764850531530086,-0.7269608568719582,-0.6318562857269354,-1.168929155728989,0.0,1.0,0.0,1.0,0.0,0.0,1.0,0.0,0.0,0.0,1.0,0.0,0.0,0.0,0.0,0.0,0.0,0.0,0.0,1.0,0.0,0.0,0
-1.1914039404570154,0.1469491804436178,-0.04333353771890964,0.2569530922366421,-0.2377790873170728,0.4784834602729142,-0.41871347053071273,-0.41186360614269224,0.3428113444309959,0.5089404797217888,0.0,1.0,1.0,0.0,0.0,0.0,1.0,0.0,0.0,0.0,0.0,1.0,0.0,0.0,0.0,0.0,0.0,0.0,1.0,0.0,0.0,0.0,1
-0.8395941248783899,0.1469491804436178,0.33273087949520475,1.2525737273156552,-0.3307554181594361,0.6844646681818505,0.39453139525685293,-0.06745259126854597,0.7170576329955735,1.226830001045095,0.0,1.0,0.0,1.0,0.0,0.0,1.0,0.0,0.0,0.0,0.0,0.0,0.0,1.0,0.0,0.0,0.0,0.0,0.0,1.0,0.0,0.0,0
1.35921722248802,-1.3837714491773996,-0.27088618225374606,-0.9875727016121243,0.7226745581616331,-0.5519262136721593,-0.5562475287153745,0.09023317451313909,0.04898528646129641,-1.168929155728989,0.0,1.0,1.0,0.0,0.0,0.0,0.0,0.0,1.0,0.0,1.0,0.0,0.0,0.0,0.0,1.0,0.0,0.0,0.0,0.0,0.0,0.0,1
-0.048022039826482336,0.1469491804436178,-0.40061245624089575,-0.738667542842371,0.06993907094309498,-0.420196158305889,-0.6339841702980096,-0.3633758974387192,-0.15437741697181456,-0.6884997270944972,0.0,1.0,0.0,1.0,0.0,0.0,0.0,1.0,0.0,0.0,1.0,0.0,0.0,0.0,0.0,0.0,0.0,0.0,0.0,1.0,0.0,0.0,1
-0.9275465787730462,-1.3837714491773996,-0.8525277549666223,-0.2408572253028645,-0.7794318501504311,-0.7110919430708358,-0.5741867536959826,-0.8200963426024462,-1.3203853049551595,0.006404293079320729,0.0,1.0,0.0,1.0,0.0,0.0,1.0,0.0,0.0,0.0,0.0,0.0,1.0,0.0,0.0,0.0,0.0,0.0,0.0,1.0,0.0,0.0,1
0.5676451374361124,-1.3837714491773996,-0.6122151490560007,-1.4024146328950464,1.4230298603977787,-0.6878269632281946,-1.1362824697550353,-0.44983435911398456,-0.5755735719439418,-2.43818853673469,0.0,1.0,0.0,1.0,0.0,0.0,1.0,0.0,0.0,0.0,1.0,0.0,0.0,0.0,0.0,0.0,0.0,0.0,0.0,1.0,0.0,0.0,1
-0.4877843092997643,1.677669810064635,-0.5133254483936652,0.2569530922366421,-0.5979152548836949,-0.4246340471896963,-0.036010004277740655,-0.5369013813899185,-0.3615592285394179,0.5089404797217888,0.0,1.0,0.0,1.0,0.0,0.0,1.0,0.0,0.0,0.0,0.0,1.0,0.0,0.0,0.0,0.0,0.0,0.0,0.0,1.0,0.0,0.0,0
-1.103451486562359,-2.9144920787984168,3.9994475581757074,-1.2364778603818776,14.719278894629714,5.847537598200061,-1.1960798863570623,1.8636987627262658,2.316032923394176,-1.8220559825570277,0.0,1.0,0.0,1.0,0.0,1.0,0.0,0.0,0.0,0.0,0.0,0.0,1.0,0.0,0.0,1.0,0.0,0.0,0.0,0.0,0.0,0.0,0
2.238741761434584,-1.3837714491773996,-0.1787309056508528,0.008047933466888799,-0.23417074174675445,-0.5935485716078727,1.0822016861801622,0.4410555038844697,0.17614935090051703,0.2748578627176566,0.0,1.0,0.0,0.0,1.0,0.0,0.0,1.0,0.0,0.0,0.0,0.0,1.0,0.0,1.0,0.0,0.0,0.0,0.0,0.0,0.0,0.0,0
-0.048022039826482336,0.1469491804436178,-0.7018893220580468,-0.738667542842371,-0.391773964398728,-0.6864694913343241,-0.6339841702980096,-0.6183713603949148,-0.8061210482423627,-0.6884997270944972,1.0,0.0,0.0,1.0,0.0,0.0,1.0,0.0,0.0,0.0,1.0,0.0,0.0,0.0,0.0,0.0,0.0,0.0,0.0,1.0,0.0,0.0,1
0.3037877757521432,0.1469491804436178,-0.2655695316805022,0.7547634097761486,-0.5450626921322133,-0.3818736825327769,0.8609512447526627,-0.16261089815055213,0.056672733501287605,0.9028425891112019,0.0,1.0,0.0,1.0,0.0,0.0,1.0,0.0,0.0,0.0,0.0,1.0,0.0,0.0,0.0,0.0,0.0,0.0,0.0,1.0,0.0,0.0,1
-0.5757367631944207,0.1469491804436178,-0.8351600297606924,0.2569530922366421,-0.8445243349368567,-0.7449524051280745,-0.08384793755936217,-0.7782256590212356,-1.2495094983835038,0.5089404797217888,1.0,0.0,0.0,1.0,0.0,1.0,0.0,0.0,0.0,0.0,0.0,1.0,0.0,0.0,0.0,1.0,0.0,0.0,0.0,0.0,0.0,0.0,0
1.35921722248802,0.1469491804436178,-0.5941385371069716,-1.2364778603818776,0.639747275735533,-0.7479918374384257,-0.8612143533857117,-0.308434017857233,-0.5337053692985565,-1.8220559825570277,0.0,1.0,0.0,1.0,0.0,0.0,1.0,0.0,0.0,0.0,1.0,0.0,0.0,0.0,0.0,0.0,0.0,0.0,0.0,1.0,0.0,0.0,1
-1.0154990326677027,0.1469491804436178,0.4727360112572926,2.2481943623946683,-0.46768501932698653,1.012863425347293,0.8250727947914466,-0.05836703863884623,0.8326451574562566,1.7412055880771133,0.0,1.0,1.0,0.0,0.0,0.0,1.0,0.0,0.0,0.0,0.0,1.0,0.0,0.0,0.0,1.0,0.0,0.0,0.0,0.0,0.0,0.0,0
-0.7516416709837335,0.1469491804436178,-0.7394603194423033,-0.738667542842371,-0.44935229586488473,-0.6096853119015492,-0.8253359034244956,-0.7314264917022163,-0.9164815269908773,-0.6884997270944972,1.0,0.0,0.0,1.0,0.0,0.0,1.0,0.0,0.0,0.0,1.0,0.0,0.0,0.0,1.0,0.0,0.0,0.0,0.0,0.0,0.0,0.0,1
-0.048022039826482336,-1.3837714491773996,0.06229058700286801,-0.738667542842371,0.779347569950649,-0.011075013676317073,-0.6339841702980096,0.028417131526917817,0.4593428688076468,-0.6884997270944972,1.0,0.0,0.0,1.0,0.0,0.0,0.0,0.0,1.0,0.0,1.0,0.0,0.0,0.0,0.0,0.0,0.0,1.0,0.0,0.0,0.0,0.0,1
-0.9275465787730462,0.1469491804436178,-0.7135859533191833,0.2569530922366421,-0.7513669401590655,-0.5391733487578886,-0.2751996706858482,-0.7360978371580524,-0.8394768678638285,0.5089404797217888,0.0,1.0,0.0,1.0,0.0,0.0,1.0,0.0,0.0,0.0,1.0,0.0,0.0,0.0,1.0,0.0,0.0,0.0,0.0,0.0,0.0,0.0,1
1.4471696763826765,0.1469491804436178,-0.9053398173275111,-0.738667542842371,-0.7035660612060296,-0.9397122990383133,-0.2273617374042267,-0.6860930125904409,-1.5634854117415369,-0.6884997270944972,0.0,1.0,0.0,1.0,0.0,0.0,1.0,0.0,0.0,0.0,1.0,0.0,0.0,0.0,0.0,0.0,0.0,0.0,0.0,1.0,0.0,0.0,1
-0.048022039826482336,0.1469491804436178,-0.732725895382861,-1.2364778603818776,0.21497128322105588,-0.7137233501266462,-1.0525660865121977,-0.6444708960151371,-0.8959922291907425,-1.8220559825570277,0.0,1.0,0.0,0.0,1.0,0.0,0.0,1.0,0.0,0.0,1.0,0.0,0.0,0.0,0.0,1.0,0.0,0.0,0.0,0.0,0.0,0.0,1
-0.8395941248783899,0.1469491804436178,-0.4771722244956071,0.2569530922366421,-0.5702124727631855,-0.2791194860692399,-0.2273617374042267,-0.5766721023350192,-0.291410476465888,0.5089404797217888,0.0,1.0,0.0,1.0,0.0,0.0,1.0,0.0,0.0,0.0,0.0,0.0,0.0,1.0,0.0,0.0,0.0,0.0,1.0,0.0,0.0,0.0,1
-1.1914039404570154,0.1469491804436178,-1.0060017348475945,-0.2408572253028645,-0.9362332182312229,-0.8750963813144138,-0.681822103579631,-0.9240144936236535,-2.212491426166093,0.006404293079320729,1.0,0.0,0.0,0.0,1.0,0.0,1.0,0.0,0.0,0.0,1.0,0.0,0.0,0.0,0.0,0.0,0.0,0.0,0.0,1.0,0.0,0.0,0
0.3037877757521432,-1.3837714491773996,-0.9234164292765402,-1.2364778603818776,-0.3695031003410636,-0.9036569619755264,-1.0047281532305763,-0.7830341448941239,-1.6584716566309026,-1.8220559825570277,1.0,0.0,0.0,1.0,0.0,0.0,0.0,0.0,0.0,1.0,0.0,1.0,0.0,0.0,0.0,1.0,0.0,0.0,0.0,0.0,0.0,0.0,1
0.919454953014738,-1.3837714491773996,-0.36162368537044093,-0.738667542842371,0.12969016963438987,-0.5543611438300118,-0.3708755372490912,-0.11814311792141792,-0.08981685668176709,-0.6884997270944972,1.0,0.0,0.0,1.0,0.0,0.0,1.0,0.0,0.0,0.0,0.0,0.0,0.0,1.0,0.0,0.0,0.0,0.0,1.0,0.0,0.0,0.0,1
-1.0154990326677027,0.1469491804436178,-0.39742246589694946,0.7547634097761486,-0.6258896329073464,-0.10868246389134831,-0.036010004277740655,-0.5633866244330998,-0.14897203778006382,0.9028425891112019,1.0,0.0,0.0,1.0,0.0,0.0,1.0,0.0,0.0,0.0,0.0,0.0,1.0,0.0,0.0,1.0,0.0,0.0,0.0,0.0,0.0,0.0,0
-0.048022039826482336,0.1469491804436178,0.31181872057377896,0.2569530922366421,0.034360007631460514,0.20946195862017503,0.2031796621303669,0.23961337378710804,0.6988672841252268,0.5089404797217888,0.0,1.0,0.0,1.0,0.0,0.0,0.0,1.0,0.0,0.0,1.0,0.0,0.0,0.0,0.0,0.0,0.0,0.0,1.0,0.0,0.0,0.0,1
-1.0154990326677027,0.1469491804436178,-0.4399556704829002,-0.9875727016121243,0.3772045693646925,-0.163503444220732,-1.0406066031917924,-0.5880718995024727,-0.22297691854327456,-1.168929155728989,0.0,1.0,0.0,1.0,0.0,1.0,0.0,0.0,0.0,0.0,0.0,0.0,1.0,0.0,0.0,0.0,0.0,0.0,1.0,0.0,0.0,0.0,1
-0.7516416709837335,-1.3837714491773996,1.4697852154262876,3.2438149974736814,-0.2871552225083337,1.9214196539728847,1.757912493783066,0.7110421286796699,1.4471777498110607,2.1423264487912967,0.0,1.0,0.0,1.0,0.0,1.0,0.0,0.0,0.0,0.0,0.0,0.0,1.0,0.0,0.0,0.0,0.0,0.0,0.0,1.0,0.0,0.0,1
-0.048022039826482336,-1.3837714491773996,-0.20814970548946873,0.2569530922366421,-0.3640711822782186,-0.25009448791242994,0.2031796621303669,-0.2004787958090554,0.13690112367688617,0.5089404797217888,0.0,1.0,0.0,1.0,0.0,0.0,1.0,0.0,0.0,0.0,1.0,0.0,0.0,0.0,0.0,0.0,0.0,0.0,0.0,1.0,0.0,0.0,1
-0.5757367631944207,0.1469491804436178,-0.39777690926849907,-0.738667542842371,0.07428460539337109,-0.27840695873869886,-0.777497970142874,-0.4714939737321461,-0.14957151746934036,-0.6884997270944972,0.0,1.0,1.0,0.0,0.0,0.0,1.0,0.0,0.0,0.0,0.0,1.0,0.0,0.0,0.0,0.0,0.0,0.0,0.0,1.0,0.0,0.0,0
-1.103451486562359,0.1469491804436178,0.19166241761846814,-0.4897623840726178,0.5634831461331896,0.7263046270820688,-0.7834777118030768,-0.2541692690849414,0.5890627515500224,-0.3082800291683669,1.0,0.0,0.0,1.0,0.0,0.0,0.0,1.0,0.0,0.0,1.0,0.0,0.0,0.0,0.0,1.0,0.0,0.0,0.0,0.0,0.0,0.0,1
1.8869319458559584,-1.3837714491773996,-0.7504480639603406,-0.8216359290989554,-0.4092054832731305,-0.8689148130380383,-0.221381995744024,-0.4418630723728329,-0.9506267202948278,-0.8350702685971858,1.0,0.0,0.0,1.0,0.0,0.0,0.0,1.0,0.0,0.0,1.0,0.0,0.0,0.0,0.0,0.0,0.0,0.0,0.0,1.0,0.0,0.0,1
-0.7516416709837335,0.1469491804436178,-0.572163048070897,-0.738667542842371,-0.19296576329860177,-0.41801492141659286,-0.8253359034244956,-0.6221941495202412,-0.48457267139938937,-0.6884997270944972,0.0,1.0,0.0,1.0,0.0,0.0,1.0,0.0,0.0,0.0,0.0,1.0,0.0,0.0,0.0,0.0,0.0,0.0,1.0,0.0,0.0,0.0,1
1.7110270380666455,0.1469491804436178,-0.5913029901345749,0.2569530922366421,-0.6576663535749896,-0.7713352167273441,1.159938327762797,-0.24997791508878747,-0.5272594506267453,0.5089404797217888,1.0,0.0,0.0,1.0,0.0,0.0,1.0,0.0,0.0,0.0,0.0,1.0,0.0,0.0,0.0,0.0,0.0,0.0,0.0,1.0,0.0,0.0,1
0.03993041406817406,1.677669810064635,0.7197830412273564,-0.2408572253028645,0.8269673849682566,0.5238907369093735,-0.17952380412260519,0.6303521357966573,1.0143073934521971,0.006404293079320729,0.0,1.0,1.0,0.0,0.0,0.0,1.0,0.0,0.0,0.0,0.0,1.0,0.0,0.0,0.0,1.0,0.0,0.0,0.0,0.0,0.0,0.0,1
1.8869319458559584,-1.3837714491773996,-0.185465329710295,-0.738667542842371,0.39965649735778513,-0.5623020318273801,-0.10776690420017292,0.3369059284094871,0.16726969283937024,-0.6884997270944972,1.0,0.0,1.0,0.0,0.0,0.0,1.0,0.0,0.0,0.0,1.0,0.0,0.0,0.0,0.0,0.0,0.0,1.0,0.0,0.0,0.0,0.0,1
-0.3118794015104515,-1.3837714491773996,-0.7231559243510222,-0.9046043153555399,-0.29063165006855457,-0.6691127773836103,-0.8333088923047658,-0.6680247626438304,-0.8674248819422883,-0.994401518288044,0.0,1.0,0.0,1.0,0.0,0.0,1.0,0.0,0.0,0.0,1.0,0.0,0.0,0.0,0.0,1.0,0.0,0.0,0.0,0.0,0.0,0.0,1
0.12788286796283044,0.1469491804436178,-0.8752121307457961,-0.4897623840726178,-0.7445227233998808,-0.8532353368243427,-0.3648957955888885,-0.7513204234508324,-1.4192452033231364,-0.3082800291683669,0.0,1.0,0.0,1.0,0.0,0.0,1.0,0.0,0.0,0.0,0.0,0.0,1.0,0.0,0.0,0.0,0.0,0.0,0.0,1.0,0.0,0.0,0
0.03993041406817406,0.1469491804436178,1.074935299520045,1.2525737273156552,0.04839246262714333,0.8290608607429427,1.1121003944811756,0.9395352060405526,1.23742630723188,1.226830001045095,0.0,1.0,0.0,1.0,0.0,1.0,0.0,0.0,0.0,0.0,1.0,0.0,0.0,0.0,1.0,0.0,0.0,0.0,0.0,0.0,0.0,0.0,1
0.21583532185748686,0.1469491804436178,-0.6161140261430461,0.2569530922366421,-0.676678066794947,-0.648572942977305,0.34669346197523143,-0.5063533534915695,-0.5847850379180277,0.5089404797217888,1.0,0.0,0.0,1.0,0.0,0.0,1.0,0.0,0.0,0.0,1.0,0.0,0.0,0.0,0.0,0.0,0.0,0.0,0.0,1.0,0.0,0.0,1
0.8315024991200816,1.677669810064635,2.0227168750436473,-0.5727307703292022,3.087059159535603,1.0965872447503353,-0.21540225408382133,2.457216773899434,1.693210527672666,-0.42646001415210794,0.0,1.0,0.0,1.0,0.0,0.0,1.0,0.0,0.0,0.0,0.0,1.0,0.0,0.0,0.0,1.0,0.0,0.0,0.0,0.0,0.0,0.0,0
-0.9275465787730462,0.1469491804436178,-0.8053867865505269,0.2569530922366421,-0.821710279072908,-0.6527624200003715,-0.2751996706858482,-0.7915968496838126,-1.1363981528365357,0.5089404797217888,0.0,1.0,0.0,1.0,0.0,1.0,0.0,0.0,0.0,0.0,1.0,0.0,0.0,0.0,0.0,0.0,0.0,0.0,0.0,1.0,0.0,0.0,1
-0.3118794015104515,0.1469491804436178,-0.2159474596635597,-0.2408572253028645,-0.1290501940924593,-0.1788076345626849,-0.3230376039674697,-0.2755288890408016,0.12629448827882742,0.006404293079320729,0.0,1.0,0.0,1.0,0.0,1.0,0.0,0.0,0.0,0.0,1.0,0.0,0.0,0.0,0.0,1.0,0.0,0.0,0.0,0.0,0.0,0.0,1
0.12788286796283044,0.1469491804436178,-0.6625461078160424,-0.738667542842371,-0.33147967390114874,-0.6754375627830983,-0.586146237016388,-0.5610380947910831,-0.6998649468329539,-0.6884997270944972,1.0,0.0,0.0,0.0,1.0,0.0,0.0,0.0,1.0,0.0,1.0,0.0,0.0,0.0,0.0,0.0,0.0,0.0,1.0,0.0,0.0,0.0,1
0.03993041406817406,1.677669810064635,3.153745673658387,2.2481943623946683,0.5594906863569986,2.6153111364753614,1.9731831935503628,2.749274434563952,2.085231648908971,1.7412055880771133,0.0,1.0,1.0,0.0,0.0,1.0,0.0,0.0,0.0,0.0,0.0,0.0,1.0,0.0,0.0,1.0,0.0,0.0,0.0,0.0,0.0,0.0,1
-0.6636892170890771,0.1469491804436178,-0.0748789977868231,2.2481943623946683,-0.6774928545043738,0.10733830383515182,1.2077762610444187,-0.27127753611218736,0.3058623934208356,1.7412055880771133,0.0,1.0,0.0,1.0,0.0,0.0,1.0,0.0,0.0,0.0,0.0,0.0,1.0,0.0,0.0,0.0,0.0,0.0,0.0,1.0,0.0,0.0,0
-0.13597449372113873,-1.3837714491773996,3.093135857123407,0.7547634097761486,1.513851530408547,2.7781796110421673,0.5619641617425282,2.4908333186293232,2.066988971276173,0.9028425891112019,0.0,1.0,0.0,1.0,0.0,0.0,1.0,0.0,0.0,0.0,0.0,1.0,0.0,0.0,0.0,0.0,0.0,0.0,0.0,0.0,1.0,0.0,0
-0.3118794015104515,0.1469491804436178,-0.20354194165932407,-0.9875727016121243,0.8602831490870393,-0.1668155451156322,-0.8970928033469279,-0.26592905984715653,0.14312790659090704,-1.168929155728989,0.0,1.0,0.0,1.0,0.0,0.0,1.0,0.0,0.0,0.0,1.0,0.0,0.0,0.0,0.0,0.0,0.0,0.0,0.0,1.0,0.0,0.0,1
-0.8395941248783899,0.1469491804436178,-0.30739384952335375,-0.2408572253028645,-0.22247918477339296,-0.07712525854789529,-0.5383083037347665,-0.469925430212113,-0.005077448005703467,0.006404293079320729,1.0,0.0,0.0,1.0,0.0,0.0,1.0,0.0,0.0,0.0,1.0,0.0,0.0,0.0,0.0,0.0,0.0,0.0,0.0,1.0,0.0,0.0,1
1.1833123146987072,-1.3837714491773996,-0.7121681798329849,-0.738667542842371,-0.4075265267809784,-0.8085077063206337,-0.29911863732665894,-0.4756339000719055,-0.8353874717351941,-0.6884997270944972,0.0,1.0,0.0,1.0,0.0,1.0,0.0,0.0,0.0,0.0,0.0,1.0,0.0,0.0,0.0,0.0,0.0,0.0,1.0,0.0,0.0,0.0,1
-0.3118794015104515,0.1469491804436178,0.4748626714865901,-1.2364778603818776,3.9162802512436237,0.48898043207462016,-1.0884445364734139,0.25904445662817344,0.8343234146451756,-1.8220559825570277,1.0,0.0,0.0,1.0,0.0,0.0,1.0,0.0,0.0,0.0,1.0,0.0,0.0,0.0,0.0,0.0,0.0,0.0,1.0,0.0,0.0,0.0,0
-0.5757367631944207,1.677669810064635,-0.48567886541279726,0.2569530922366421,-0.5767307744385994,-0.37216973888826543,-0.08384793755936217,-0.5331385911970523,-0.307575967883769,0.5089404797217888,0.0,1.0,0.0,0.0,1.0,0.0,0.0,1.0,0.0,0.0,1.0,0.0,0.0,0.0,0.0,0.0,0.0,0.0,0.0,1.0,0.0,0.0,1
-1.103451486562359,0.1469491804436178,0.03428956065045045,-0.4897623840726178,0.37054141654093603,0.5146479725929702,-0.7834777118030768,-0.3416991402684261,0.42946172977585245,-0.3082800291683669,0.0,1.0,0.0,0.0,1.0,0.0,0.0,0.0,0.0,1.0,1.0,0.0,0.0,0.0,0.0,1.0,0.0,0.0,0.0,0.0,0.0,0.0,1
1.2712647685933636,0.1469491804436178,-0.601581847909513,-0.738667542842371,-0.2380506832202152,-0.7457388026390063,-0.2751996706858482,-0.33110504305115357,-0.5507808646085417,-0.6884997270944972,0.0,1.0,0.0,1.0,0.0,0.0,1.0,0.0,0.0,0.0,1.0,0.0,0.0,0.0,0.0,0.0,0.0,0.0,1.0,0.0,0.0,0.0,1
1.1833123146987072,-1.3837714491773996,-0.64730504283941,-0.2408572253028645,-0.5697598129246151,-0.7675597904011349,0.28689604537320457,-0.39877526759028514,-0.6609467334283198,0.006404293079320729,0.0,1.0,0.0,1.0,0.0,1.0,0.0,0.0,0.0,0.0,0.0,0.0,0.0,1.0,0.0,0.0,0.0,0.0,0.0,1.0,0.0,0.0,1
2.4146466692238966,0.1469491804436178,-0.6207217899731908,-0.4897623840726178,-0.43251334987006534,-0.8263587103462562,0.412470620237461,-0.18487907336938225,-0.5957568577480572,-0.3082800291683669,0.0,1.0,0.0,1.0,0.0,1.0,0.0,0.0,0.0,0.0,1.0,0.0,0.0,0.0,0.0,0.0,0.0,0.0,1.0,0.0,0.0,0.0,1
0.12788286796283044,0.1469491804436178,0.21505568014074106,0.2569530922366421,-0.03978567392637342,0.05827458476043689,0.29885552869360993,0.22419364814481574,0.6111865262175277,0.5089404797217888,0.0,1.0,0.0,1.0,0.0,0.0,0.0,1.0,0.0,0.0,0.0,0.0,1.0,0.0,0.0,1.0,0.0,0.0,0.0,0.0,0.0,0.0,1
-0.048022039826482336,-1.3837714491773996,2.6408661150261312,2.165225976138084,0.39397031930050913,2.267911454302348,1.807743674284755,2.2108782997696506,1.9220433218977329,1.7034484934142156,1.0,0.0,0.0,1.0,0.0,0.0,1.0,0.0,0.0,0.0,0.0,1.0,0.0,0.0,0.0,1.0,0.0,0.0,0.0,0.0,0.0,0.0,1
-0.8395941248783899,0.1469491804436178,0.5375991482508674,2.2481943623946683,-0.4428339941894708,0.928207180723264,1.0164245279179325,0.06135654544761226,0.8828739973685834,1.7412055880771133,0.0,1.0,0.0,1.0,0.0,0.0,1.0,0.0,0.0,0.0,0.0,1.0,0.0,0.0,0.0,1.0,0.0,0.0,0.0,0.0,0.0,0.0,1
-0.3998318554051079,1.677669810064635,1.5279139283604204,2.2481943623946683,-0.06341451749974907,1.5907384526742079,1.4948038607341476,1.0089453996210322,1.475365206786651,1.7412055880771133,0.0,1.0,1.0,0.0,0.0,0.0,0.0,1.0,0.0,0.0,0.0,0.0,1.0,0.0,0.0,0.0,0.0,0.0,0.0,0.0,0.0,1.0,1
1.1833123146987072,0.1469491804436178,-0.7724235529964151,-0.738667542842371,-0.499869133849343,-0.8465467538961245,-0.29911863732665894,-0.5470326296996403,-1.0217561692229766,-0.6884997270944972,1.0,0.0,0.0,1.0,0.0,0.0,1.0,0.0,0.0,0.0,0.0,0.0,1.0,0.0,0.0,0.0,0.0,0.0,0.0,1.0,0.0,0.0,1
1.0953598608040507,0.1469491804436178,-0.7965257022617872,0.2569530922366421,-0.8149203814943518,-0.8569888453874357,0.8250727947914466,-0.5843691082420668,-1.1045649046456343,0.5089404797217888,0.0,1.0,0.0,1.0,0.0,0.0,1.0,0.0,0.0,0.0,0.0,1.0,0.0,0.0,0.0,0.0,0.0,0.0,0.0,1.0,0.0,0.0,0
-0.8395941248783899,0.1469491804436178,-0.7780946469412086,-0.738667542842371,-0.508560202749895,-0.6371426576049841,-0.8492548700653063,-0.7658744502104835,-1.040767478516826,-0.6884997270944972,0.0,1.0,0.0,1.0,0.0,0.0,1.0,0.0,0.0,0.0,1.0,0.0,0.0,0.0,1.0,0.0,0.0,0.0,0.0,0.0,0.0,0.0,1
-0.6636892170890771,1.677669810064635,2.1715830910944747,1.2525737273156552,0.6086042788418885,2.5891623990325363,0.5380451951017174,1.2498153996208645,1.7521451596834883,1.226830001045095,0.0,1.0,0.0,0.0,1.0,0.0,1.0,0.0,0.0,0.0,0.0,0.0,1.0,0.0,0.0,1.0,0.0,0.0,0.0,0.0,0.0,0.0,0
0.7435500452254252,1.677669810064635,1.1156962872482479,0.2569530922366421,0.6503395159580807,0.5086349994540752,0.6337210616649604,1.4151724574813997,1.2607284458507657,0.5089404797217888,1.0,0.0,1.0,0.0,0.0,0.0,1.0,0.0,0.0,0.0,0.0,1.0,0.0,0.0,0.0,1.0,0.0,0.0,0.0,0.0,0.0,0.0,1
1.798979491961302,0.1469491804436178,0.5404346952232641,1.7503840448551617,-0.3487066140433142,-0.1518866174366483,3.216969458872522,1.2963745712100427,0.885025770951478,1.5020198905350652,0.0,1.0,1.0,0.0,0.0,0.0,1.0,0.0,0.0,0.0,0.0,0.0,0.0,1.0,0.0,1.0,0.0,0.0,0.0,0.0,0.0,0.0,1
0.919454953014738,1.677669810064635,1.544572766823251,2.2481943623946683,-0.05703201377590628,0.7274963875240121,2.929941859182793,2.0022877254334497,1.4833309863253235,1.7412055880771133,0.0,1.0,0.0,1.0,0.0,1.0,0.0,0.0,0.0,0.0,1.0,0.0,0.0,0.0,1.0,0.0,0.0,0.0,0.0,0.0,0.0,0.0,1
-0.8395941248783899,0.1469491804436178,2.370780265905344,2.2481943623946683,0.2595130113363847,3.10923879813536,1.0164245279179325,1.2139531805617478,1.8270132758673445,1.7412055880771133,1.0,0.0,0.0,1.0,0.0,0.0,1.0,0.0,0.0,0.0,0.0,0.0,1.0,0.0,0.0,0.0,0.0,0.0,1.0,0.0,0.0,0.0,0
-1.3673088482463283,0.1469491804436178,0.4975470472657638,-0.738667542842371,1.446387108068012,1.4719891356058814,-0.9927686699101709,-0.20425015727798737,0.8520901874659172,-0.6884997270944972,1.0,0.0,0.0,0.0,1.0,1.0,0.0,0.0,0.0,0.0,1.0,0.0,0.0,0.0,0.0,1.0,0.0,0.0,0.0,0.0,0.0,0.0,1
0.8315024991200816,-1.3837714491773996,-0.7033070955442452,-0.9046043153555399,-0.25412916068623637,-0.7773156873087314,-0.5741867536959826,-0.5092590160778603,-0.8101185120609528,-0.994401518288044,0.0,1.0,0.0,1.0,0.0,1.0,0.0,0.0,0.0,0.0,1.0,0.0,0.0,0.0,0.0,1.0,0.0,0.0,0.0,0.0,0.0,0.0,1
0.6555975913307688,0.1469491804436178,-0.2680506352813493,-0.2408572253028645,-0.18228299110834,-0.44961371559094565,0.07162534560590775,-0.0787238192950131,0.053090962060581365,0.006404293079320729,0.0,1.0,0.0,1.0,0.0,0.0,1.0,0.0,0.0,0.0,1.0,0.0,0.0,0.0,0.0,0.0,0.0,0.0,1.0,0.0,0.0,0.0,1
-0.3118794015104515,0.1469491804436178,-0.18652865982494377,0.008047933466888799,-0.2409994387400452,-0.1503692510168171,-0.13168587084098368,-0.2527635798101577,0.16586203368379965,0.2748578627176566,0.0,1.0,0.0,1.0,0.0,0.0,0.0,0.0,0.0,1.0,0.0,0.0,1.0,0.0,0.0,0.0,0.0,0.0,1.0,0.0,0.0,0.0,1
1.6230745841719891,-2.9144920787984168,-0.9212897690472427,-1.2364778603818776,-0.3629847986656496,-0.9544483659730066,-0.8253359034244956,-0.6946300035519323,-1.6469266745628781,-1.8220559825570277,1.0,0.0,0.0,1.0,0.0,0.0,1.0,0.0,0.0,0.0,1.0,0.0,0.0,0.0,0.0,1.0,0.0,0.0,0.0,0.0,0.0,0.0,1
0.5676451374361124,0.1469491804436178,0.18882687064607143,1.2525737273156552,-0.4042673759432714,-0.09784879396911293,1.5426417940157693,0.3637511650474301,0.5863550980504937,1.226830001045095,1.0,0.0,0.0,1.0,0.0,0.0,1.0,0.0,0.0,0.0,0.0,0.0,1.0,0.0,0.0,0.0,0.0,0.0,0.0,1.0,0.0,0.0,0
0.12788286796283044,-1.3837714491773996,-0.6831038233659186,0.2569530922366421,-0.7280096924888321,-0.6926246809404186,0.29885552869360993,-0.5794320532281921,-0.754292608301415,0.5089404797217888,0.0,1.0,0.0,1.0,0.0,1.0,0.0,0.0,0.0,0.0,0.0,0.0,0.0,1.0,0.0,1.0,0.0,0.0,0.0,0.0,0.0,0.0,0
1.1833123146987072,0.1469491804436178,-0.7915634950600929,-0.9046043153555399,-0.4164348724040442,-0.8586297454789273,-0.4944568648932801,-0.5697122261696266,-1.0870757462329326,-0.994401518288044,0.0,1.0,0.0,1.0,0.0,0.0,1.0,0.0,0.0,0.0,0.0,1.0,0.0,0.0,0.0,1.0,0.0,0.0,0.0,0.0,0.0,0.0,1
0.7435500452254252,0.1469491804436178,2.429972308954125,2.2481943623946683,0.2821912692487625,1.432617704278415,2.738590126056307,2.8135932901613736,1.8484477120934002,1.7412055880771133,0.0,1.0,1.0,0.0,0.0,0.0,0.0,0.0,1.0,0.0,1.0,0.0,0.0,0.0,0.0,1.0,0.0,0.0,0.0,0.0,0.0,0.0,0
-0.22392694761579512,0.1469491804436178,-0.6125695924275503,-1.2364778603818776,0.5832553278819455,-0.5782324666216604,-1.0764850531530086,-0.5692236634338786,-0.5764082634904569,-1.8220559825570277,0.0,1.0,0.0,1.0,0.0,0.0,0.0,0.0,0.0,1.0,1.0,0.0,0.0,0.0,0.0,0.0,0.0,0.0,1.0,0.0,0.0,0.0,1
-1.0154990326677027,-1.3837714491773996,0.545751345796508,0.7547634097761486,-0.047716274298127095,1.1069727749127352,-0.036010004277740655,-0.01599064976975611,0.8890506916375033,0.9028425891112019,1.0,0.0,0.0,0.0,1.0,1.0,0.0,0.0,0.0,0.0,1.0,0.0,0.0,0.0,0.0,1.0,0.0,0.0,0.0,0.0,0.0,0.0,1
-0.22392694761579512,-1.3837714491773996,-0.9017953836120153,-0.738667542842371,-0.6981341431431846,-0.8493471329778851,-0.681822103579631,-0.800030985332515,-1.5456541309498095,-0.6884997270944972,0.0,1.0,0.0,1.0,0.0,0.0,0.0,1.0,0.0,0.0,0.0,1.0,0.0,0.0,0.0,0.0,0.0,0.0,0.0,1.0,0.0,0.0,0
-1.0154990326677027,0.1469491804436178,-0.7210292641217246,-1.0705410878687087,-0.08514218975112904,-0.5257787558974092,-1.0884445364734139,-0.7512004255859118,-0.8611616418566824,-1.3618605080260047,1.0,0.0,0.0,1.0,0.0,0.0,1.0,0.0,0.0,0.0,0.0,0.0,1.0,0.0,0.0,0.0,0.0,0.0,1.0,0.0,0.0,0.0,0
-1.1914039404570154,-1.3837714491773996,-1.06164934418088,-0.9875727016121243,-0.8931400015993194,-0.9533408714208979,-1.0764850531530086,-0.9536196811547695,-2.791368560842103,-1.168929155728989,0.0,1.0,0.0,0.0,1.0,0.0,1.0,0.0,0.0,0.0,0.0,0.0,1.0,0.0,0.0,1.0,0.0,0.0,0.0,0.0,0.0,0.0,1
0.3917402296467996,-2.9144920787984168,0.747784067579774,2.2481943623946683,-0.36230580890779396,0.3840667809692622,2.355886659803335,0.8392169909669622,1.0333709701803384,1.7412055880771133,0.0,1.0,1.0,0.0,0.0,1.0,0.0,0.0,0.0,0.0,0.0,0.0,1.0,0.0,0.0,0.0,0.0,0.0,0.0,0.0,0.0,1.0,1
-0.9275465787730462,0.1469491804436178,0.7938617058812206,0.2569530922366421,0.40373043590491886,1.326055685969062,-0.2751996706858482,0.17524309053329196,1.0641404748866021,0.5089404797217888,0.0,1.0,0.0,1.0,0.0,0.0,0.0,1.0,0.0,0.0,1.0,0.0,0.0,0.0,0.0,0.0,0.0,0.0,1.0,0.0,0.0,0.0,1
-0.8395941248783899,0.1469491804436178,0.169332485210844,0.2569530922366421,-0.07482154543172352,0.49006103793688194,-0.2273617374042267,-0.1701879061926791,0.5675844268900024,0.5089404797217888,1.0,0.0,0.0,1.0,0.0,0.0,1.0,0.0,0.0,0.0,0.0,0.0,0.0,1.0,0.0,0.0,0.0,0.0,1.0,0.0,0.0,0.0,1
-0.9275465787730462,-1.3837714491773996,-0.916682005217098,-0.738667542842371,-0.7209481990071335,-0.7904727225877833,-0.873173836706117,-0.8588813667999853,-1.622261678461281,-0.6884997270944972,0.0,1.0,0.0,1.0,0.0,0.0,1.0,0.0,0.0,0.0,0.0,0.0,1.0,0.0,0.0,1.0,0.0,0.0,0.0,0.0,0.0,0.0,0
-0.5757367631944207,-1.3837714491773996,-0.6299373176334802,-1.4024146328950464,1.3415510894551042,-0.5260465595369493,-1.2399313251985487,-0.6343053626011523,-0.617984667846334,-2.43818853673469,0.0,1.0,0.0,1.0,0.0,1.0,0.0,0.0,0.0,0.0,0.0,0.0,0.0,1.0,0.0,1.0,0.0,0.0,0.0,0.0,0.0,0.0,1
-0.3998318554051079,0.1469491804436178,-0.1861742164533942,1.2525737273156552,-0.595833019626271,-0.1196761336025634,0.7533158948690143,-0.2760260230526153,0.1663314242036612,1.226830001045095,0.0,1.0,0.0,1.0,0.0,0.0,1.0,0.0,0.0,0.0,0.0,1.0,0.0,0.0,0.0,0.0,0.0,0.0,1.0,0.0,0.0,0.0,0
0.21583532185748686,-1.3837714491773996,-0.9085298076714574,-0.738667542842371,-0.7084547874625902,-0.8866114101969973,-0.5622272703755773,-0.7750628581529723,-1.5797471962989977,-0.6884997270944972,0.0,1.0,0.0,1.0,0.0,0.0,1.0,0.0,0.0,0.0,0.0,1.0,0.0,0.0,0.0,0.0,0.0,0.0,1.0,0.0,0.0,0.0,1
1.0953598608040507,-1.3837714491773996,0.38270739488369687,0.2569530922366421,0.08867918825991015,-0.09703300557135427,0.8250727947914466,0.7844293943546596,0.7595172754169809,0.5089404797217888,1.0,0.0,0.0,1.0,0.0,1.0,0.0,0.0,0.0,0.0,0.0,0.0,1.0,0.0,0.0,0.0,0.0,0.0,1.0,0.0,0.0,0.0,1
-0.3118794015104515,0.1469491804436178,-0.9110109112723046,-0.738667542842371,-0.7122571301065816,-0.8507072747246938,-0.7057410702204417,-0.8133936047190263,-1.5925386085956157,-0.6884997270944972,0.0,1.0,0.0,1.0,0.0,0.0,1.0,0.0,0.0,0.0,1.0,0.0,0.0,0.0,0.0,0.0,0.0,1.0,0.0,0.0,0.0,0.0,1
-0.7516416709837335,-1.3837714491773996,0.13176148782658753,-0.4897623840726178,0.4900436139235256,0.3884626114290071,-0.663882878599023,-0.16258518432235486,0.530618629235322,-0.3082800291683669,1.0,0.0,0.0,1.0,0.0,0.0,1.0,0.0,0.0,0.0,0.0,1.0,0.0,0.0,0.0,0.0,0.0,0.0,1.0,0.0,0.0,0.0,1
-0.6636892170890771,1.677669810064635,0.34655417098563873,0.7547634097761486,-0.16982579235088227,0.572925058203989,0.2031796621303669,0.014077386668910584,0.728942378764308,0.9028425891112019,0.0,1.0,0.0,1.0,0.0,0.0,1.0,0.0,0.0,0.0,0.0,0.0,1.0,0.0,0.0,1.0,0.0,0.0,0.0,0.0,0.0,0.0,0
-0.3118794015104515,0.1469491804436178,-0.4725644606654624,0.2569530922366421,-0.5666817260223362,-0.4268725705531461,0.059665862285502365,-0.47410821293220123,-0.28273807448262617,0.5089404797217888,0.0,1.0,0.0,1.0,0.0,0.0,1.0,0.0,0.0,0.0,0.0,1.0,0.0,0.0,0.0,0.0,0.0,0.0,0.0,1.0,0.0,0.0,0
-0.13597449372113873,1.677669810064635,-0.1280455035192615,0.2569530922366421,-0.30269050816807036,-0.1524855020957087,0.1553417288487454,-0.15762241548028302,0.24108749782436265,0.5089404797217888,0.0,1.0,1.0,0.0,0.0,0.0,1.0,0.0,0.0,0.0,0.0,1.0,0.0,0.0,0.0,1.0,0.0,0.0,0.0,0.0,0.0,0.0,1
-0.6636892170890771,0.1469491804436178,-0.21701078977820845,-0.2408572253028645,-0.13013657770502823,-0.049684646965440164,-0.46655140381233423,-0.3675158237784786,0.12484134397855953,0.006404293079320729,0.0,1.0,0.0,1.0,0.0,0.0,0.0,0.0,0.0,1.0,0.0,1.0,0.0,0.0,0.0,0.0,0.0,0.0,1.0,0.0,0.0,0.0,1
0.03993041406817406,0.1469491804436178,-0.7951079287755888,-0.2408572253028645,-0.7207671350717054,-0.7778029849116591,-0.17952380412260519,-0.688458684784589,-1.09954374523657,0.006404293079320729,1.0,0.0,0.0,1.0,0.0,0.0,1.0,0.0,0.0,0.0,1.0,0.0,0.0,0.0,0.0,1.0,0.0,0.0,0.0,0.0,0.0,0.0,1
0.3037877757521432,-1.3837714491773996,0.04492286179693813,-1.0705410878687087,1.6756140503200703,-0.13560097089923798,-0.8492548700653063,0.1302181773598837,0.4408907146340219,-1.3618605080260047,0.0,1.0,0.0,1.0,0.0,0.0,1.0,0.0,0.0,0.0,0.0,1.0,0.0,0.0,0.0,1.0,0.0,0.0,0.0,0.0,0.0,0.0,1
1.1833123146987072,0.1469491804436178,0.8966502836306015,-0.738667542842371,2.0580210819443567,0.20713486394496855,-0.29911863732665894,1.4307121809886127,1.1302434290912926,-0.6884997270944972,0.0,1.0,0.0,0.0,1.0,1.0,0.0,0.0,0.0,0.0,1.0,0.0,0.0,0.0,0.0,0.0,0.0,0.0,1.0,0.0,0.0,0.0,1
-0.13597449372113873,0.1469491804436178,-0.6189495731154429,0.2569530922366421,-0.6788508340200851,-0.5991152536027464,0.1553417288487454,-0.5612438054166612,-0.5915258692160412,0.5089404797217888,1.0,0.0,0.0,1.0,0.0,0.0,0.0,0.0,0.0,1.0,1.0,0.0,0.0,0.0,0.0,1.0,0.0,0.0,0.0,0.0,0.0,0.0,1
-0.3998318554051079,0.1469491804436178,0.42594948621274675,1.2525737273156552,-0.28313560314182845,0.491135692389989,0.7533158948690143,0.18285438367968193,0.7951597196104057,1.226830001045095,0.0,1.0,0.0,1.0,0.0,0.0,1.0,0.0,0.0,0.0,0.0,0.0,0.0,1.0,0.0,0.0,0.0,0.0,0.0,1.0,0.0,0.0,1
-0.6636892170890771,0.1469491804436178,-0.7809301939136052,-1.2364778603818776,0.06722311191167256,-0.6726859305657933,-1.1362824697550353,-0.7493490299557088,-1.050379310915837,-1.8220559825570277,0.0,1.0,0.0,1.0,0.0,0.0,1.0,0.0,0.0,0.0,0.0,0.0,1.0,0.0,0.0,0.0,0.0,0.0,0.0,1.0,0.0,0.0,1
3.4700761159597735,1.677669810064635,1.1851671880719674,0.2569530922366421,0.7035723129739616,-0.12384960178247771,2.116696993395227,3.2467598686964076,1.2994977812802597,0.5089404797217888,0.0,1.0,1.0,0.0,0.0,0.0,1.0,0.0,0.0,0.0,0.0,1.0,0.0,0.0,0.0,1.0,0.0,0.0,0.0,0.0,0.0,0.0,1
-0.4877843092997643,0.1469491804436178,-0.49879327016013203,-0.2408572253028645,-0.41802823503581205,-0.40964964589966474,-0.394794503889902,-0.5263587118290405,-0.3329018148809342,0.006404293079320729,1.0,0.0,0.0,1.0,0.0,0.0,0.0,1.0,0.0,0.0,1.0,0.0,0.0,0.0,0.0,0.0,0.0,1.0,0.0,0.0,0.0,0.0,0
-1.0154990326677027,1.677669810064635,1.4662407817107916,3.2438149974736814,-0.2882416061209027,2.2933901575411473,1.3991279941709047,0.5182398448565887,1.4454389027055765,2.1423264487912967,1.0,0.0,0.0,1.0,0.0,0.0,0.0,1.0,0.0,0.0,0.0,0.0,1.0,0.0,0.0,1.0,0.0,0.0,0.0,0.0,0.0,0.0,0
-1.0154990326677027,-1.3837714491773996,2.9485229615311748,2.2481943623946683,0.4808636723973176,4.203901322020169,0.8250727947914466,1.3785216810242338,2.02239055467439,1.7412055880771133,1.0,0.0,0.0,0.0,1.0,0.0,0.0,1.0,0.0,0.0,1.0,0.0,0.0,0.0,0.0,1.0,0.0,0.0,0.0,0.0,0.0,0.0,0
-1.103451486562359,0.1469491804436178,0.2972865423402458,0.2569530922366421,0.02322457560262825,0.8683624717616891,-0.3708755372490912,-0.19542174293026027,0.6860736603139008,0.5089404797217888,0.0,1.0,0.0,0.0,1.0,0.0,1.0,0.0,0.0,0.0,0.0,1.0,0.0,0.0,0.0,0.0,0.0,0.0,1.0,0.0,0.0,0.0,0
0.7435500452254252,1.677669810064635,0.03996065459524388,-1.2364778603818776,2.583287558621466,-0.24764534281719514,-0.9449307366285493,0.27056425166054743,0.4355697947338415,-1.8220559825570277,0.0,1.0,0.0,0.0,1.0,0.0,1.0,0.0,0.0,0.0,0.0,1.0,0.0,0.0,0.0,0.0,0.0,0.0,1.0,0.0,0.0,0.0,0
-1.103451486562359,-1.3837714491773996,-0.41479019110287935,-0.6556991565857866,-0.039576754000879455,-0.08933621938380494,-0.8751670839261847,-0.5914746961005772,-0.1786793816105536,-0.5527966015513275,1.0,0.0,0.0,1.0,0.0,0.0,1.0,0.0,0.0,0.0,0.0,0.0,1.0,0.0,0.0,0.0,0.0,0.0,0.0,1.0,0.0,0.0,1
-1.0154990326677027,0.1469491804436178,-0.7075604160028403,-0.4897623840726178,-0.5389789439018269,-0.5084187787931044,-0.7535790035020633,-0.7433834218139438,-0.8221858174726981,-0.3082800291683669,1.0,0.0,0.0,0.0,1.0,1.0,0.0,0.0,0.0,0.0,0.0,1.0,0.0,0.0,0.0,0.0,1.0,0.0,0.0,0.0,0.0,0.0,0
-0.6636892170890771,0.1469491804436178,0.3181987012616716,0.2569530922366421,0.03924873388802099,0.5415987837300553,-0.13168587084098368,-0.005122271718379437,0.7044441394632078,0.5089404797217888,0.0,1.0,0.0,1.0,0.0,0.0,1.0,0.0,0.0,0.0,0.0,1.0,0.0,0.0,0.0,0.0,0.0,0.0,1.0,0.0,0.0,0.0,1
-0.3998318554051079,-1.3837714491773996,-0.6203673466016413,-0.9046043153555399,-0.10160090148154935,-0.5529387200767248,-0.8532413645054414,-0.6015202316496414,-0.5949095484513323,-0.994401518288044,0.0,1.0,0.0,1.0,0.0,0.0,1.0,0.0,0.0,0.0,0.0,0.0,1.0,0.0,0.0,0.0,0.0,0.0,1.0,0.0,0.0,0.0,1
-1.0154990326677027,0.1469491804436178,0.8760925680807253,0.2569530922366421,0.46674068543392055,1.5327490554709482,-0.3230376039674697,0.17573165326903994,1.1172912153770784,0.5089404797217888,1.0,0.0,1.0,0.0,0.0,0.0,1.0,0.0,0.0,0.0,0.0,0.0,1.0,0.0,0.0,0.0,0.0,1.0,0.0,0.0,0.0,0.0,1
-0.8395941248783899,-1.3837714491773996,0.11616597947840561,0.008047933466888799,0.024078162726789594,0.42680606063374715,-0.3828350205694966,-0.20361588284912152,0.5149574851901357,0.2748578627176566,1.0,0.0,0.0,0.0,1.0,0.0,1.0,0.0,0.0,0.0,0.0,1.0,0.0,0.0,0.0,0.0,0.0,0.0,1.0,0.0,0.0,0.0,1
-0.9275465787730462,0.1469491804436178,-0.020649161939735913,-0.2408572253028645,0.07048226274937955,0.31822678359367246,-0.5741867536959826,-0.31717671944430254,0.3687416928699682,0.006404293079320729,0.0,1.0,0.0,0.0,1.0,0.0,0.0,0.0,1.0,0.0,0.0,0.0,1.0,0.0,0.0,0.0,0.0,0.0,0.0,1.0,0.0,0.0,1
-0.22392694761579512,1.677669810064635,0.41389841158006074,-0.2408572253028645,0.5144510324192424,0.3839588002504314,-0.2871591540062536,0.24991604761814493,0.7853252192258157,0.006404293079320729,0.0,1.0,0.0,1.0,0.0,0.0,1.0,0.0,0.0,0.0,0.0,0.0,1.0,0.0,1.0,0.0,0.0,0.0,0.0,0.0,0.0,0.0,1
0.12788286796283044,-1.3837714491773996,0.2402211595207619,-0.9046043153555399,1.481042745308963,0.07931398802198415,-0.7336465313013877,0.24671039036955275,0.6345699376075142,-0.994401518288044,0.0,1.0,0.0,1.0,0.0,0.0,1.0,0.0,0.0,0.0,0.0,0.0,0.0,1.0,0.0,1.0,0.0,0.0,0.0,0.0,0.0,0.0,1
0.6555975913307688,-1.3837714491773996,-0.6423428356377158,-0.4897623840726178,-0.4590211100167488,-0.7188739724645697,-0.18550354578280787,-0.4679283228887922,-0.6485250718220226,-0.3082800291683669,1.0,0.0,0.0,1.0,0.0,0.0,1.0,0.0,0.0,0.0,1.0,0.0,0.0,0.0,0.0,0.0,0.0,0.0,0.0,1.0,0.0,0.0,1
-1.103451486562359,0.1469491804436178,-0.8468566610218289,-0.6556991565857866,-0.6507928880262358,-0.670438610875272,-0.8751670839261847,-0.8317875631561353,-1.2968110517523124,-0.5527966015513275,0.0,1.0,0.0,1.0,0.0,0.0,1.0,0.0,0.0,0.0,0.0,0.0,1.0,0.0,0.0,0.0,0.0,0.0,0.0,1.0,0.0,0.0,1
-1.103451486562359,-2.9144920787984168,0.17252247555479033,0.2569530922366421,-0.07237718230344328,0.7005626015360975,-0.3708755372490912,-0.26481479395860846,0.5706747544949957,0.5089404797217888,1.0,0.0,0.0,0.0,1.0,0.0,0.0,0.0,1.0,0.0,0.0,0.0,1.0,0.0,0.0,0.0,0.0,0.0,0.0,1.0,0.0,0.0,1
-0.13597449372113873,-1.3837714491773996,-0.5416809181176324,-1.2364778603818776,0.8005320503957444,-0.5288154082391838,-1.064525569832603,-0.497713507217289,-0.41937972845690147,-1.8220559825570277,0.0,1.0,0.0,1.0,0.0,0.0,0.0,1.0,0.0,0.0,1.0,0.0,0.0,0.0,1.0,0.0,0.0,0.0,0.0,0.0,0.0,0.0,1
-0.3118794015104515,0.1469491804436178,-0.7568280446482332,-0.9875727016121243,-0.2702800637264286,-0.7016627344541818,-0.8970928033469279,-0.694081441883724,-0.970876053593632,-1.168929155728989,0.0,1.0,1.0,0.0,0.0,0.0,0.0,0.0,0.0,1.0,0.0,0.0,1.0,0.0,0.0,0.0,0.0,1.0,0.0,0.0,0.0,0.0,0
-1.103451486562359,0.1469491804436178,-0.7213837074932742,-0.9875727016121243,-0.19785448955516224,-0.5016853322961257,-1.0585458281724005,-0.7620002334287624,-0.8622034043768535,-1.168929155728989,1.0,0.0,0.0,0.0,1.0,0.0,1.0,0.0,0.0,0.0,1.0,0.0,0.0,0.0,0.0,0.0,1.0,0.0,0.0,0.0,0.0,0.0,1
-0.5757367631944207,0.1469491804436178,-0.8195645214125105,-0.9875727016121243,-0.3984733300095701,-0.7283170731660545,-0.9509104782887521,-0.767288710761333,-1.1890250945364012,-1.168929155728989,1.0,0.0,0.0,1.0,0.0,0.0,1.0,0.0,0.0,0.0,0.0,0.0,1.0,0.0,0.0,0.0,0.0,0.0,1.0,0.0,0.0,0.0,0
0.21583532185748686,1.677669810064635,-0.014978067994942484,-0.2408572253028645,0.07627630868308083,-0.15922356066870114,-0.10776690420017292,0.04604824639417477,0.37514359825946425,0.006404293079320729,0.0,1.0,0.0,1.0,0.0,1.0,0.0,0.0,0.0,0.0,1.0,0.0,0.0,0.0,0.0,1.0,0.0,0.0,0.0,0.0,0.0,0.0,1
-0.6636892170890771,0.1469491804436178,1.037718745507338,-0.738667542842371,2.274211420845587,1.3365029985061188,-0.8014169367836849,0.4820690598591048,1.2157762166362382,-0.6884997270944972,0.0,1.0,0.0,0.0,1.0,0.0,1.0,0.0,0.0,0.0,0.0,1.0,0.0,0.0,0.0,0.0,0.0,0.0,0.0,1.0,0.0,0.0,0
0.919454953014738,0.1469491804436178,-0.9017953836120153,-0.9046043153555399,-0.6191540545094187,-0.9176097265342759,-0.554254281495307,-0.7190238552350695,-1.5456541309498095,-0.994401518288044,0.0,1.0,1.0,0.0,0.0,0.0,0.0,0.0,1.0,0.0,1.0,0.0,0.0,0.0,0.0,0.0,0.0,1.0,0.0,0.0,0.0,0.0,1
-1.103451486562359,-1.3837714491773996,-0.7178392737777783,0.2569530922366421,-0.7546260909967725,-0.49691829052835323,-0.3708755372490912,-0.7600288399336389,-0.8518234686834666,0.5089404797217888,0.0,1.0,0.0,1.0,0.0,0.0,1.0,0.0,0.0,0.0,0.0,0.0,1.0,0.0,0.0,1.0,0.0,0.0,0.0,0.0,0.0,0.0,0
1.1833123146987072,0.1469491804436178,-0.3332682156464738,-0.738667542842371,0.1731455141371496,-0.5693092248018127,-0.29911863732665894,-0.02666188847162043,-0.04481469418495402,-0.6884997270944972,0.0,1.0,0.0,1.0,0.0,1.0,0.0,0.0,0.0,0.0,1.0,0.0,0.0,0.0,0.0,0.0,0.0,0.0,0.0,1.0,0.0,0.0,1
-0.8395941248783899,1.677669810064635,0.42240505249725085,1.2525737273156552,-0.28494624249611006,0.7911547298998048,0.39453139525685293,-0.011070737308013041,0.792274999121545,1.226830001045095,0.0,1.0,0.0,1.0,0.0,0.0,1.0,0.0,0.0,0.0,1.0,0.0,0.0,0.0,0.0,0.0,0.0,0.0,0.0,1.0,0.0,0.0,0
-0.6636892170890771,0.1469491804436178,-0.8844276584060854,-0.738667542842371,-0.6715177446352443,-0.7870268323956506,-0.8014169367836849,-0.8194277830693174,-1.4616777770746898,-0.6884997270944972,0.0,1.0,0.0,1.0,0.0,0.0,1.0,0.0,0.0,0.0,1.0,0.0,0.0,0.0,0.0,0.0,0.0,0.0,0.0,1.0,0.0,0.0,1
-1.103451486562359,0.1469491804436178,-0.3066849627802546,0.7547634097761486,-0.5702667919438139,0.05605855453325614,-0.09580742087976754,-0.5313471944993096,-0.0040058094996418886,0.9028425891112019,1.0,0.0,0.0,0.0,1.0,0.0,1.0,0.0,0.0,0.0,0.0,1.0,0.0,0.0,0.0,0.0,0.0,0.0,1.0,0.0,0.0,0.0,0
2.238741761434584,0.1469491804436178,-0.7203203773786254,-0.2408572253028645,-0.6443581543210194,-0.8681926960121293,0.7174374449077981,-0.3578559956523733,-0.8590806389051263,0.006404293079320729,0.0,1.0,1.0,0.0,0.0,1.0,0.0,0.0,0.0,0.0,0.0,0.0,1.0,0.0,0.0,0.0,0.0,1.0,0.0,0.0,0.0,0.0,1
0.12788286796283044,1.677669810064635,0.04527730516848772,-0.738667542842371,0.7532743632489931,-0.08366730484915645,-0.586146237016388,0.07228492243144921,0.44126994130201863,-0.6884997270944972,0.0,1.0,0.0,1.0,0.0,1.0,0.0,0.0,0.0,0.0,0.0,0.0,0.0,1.0,0.0,0.0,0.0,0.0,0.0,1.0,0.0,0.0,1
0.03993041406817406,0.1469491804436178,-0.3630414588566393,-0.738667542842371,0.1275174024092518,-0.40654312368099965,-0.6100652036571987,-0.31231680591501976,-0.09210873470504934,-0.6884997270944972,1.0,0.0,0.0,1.0,0.0,0.0,1.0,0.0,0.0,0.0,0.0,0.0,0.0,1.0,0.0,1.0,0.0,0.0,0.0,0.0,0.0,0.0,1
-1.279356394351672,0.1469491804436178,-0.5335287205719919,-1.2364778603818776,0.8255188734848312,-0.16885501611002884,-1.219998852997873,-0.6877901252514602,-0.4024890487229708,-1.8220559825570277,0.0,1.0,0.0,0.0,1.0,0.0,1.0,0.0,0.0,0.0,1.0,0.0,0.0,0.0,0.0,0.0,0.0,0.0,1.0,0.0,0.0,0.0,1
-0.9275465787730462,-2.9144920787984168,-0.28293725688643206,-0.2408572253028645,-0.197492361684306,-0.006313419956279098,-0.5741867536959826,-0.4757453266607603,0.03138880466268529,0.006404293079320729,0.0,1.0,0.0,1.0,0.0,0.0,1.0,0.0,0.0,0.0,0.0,1.0,0.0,0.0,0.0,0.0,0.0,0.0,1.0,0.0,0.0,0.0,0
0.03993041406817406,0.1469491804436178,-0.6129240357990998,-0.738667542842371,-0.25543282102131903,-0.6212586299710857,-0.6100652036571987,-0.5298557924638683,-0.5772434958154672,-0.6884997270944972,0.0,1.0,0.0,1.0,0.0,0.0,1.0,0.0,0.0,0.0,1.0,0.0,0.0,0.0,1.0,0.0,0.0,0.0,0.0,0.0,0.0,0.0,1
-0.7516416709837335,0.1469491804436178,0.20513126573735255,-0.2408572253028645,0.3011577164848629,0.47252144793406203,-0.5024298537735504,-0.11468032239085311,0.6018470107624604,0.006404293079320729,0.0,1.0,0.0,1.0,0.0,0.0,1.0,0.0,0.0,0.0,1.0,0.0,0.0,0.0,0.0,1.0,0.0,0.0,0.0,0.0,0.0,0.0,1
-1.1914039404570154,0.1469491804436178,0.13424259142743467,-0.2408572253028645,0.2287321423135965,0.7281681070458346,-0.681822103579631,-0.3173910013459464,0.533092726592316,0.006404293079320729,1.0,0.0,0.0,0.0,1.0,0.0,1.0,0.0,0.0,0.0,0.0,1.0,0.0,0.0,0.0,0.0,0.0,0.0,1.0,0.0,0.0,0.0,1
0.5676451374361124,0.1469491804436178,0.06193614363131842,1.2525737273156552,-0.4690882648265548,-0.19130551281634792,1.5426417940157693,0.23487345812274582,0.4589689221629467,1.226830001045095,0.0,1.0,0.0,1.0,0.0,0.0,1.0,0.0,0.0,0.0,0.0,1.0,0.0,0.0,0.0,0.0,0.0,0.0,1.0,0.0,0.0,0.0,0
0.3917402296467996,0.1469491804436178,-0.09579115670824888,-0.2408572253028645,-0.00628884587216275,-0.2683028849504037,-0.036010004277740655,0.02323150950713636,0.28077115710267275,0.006404293079320729,1.0,0.0,0.0,0.0,1.0,0.0,1.0,0.0,0.0,0.0,0.0,0.0,1.0,0.0,0.0,0.0,0.0,0.0,1.0,0.0,0.0,0.0,1
0.03993041406817406,0.1469491804436178,-0.06814457372738089,1.2525737273156552,-0.5355387291286917,-0.1531483701585151,1.1121003944811756,-0.055589945193541775,0.31383976455953877,1.226830001045095,0.0,1.0,0.0,1.0,0.0,1.0,0.0,0.0,0.0,0.0,1.0,0.0,0.0,0.0,0.0,1.0,0.0,0.0,0.0,0.0,0.0,0.0,1
-0.22392694761579512,0.1469491804436178,0.991995550577441,-0.2408572253028645,1.1050815897859194,0.9258558845972484,-0.2871591540062536,0.7112478393052479,1.1886699527585909,0.006404293079320729,0.0,1.0,0.0,1.0,0.0,0.0,1.0,0.0,0.0,0.0,1.0,0.0,0.0,0.0,0.0,0.0,0.0,0.0,0.0,1.0,0.0,0.0,1
-1.103451486562359,0.1469491804436178,-0.39884023938314783,-0.9046043153555399,0.3057929532318239,-0.06788453142882869,-1.0127011421108465,-0.5826034253725213,-0.15137163093178374,-0.994401518288044,1.0,0.0,0.0,0.0,1.0,0.0,1.0,0.0,0.0,0.0,1.0,0.0,0.0,0.0,0.0,0.0,0.0,0.0,1.0,0.0,0.0,0.0,1
2.4146466692238966,1.677669810064635,3.7162473043075854,3.2438149974736814,0.4013947111378956,1.3031318144484703,6.063326489129002,6.422443364886638,2.2432515700929363,2.1423264487912967,0.0,1.0,1.0,0.0,0.0,1.0,0.0,0.0,0.0,0.0,1.0,0.0,0.0,0.0,0.0,1.0,0.0,0.0,0.0,0.0,0.0,0.0,1
2.1507893075399274,1.677669810064635,4.0799062035174645,3.2438149974736814,0.5128576697874745,1.6103207426370263,5.704541989516841,6.596371698812927,2.33598247435267,2.1423264487912967,1.0,0.0,1.0,0.0,0.0,0.0,0.0,1.0,0.0,0.0,0.0,0.0,1.0,0.0,0.0,0.0,0.0,0.0,0.0,0.0,0.0,1.0,0
0.12788286796283044,0.1469491804436178,1.564421595630028,2.2481943623946683,-0.049427328487923375,1.1864014610521327,2.068859060113606,1.4315350234909252,1.4927583120543573,1.7412055880771133,1.0,0.0,0.0,0.0,1.0,0.0,1.0,0.0,0.0,0.0,0.0,1.0,0.0,0.0,1.0,0.0,0.0,0.0,0.0,0.0,0.0,0.0,0
-0.13597449372113873,0.1469491804436178,-0.33716709273351925,-0.2408572253028645,-0.2528979259253248,-0.34274655147415806,-0.25128070404503744,-0.3295622133593178,-0.050910124209675216,0.006404293079320729,0.0,1.0,0.0,1.0,0.0,0.0,1.0,0.0,0.0,0.0,1.0,0.0,0.0,0.0,0.0,0.0,0.0,0.0,0.0,1.0,0.0,0.0,1
0.03993041406817406,0.1469491804436178,-0.859616622397614,-1.1535094741252931,-0.30525126954055437,-0.8332330872447027,-0.9688497032693602,-0.7446176855674124,-1.3504725759811127,-1.5775394101740676,0.0,1.0,1.0,0.0,0.0,1.0,0.0,0.0,0.0,0.0,1.0,0.0,0.0,0.0,0.0,0.0,0.0,0.0,0.0,1.0,0.0,0.0,1
1.8869319458559584,1.677669810064635,3.9154444791184546,1.2525737273156552,1.499438841148465,1.6632374152286524,2.618995292852253,5.989576781013906,2.2948697878177207,1.226830001045095,0.0,1.0,1.0,0.0,0.0,0.0,1.0,0.0,0.0,0.0,0.0,0.0,1.0,0.0,0.0,1.0,0.0,0.0,0.0,0.0,0.0,0.0,0
1.4471696763826765,-1.3837714491773996,-1.0311672142276154,-1.2364778603818776,-0.6997637185620381,-1.0145640221803565,-0.8492548700653063,-0.8443187687642685,-2.4427929200763407,-1.8220559825570277,1.0,0.0,0.0,1.0,0.0,0.0,0.0,1.0,0.0,0.0,1.0,0.0,0.0,0.0,0.0,1.0,0.0,0.0,0.0,0.0,0.0,0.0,1
0.3037877757521432,0.1469491804436178,-0.3754469768608749,-0.07492045278969563,-0.3721104210112292,-0.46902498459487413,0.08358482892631312,-0.26623762578552373,-0.11233839736636847,0.1896725400255543,0.0,1.0,0.0,1.0,0.0,1.0,0.0,0.0,0.0,0.0,0.0,1.0,0.0,0.0,0.0,0.0,0.0,0.0,1.0,0.0,0.0,0.0,1
0.21583532185748686,1.677669810064635,3.4397814744989055,-0.2408572253028645,3.605936665919747,2.653092730228682,-0.10776690420017292,3.2207289032847113,2.1680030704708346,0.006404293079320729,1.0,0.0,1.0,0.0,0.0,0.0,1.0,0.0,0.0,0.0,0.0,0.0,1.0,0.0,0.0,1.0,0.0,0.0,0.0,0.0,0.0,0.0,0
-0.9275465787730462,0.1469491804436178,-0.7047248690304435,0.09101631972347322,-0.7128990840594633,-0.5282091526920119,-0.3748620316892263,-0.7307407896169559,-0.814128409690599,0.3562558950946912,1.0,0.0,0.0,0.0,1.0,1.0,0.0,0.0,0.0,0.0,1.0,0.0,0.0,0.0,0.0,1.0,0.0,0.0,0.0,0.0,0.0,0.0,1
-0.8395941248783899,0.1469491804436178,-0.6880660305676128,-0.738667542842371,-0.3705894839536326,-0.5300308960383421,-0.8492548700653063,-0.7092697430722409,-0.7677819202212598,-0.6884997270944972,0.0,1.0,0.0,1.0,0.0,0.0,1.0,0.0,0.0,0.0,0.0,0.0,0.0,1.0,0.0,1.0,0.0,0.0,0.0,0.0,0.0,0.0,1
-0.8395941248783899,-1.3837714491773996,0.3547063685312793,0.7547634097761486,-0.1648284277330648,0.7106100588004797,0.08358482892631312,-0.05363569425054976,0.73590031284708,0.9028425891112019,0.0,1.0,0.0,1.0,0.0,0.0,0.0,1.0,0.0,0.0,1.0,0.0,0.0,0.0,1.0,0.0,0.0,0.0,0.0,0.0,0.0,0.0,1
-0.9275465787730462,0.1469491804436178,-0.3662314492005856,-0.2408572253028645,-0.28259241133554397,-0.1093768629755205,-0.5741867536959826,-0.5261015735470679,-0.09728040619914673,0.006404293079320729,1.0,0.0,0.0,1.0,0.0,0.0,1.0,0.0,0.0,0.0,1.0,0.0,0.0,0.0,0.0,0.0,0.0,0.0,0.0,1.0,0.0,0.0,1
-1.279356394351672,0.1469491804436178,-0.760372478363729,-0.2408572253028645,-0.6852786037277849,-0.5030019438319866,-0.7177005535408472,-0.8029880755752004,-0.9822646528200926,0.006404293079320729,1.0,0.0,0.0,0.0,1.0,1.0,0.0,0.0,0.0,0.0,1.0,0.0,0.0,0.0,0.0,0.0,0.0,0.0,0.0,1.0,0.0,0.0,1
0.3917402296467996,1.677669810064635,1.4541897070781058,-0.2408572253028645,1.5772963333825762,0.9303578499515706,-0.036010004277740655,1.522519118928909,1.4395092175151851,0.006404293079320729,0.0,1.0,0.0,1.0,0.0,0.0,1.0,0.0,0.0,0.0,0.0,0.0,1.0,0.0,0.0,0.0,0.0,0.0,1.0,0.0,0.0,0.0,1
-0.7516416709837335,0.1469491804436178,-0.3350404325042217,-0.4897623840726178,-0.08226327317782123,-0.14634650778431368,-0.663882878599023,-0.4673711899445182,-0.04758177197738247,-0.3082800291683669,0.0,1.0,0.0,1.0,0.0,0.0,0.0,0.0,1.0,0.0,0.0,0.0,1.0,0.0,1.0,0.0,0.0,0.0,0.0,0.0,0.0,0.0,1
-0.7516416709837335,0.1469491804436178,-0.6458872693532116,-0.9875727016121243,-0.043588016570364964,-0.5024798392574211,-0.9867889282499681,-0.6703304359055183,-0.6573854575488348,-1.168929155728989,1.0,0.0,0.0,1.0,0.0,0.0,1.0,0.0,0.0,0.0,1.0,0.0,0.0,0.0,1.0,0.0,0.0,0.0,0.0,0.0,0.0,0.0,1
-0.4877843092997643,1.677669810064635,-0.514388778508314,-0.2408572253028645,-0.43396186135349063,-0.42573046679628396,-0.394794503889902,-0.5376727962358364,-0.36368133774049854,0.006404293079320729,0.0,1.0,0.0,1.0,0.0,0.0,1.0,0.0,0.0,0.0,1.0,0.0,0.0,0.0,0.0,1.0,0.0,0.0,0.0,0.0,0.0,0.0,1
-1.4552613021409846,-1.3837714491773996,-0.8110578804953203,-0.738667542842371,-0.5590770407343533,-0.5236388141213938,-1.0166876365509816,-0.8455787463459343,-1.157191846345501,-0.6884997270944972,1.0,0.0,0.0,0.0,1.0,0.0,0.0,0.0,0.0,1.0,0.0,0.0,1.0,0.0,0.0,0.0,0.0,0.0,1.0,0.0,0.0,0.0,1
0.3037877757521432,1.677669810064635,-0.007889200563950694,1.2525737273156552,-0.5047578601059035,-0.17748982253553627,1.3273710942484724,0.08041049214178446,0.38310153123573265,1.226830001045095,0.0,1.0,1.0,0.0,0.0,0.0,1.0,0.0,0.0,0.0,0.0,1.0,0.0,0.0,0.0,1.0,0.0,0.0,0.0,0.0,0.0,0.0,1
-0.3998318554051079,0.1469491804436178,-0.46583003660602024,-1.2364778603818776,1.0330181434855095,-0.39873260766632934,-1.1004040197938192,-0.485670864344904,-0.270167053691926,-1.8220559825570277,1.0,0.0,0.0,1.0,0.0,0.0,1.0,0.0,0.0,0.0,0.0,1.0,0.0,0.0,0.0,0.0,0.0,0.0,0.0,1.0,0.0,0.0,1
-0.3998318554051079,1.677669810064635,-0.3066849627802546,-0.9875727016121243,0.6495247282486539,-0.239928606583147,-0.9150320283275359,-0.3663672727856675,-0.0040058094996418886,-1.168929155728989,0.0,1.0,0.0,1.0,0.0,0.0,1.0,0.0,0.0,0.0,1.0,0.0,0.0,0.0,0.0,0.0,0.0,0.0,1.0,0.0,0.0,0.0,1
-0.3118794015104515,0.1469491804436178,3.008778334694605,1.5014788860854085,0.872484072735891,2.938450359416895,1.0164245279179325,2.2198781396386926,2.0411610796816677,1.3695896062824116,0.0,1.0,0.0,0.0,1.0,0.0,0.0,1.0,0.0,0.0,0.0,0.0,1.0,0.0,0.0,0.0,0.0,1.0,0.0,0.0,0.0,0.0,1
1.7110270380666455,1.677669810064635,-0.2457207028737252,-0.738667542842371,0.3073138902894206,-0.5769699228322563,-0.15560483748179443,0.20965676393729615,0.0849741988533825,-0.6884997270944972,1.0,0.0,1.0,0.0,0.0,0.0,1.0,0.0,0.0,0.0,0.0,1.0,0.0,0.0,0.0,0.0,0.0,0.0,1.0,0.0,0.0,0.0,1
0.919454953014738,0.1469491804436178,-0.32724267833013077,1.2525737273156552,-0.667896465926681,-0.5312409912563152,1.8296693937054982,-0.07989808411602146,-0.03545080861410736,1.226830001045095,0.0,1.0,0.0,1.0,0.0,0.0,1.0,0.0,0.0,0.0,0.0,1.0,0.0,0.0,0.0,0.0,0.0,0.0,1.0,0.0,0.0,0.0,1
0.919454953014738,0.1469491804436178,-0.7259914713234189,-0.738667542842371,-0.4287110072260738,-0.799387090693518,-0.3708755372490912,-0.5234616205188155,-0.8758234852522135,-0.6884997270944972,0.0,1.0,0.0,0.0,1.0,0.0,1.0,0.0,0.0,0.0,0.0,0.0,1.0,0.0,0.0,1.0,0.0,0.0,0.0,0.0,0.0,0.0,0
0.6555975913307688,-1.3837714491773996,-0.6221395634593891,0.2569530922366421,-0.6812951971483653,-0.7043400381446866,0.585883128383339,-0.446920125251628,-0.599151674847534,0.5089404797217888,1.0,0.0,0.0,1.0,0.0,0.0,0.0,0.0,0.0,1.0,1.0,0.0,0.0,0.0,0.0,0.0,0.0,0.0,0.0,1.0,0.0,0.0,1
0.3037877757521432,0.1469491804436178,-0.6373806284360215,-0.2408572253028645,-0.5596202325406378,-0.6767824433816154,-0.07188845423895679,-0.5132703732766334,-0.6362219554883528,0.006404293079320729,0.0,1.0,0.0,1.0,0.0,0.0,1.0,0.0,0.0,0.0,1.0,0.0,0.0,0.0,0.0,0.0,0.0,0.0,0.0,1.0,0.0,0.0,1
-0.6636892170890771,0.1469491804436178,-0.49064107261449147,-0.2408572253028645,-0.40969929400611643,-0.3519831956388988,-0.46655140381233423,-0.5527925272158273,-0.31710030391121957,0.006404293079320729,0.0,1.0,0.0,1.0,0.0,1.0,0.0,0.0,0.0,0.0,0.0,0.0,1.0,0.0,1.0,0.0,0.0,0.0,0.0,0.0,0.0,0.0,1
-0.7516416709837335,0.1469491804436178,1.9057505624322826,0.2569530922366421,1.2557267840621533,2.420899696973936,-0.17952380412260519,0.995694206823376,1.6449373879775309,0.5089404797217888,0.0,1.0,0.0,1.0,0.0,0.0,1.0,0.0,0.0,0.0,1.0,0.0,0.0,0.0,1.0,0.0,0.0,0.0,0.0,0.0,0.0,0.0,0
-0.7516416709837335,-1.3837714491773996,-0.8752121307457961,-0.5727307703292022,-0.7196290189061569,-0.7652144635026897,-0.7177005535408472,-0.8200620574981833,-1.4192452033231364,-0.42646001415210794,0.0,1.0,0.0,1.0,0.0,0.0,1.0,0.0,0.0,0.0,1.0,0.0,0.0,0.0,0.0,1.0,0.0,0.0,0.0,0.0,0.0,0.0,1
0.6555975913307688,0.1469491804436178,-0.131944380606307,-0.2408572253028645,-0.04322588869950872,-0.35170089490962775,0.07162534560590775,0.06280509110272477,0.236206751490704,0.006404293079320729,0.0,1.0,0.0,1.0,0.0,1.0,0.0,0.0,0.0,0.0,0.0,0.0,1.0,0.0,0.0,1.0,0.0,0.0,0.0,0.0,0.0,0.0,1
-1.1914039404570154,0.1469491804436178,-0.4367656801389539,0.2569530922366421,-0.5392505398049692,-0.07471006850541195,-0.41871347053071273,-0.6211741676684165,-0.21727677197509745,0.5089404797217888,0.0,1.0,0.0,1.0,0.0,0.0,1.0,0.0,0.0,0.0,0.0,0.0,1.0,0.0,0.0,0.0,0.0,0.0,0.0,1.0,0.0,0.0,0
0.6555975913307688,0.1469491804436178,-0.3807636274341188,0.2569530922366421,-0.49633838710849376,-0.530697770217662,0.585883128383339,-0.19592744821813976,-0.12110638207251058,0.5089404797217888,0.0,1.0,0.0,1.0,0.0,1.0,0.0,0.0,0.0,0.0,1.0,0.0,0.0,0.0,0.0,1.0,0.0,0.0,0.0,0.0,0.0,0.0,1
-0.7516416709837335,0.1469491804436178,-0.7862468444868491,-0.4897623840726178,-0.6354498086979536,-0.6632880482236132,-0.663882878599023,-0.7619745196005652,-1.0685969628456495,-0.3082800291683669,0.0,1.0,0.0,1.0,0.0,0.0,1.0,0.0,0.0,0.0,0.0,1.0,0.0,0.0,0.0,0.0,0.0,0.0,0.0,1.0,0.0,0.0,1
-0.8395941248783899,1.677669810064635,-0.012851407765644947,0.2569530922366421,-0.21442183964683956,0.27330731571147265,-0.2273617374042267,-0.2847344395354219,0.37753614032920213,0.5089404797217888,0.0,1.0,0.0,1.0,0.0,0.0,0.0,0.0,1.0,0.0,1.0,0.0,0.0,0.0,0.0,0.0,0.0,0.0,0.0,1.0,0.0,0.0,1
-0.6636892170890771,0.1469491804436178,-0.8266533888435023,-0.738667542842371,-0.5829774802108711,-0.7231995481550112,-0.8014169367836849,-0.7803084791052141,-1.2161667506817908,-0.6884997270944972,0.0,1.0,0.0,1.0,0.0,0.0,0.0,0.0,1.0,0.0,0.0,0.0,0.0,1.0,0.0,1.0,0.0,0.0,0.0,0.0,0.0,0.0,0
-1.3673088482463283,0.1469491804436178,-0.46228560289052434,0.2569530922366421,-0.5588054448312111,-0.01256301171382892,-0.5143893370939557,-0.6684704689992497,-0.2635996373059623,0.5089404797217888,1.0,0.0,0.0,1.0,0.0,0.0,1.0,0.0,0.0,0.0,0.0,0.0,1.0,0.0,0.0,0.0,0.0,0.0,0.0,1.0,0.0,0.0,1
-0.048022039826482336,1.677669810064635,1.4113020591206054,1.003668568545902,0.3396091122266988,1.1812029928015935,0.8310525364516492,1.1701968162460712,1.4181824741542743,1.0719923835837397,0.0,1.0,0.0,1.0,0.0,0.0,1.0,0.0,0.0,0.0,1.0,0.0,0.0,0.0,0.0,1.0,0.0,0.0,0.0,0.0,0.0,0.0,1
0.5676451374361124,1.677669810064635,-0.3470915071369078,-0.738667542842371,0.1519610336920542,-0.4925598523406755,-0.46655140381233423,-0.180559150232242,-0.06655707370228349,-0.6884997270944972,0.0,1.0,0.0,1.0,0.0,0.0,1.0,0.0,0.0,0.0,1.0,0.0,0.0,0.0,1.0,0.0,0.0,0.0,0.0,0.0,0.0,0.0,0
0.3917402296467996,-1.3837714491773996,-0.5934296503638724,-0.9046043153555399,-0.0520618087484032,-0.6531461668626773,-0.6738491146993608,-0.45813135434563484,-0.5320908655827753,-0.994401518288044,0.0,1.0,0.0,0.0,1.0,0.0,0.0,0.0,1.0,0.0,1.0,0.0,0.0,0.0,0.0,1.0,0.0,0.0,0.0,0.0,0.0,0.0,1
-0.048022039826482336,0.1469491804436178,-0.6699894186185837,0.2569530922366421,-0.7179606440725689,-0.6582758443077839,0.2031796621303669,-0.5913718407877881,-0.719307183913757,0.5089404797217888,1.0,0.0,0.0,1.0,0.0,1.0,0.0,0.0,0.0,0.0,0.0,1.0,0.0,0.0,0.0,1.0,0.0,0.0,0.0,0.0,0.0,0.0,0
-0.048022039826482336,0.1469491804436178,0.9111824618641347,1.2525737273156552,-0.03525907554066938,0.7391892599743911,1.0403434945587433,0.7469043477387866,1.1393214267553309,1.226830001045095,0.0,1.0,0.0,1.0,0.0,0.0,1.0,0.0,0.0,0.0,1.0,0.0,0.0,0.0,0.0,1.0,0.0,0.0,0.0,0.0,0.0,0.0,1
-0.22392694761579512,-1.3837714491773996,-0.2453662595021756,-0.738667542842371,0.30785708209570495,-0.2340231598262573,-0.681822103579631,-0.2761888772978647,0.08547397829308233,-0.6884997270944972,0.0,1.0,0.0,1.0,0.0,0.0,1.0,0.0,0.0,0.0,0.0,1.0,0.0,0.0,0.0,1.0,0.0,0.0,0.0,0.0,0.0,0.0,0
-1.103451486562359,0.1469491804436178,1.8430140856680053,-0.2408572253028645,1.9745506077119719,2.947269386687274,-0.6459436536184149,0.6643029602931106,1.6182808637749873,0.006404293079320729,1.0,0.0,0.0,0.0,1.0,1.0,0.0,0.0,0.0,0.0,0.0,1.0,0.0,0.0,0.0,0.0,0.0,1.0,0.0,0.0,0.0,0.0,1
-0.3998318554051079,1.677669810064635,-0.17341425507760896,0.008047933466888799,-0.22951481197860157,-0.10694351881638402,-0.1735440624624025,-0.2664604789632333,0.18311665869961335,0.2748578627176566,1.0,0.0,0.0,1.0,0.0,0.0,0.0,0.0,1.0,0.0,1.0,0.0,0.0,0.0,0.0,1.0,0.0,0.0,0.0,0.0,0.0,0.0,1
-0.22392694761579512,0.1469491804436178,-0.7901457215738945,-0.2408572253028645,-0.7156973448797168,-0.7446888978036071,-0.2871591540062536,-0.7109325706289973,-1.0821221145912907,0.006404293079320729,1.0,0.0,0.0,1.0,0.0,1.0,0.0,0.0,0.0,0.0,0.0,0.0,1.0,0.0,0.0,1.0,0.0,0.0,0.0,0.0,0.0,0.0,0
-1.3673088482463283,0.1469491804436178,-0.030219132971574827,-0.4897623840726178,0.29145268954591325,0.6557047385013585,-0.873173836706117,-0.4595027585161556,0.3578658626088712,-0.3082800291683669,1.0,0.0,0.0,0.0,1.0,0.0,0.0,0.0,0.0,1.0,1.0,0.0,0.0,0.0,0.0,1.0,0.0,0.0,0.0,0.0,0.0,0.0,1
-0.4877843092997643,0.1469491804436178,-0.4406645572259994,-0.738667542842371,0.008558396832946812,-0.3497120407395386,-0.7535790035020633,-0.4841880335855285,-0.22424704775789397,-0.6884997270944972,0.0,1.0,0.0,1.0,0.0,1.0,0.0,0.0,0.0,0.0,0.0,0.0,1.0,0.0,0.0,1.0,0.0,0.0,0.0,0.0,0.0,0.0,1
1.0074074069093943,-1.3837714491773996,-0.8199189647840601,-0.738667542842371,-0.5726568358914658,-0.8674087196628079,-0.34695657060828045,-0.6197341932893697,-1.1903686913735565,-0.6884997270944972,0.0,1.0,0.0,1.0,0.0,0.0,1.0,0.0,0.0,0.0,0.0,0.0,1.0,0.0,0.0,1.0,0.0,0.0,0.0,0.0,0.0,0.0,1
-0.13597449372113873,1.677669810064635,-0.5955563105931699,0.008047933466888799,-0.5991956355699369,-0.5778318141807504,-0.04796948759814603,-0.5420098619251081,-0.5369404551833042,0.2748578627176566,0.0,1.0,0.0,1.0,0.0,0.0,0.0,1.0,0.0,0.0,1.0,0.0,0.0,0.0,0.0,0.0,0.0,0.0,1.0,0.0,0.0,0.0,1
-0.9275465787730462,0.1469491804436178,-0.18050312250860073,-0.738667542842371,0.40726118264576805,0.12043268656525602,-0.873173836706117,-0.41381785708568425,0.17381852211777502,-0.6884997270944972,1.0,0.0,0.0,1.0,0.0,1.0,0.0,0.0,0.0,0.0,0.0,0.0,1.0,0.0,0.0,0.0,0.0,0.0,1.0,0.0,0.0,0.0,0
-1.279356394351672,0.1469491804436178,-0.17447758519225773,-0.2408572253028645,-0.08668123320226846,0.3600369179248824,-0.7177005535408472,-0.5054533695046654,0.18172620623849683,0.006404293079320729,0.0,1.0,0.0,0.0,1.0,0.0,1.0,0.0,0.0,0.0,0.0,0.0,1.0,0.0,0.0,1.0,0.0,0.0,0.0,0.0,0.0,0.0,1
-0.5757367631944207,0.1469491804436178,-0.18723754656804295,0.5888266372629798,-0.4544738186098529,-0.053829977251430385,0.14736873996847513,-0.32384517222345954,0.16492273961779652,0.7807203976219106,0.0,1.0,0.0,1.0,0.0,0.0,1.0,0.0,0.0,0.0,1.0,0.0,0.0,0.0,0.0,0.0,0.0,0.0,0.0,1.0,0.0,0.0,1
0.919454953014738,0.1469491804436178,-0.7522202808180884,-0.2408572253028645,-0.6769496626980892,-0.8170251452342762,0.17926069548955614,-0.5526382442466437,-0.9562197054167751,0.006404293079320729,0.0,1.0,0.0,1.0,0.0,0.0,0.0,0.0,0.0,1.0,1.0,0.0,0.0,0.0,0.0,0.0,0.0,0.0,0.0,1.0,0.0,0.0,1
-1.3673088482463283,0.1469491804436178,-0.6940915678839559,-0.9875727016121243,-0.14208679744328723,-0.3710922230679981,-1.1123635031142247,-0.7805827599393181,-0.7843538518744289,-1.168929155728989,0.0,1.0,0.0,1.0,0.0,0.0,1.0,0.0,0.0,0.0,1.0,0.0,0.0,0.0,0.0,0.0,0.0,0.0,1.0,0.0,0.0,0.0,1
1.7110270380666455,-2.9144920787984168,-0.7376881025845553,-0.2408572253028645,-0.6621024199929796,-0.8536663617311093,0.5021667451405013,-0.4446744509224003,-0.911057955472296,0.006404293079320729,1.0,0.0,1.0,0.0,0.0,0.0,1.0,0.0,0.0,0.0,0.0,1.0,0.0,0.0,0.0,0.0,0.0,0.0,0.0,0.0,1.0,0.0,0
3.382123662065117,-1.3837714491773996,0.0626450303744176,-1.319446246638462,3.4019862490534605,-0.5800194240476304,-0.7336465313013877,1.1813137613033549,0.4597167070148646,-2.1043296496028865,0.0,1.0,0.0,1.0,0.0,0.0,1.0,0.0,0.0,0.0,1.0,0.0,0.0,0.0,1.0,0.0,0.0,0.0,0.0,0.0,0.0,0.0,1
-0.5757367631944207,1.677669810064635,2.8556587981851824,0.2569530922366421,1.9836038044833804,3.191950133974494,-0.08384793755936217,1.810102573487103,1.9929158471939017,0.5089404797217888,0.0,1.0,0.0,1.0,0.0,0.0,1.0,0.0,0.0,0.0,0.0,0.0,1.0,0.0,0.0,0.0,0.0,0.0,0.0,0.0,0.0,1.0,0
0.03993041406817406,1.677669810064635,-0.49595772318773534,-1.2364778603818776,0.9406755364171449,-0.5207534993672157,-1.0406066031917924,-0.42802903280270516,-0.3273836425240533,-1.8220559825570277,0.0,1.0,1.0,0.0,0.0,0.0,1.0,0.0,0.0,0.0,0.0,1.0,0.0,0.0,0.0,0.0,0.0,0.0,1.0,0.0,0.0,0.0,1
-0.22392694761579512,0.1469491804436178,-0.4300312560795117,0.2569530922366421,-0.5340902176452663,-0.4071245583208567,0.10750379556712387,-0.42355482669638134,-0.20532526411837654,0.5089404797217888,0.0,1.0,0.0,1.0,0.0,0.0,1.0,0.0,0.0,0.0,1.0,0.0,0.0,0.0,0.0,0.0,0.0,0.0,0.0,0.0,1.0,0.0,1
-0.9275465787730462,0.1469491804436178,-0.40238467309864373,-0.9875727016121243,0.45397567798623495,-0.15411078292429756,-1.0226673782111844,-0.5479583275147417,-0.15739022752405116,-1.168929155728989,0.0,1.0,0.0,1.0,0.0,0.0,1.0,0.0,0.0,0.0,0.0,1.0,0.0,0.0,0.0,0.0,0.0,0.0,1.0,0.0,0.0,0.0,1
-0.9275465787730462,0.1469491804436178,-0.633481751348976,-0.738667542842371,-0.2869379457858199,-0.4400570163223629,-0.873173836706117,-0.6876701273865397,-0.6266369221258048,-0.6884997270944972,0.0,1.0,0.0,1.0,0.0,1.0,0.0,0.0,0.0,0.0,0.0,0.0,1.0,0.0,0.0,0.0,0.0,0.0,0.0,1.0,0.0,0.0,0
-1.103451486562359,-1.3837714491773996,-0.9255430895058377,-1.2364778603818776,-0.37602140201647755,-0.7762669381198214,-1.1960798863570623,-0.8755524987478778,-1.6701209622393989,-1.8220559825570277,0.0,1.0,0.0,0.0,1.0,0.0,0.0,0.0,1.0,0.0,1.0,0.0,0.0,0.0,0.0,0.0,0.0,0.0,0.0,0.0,1.0,0.0,1
0.12788286796283044,0.1469491804436178,-0.7033070955442452,0.2569530922366421,-0.7434906589679402,-0.7095154694743369,0.29885552869360993,-0.5975088744508683,-0.8101185120609528,0.5089404797217888,1.0,0.0,0.0,1.0,0.0,0.0,0.0,0.0,0.0,1.0,1.0,0.0,0.0,0.0,0.0,1.0,0.0,0.0,0.0,0.0,0.0,0.0,1
2.5905515770132093,-2.9144920787984168,0.04350508831073977,1.7503840448551617,-0.5662937318749901,-0.5183919802145653,3.970416908058061,0.8852447434400638,0.4393726914400085,1.5020198905350652,0.0,1.0,0.0,1.0,0.0,0.0,1.0,0.0,0.0,0.0,0.0,1.0,0.0,0.0,0.0,0.0,0.0,0.0,0.0,0.0,1.0,0.0,1
-0.8395941248783899,-2.9144920787984168,-0.9436197014548667,-0.738667542842371,-0.7622307762847554,-0.8340764869420778,-0.8492548700653063,-0.8699468842008743,-1.7736356032922518,-0.6884997270944972,1.0,0.0,0.0,1.0,0.0,0.0,1.0,0.0,0.0,0.0,0.0,0.0,0.0,1.0,1.0,0.0,0.0,0.0,0.0,0.0,0.0,0.0,0
0.3037877757521432,1.677669810064635,-0.4917044027291403,-0.738667542842371,-0.06966122327202086,-0.5612366848412221,-0.5383083037347665,-0.37588138921865494,-0.31915041997839244,-0.6884997270944972,0.0,1.0,0.0,1.0,0.0,0.0,1.0,0.0,0.0,0.0,1.0,0.0,0.0,0.0,0.0,1.0,0.0,0.0,0.0,0.0,0.0,0.0,1
-0.4877843092997643,0.1469491804436178,-0.5852774528182318,-0.738667542842371,-0.21306386013112824,-0.4988251072354622,-0.7535790035020633,-0.5891004526303633,-0.513667958644499,-0.6884997270944972,1.0,0.0,0.0,1.0,0.0,0.0,1.0,0.0,0.0,0.0,0.0,1.0,0.0,0.0,0.0,0.0,0.0,0.0,1.0,0.0,0.0,0.0,1
-0.5757367631944207,0.1469491804436178,-0.22764409092469615,-0.07492045278969563,-0.2362038310788479,-0.09693061006211823,-0.31506461508719946,-0.3521818108968438,0.11021909593326049,0.1896725400255543,0.0,1.0,0.0,1.0,0.0,0.0,1.0,0.0,0.0,0.0,0.0,0.0,1.0,0.0,0.0,0.0,0.0,0.0,0.0,0.0,0.0,1.0,1
0.479692683541456,-1.3837714491773996,-0.9046309305844119,-0.738667542842371,-0.7024796775934607,-0.8986171345156018,-0.490470370453145,-0.7529918222836545,-1.559899370351229,-0.6884997270944972,0.0,1.0,0.0,1.0,0.0,0.0,1.0,0.0,0.0,0.0,1.0,0.0,0.0,0.0,0.0,0.0,0.0,1.0,0.0,0.0,0.0,0.0,0
-0.4877843092997643,1.677669810064635,0.646767706688141,2.2481943623946683,-0.4010082251055644,0.7715597435974559,1.3991279941709047,0.3047122155065133,0.96322930960425,1.7412055880771133,1.0,0.0,0.0,1.0,0.0,0.0,1.0,0.0,0.0,0.0,0.0,0.0,1.0,0.0,0.0,0.0,0.0,0.0,1.0,0.0,0.0,0.0,0
0.479692683541456,-1.3837714491773996,-0.7185481605208774,-0.9875727016121243,-0.19206044362146096,-0.7582219409891313,-0.7356397785214552,-0.5684951049682895,-0.8538927806021706,-1.168929155728989,1.0,0.0,0.0,0.0,1.0,1.0,0.0,0.0,0.0,0.0,1.0,0.0,0.0,0.0,0.0,0.0,0.0,1.0,0.0,0.0,0.0,0.0,1
-0.13597449372113873,0.1469491804436178,-0.506591024334223,1.2525737273156552,-0.7595148172533329,-0.4968902491061898,0.968586594636311,-0.4688625919799595,-0.34819971988294485,1.226830001045095,1.0,0.0,0.0,1.0,0.0,0.0,1.0,0.0,0.0,0.0,0.0,1.0,0.0,0.0,0.0,1.0,0.0,0.0,0.0,0.0,0.0,0.0,0
-0.048022039826482336,0.1469491804436178,-0.24642958961682437,-1.1535094741252931,1.3057004302403272,-0.28392686434427816,-0.982802433809833,-0.2328782193376073,0.0839740583466201,-1.5775394101740676,0.0,1.0,0.0,1.0,0.0,0.0,1.0,0.0,0.0,0.0,0.0,0.0,1.0,0.0,0.0,0.0,0.0,0.0,0.0,1.0,0.0,0.0,1
1.7110270380666455,1.677669810064635,-0.6547483536419514,-0.738667542842371,-0.31952945416288975,-0.8070186911962883,-0.15560483748179443,-0.3343621279561403,-0.679806562654379,-0.6884997270944972,1.0,0.0,0.0,1.0,0.0,1.0,0.0,0.0,0.0,0.0,0.0,0.0,0.0,1.0,0.0,0.0,0.0,0.0,1.0,0.0,0.0,0.0,1
2.238741761434584,0.1469491804436178,-0.6235573369455876,-0.4897623840726178,-0.4359897774302861,-0.8191234250943531,0.35267320363543414,-0.21511853532936404,-0.6025554551708743,-0.3082800291683669,0.0,1.0,0.0,1.0,0.0,0.0,0.0,0.0,0.0,1.0,0.0,0.0,1.0,0.0,0.0,0.0,0.0,0.0,0.0,0.0,1.0,0.0,0
-0.4877843092997643,1.677669810064635,2.7585413143805946,1.2525737273156552,0.9084461559109313,2.9490490822805757,0.681558994946582,1.8367420994994679,1.9613528332777228,1.226830001045095,0.0,1.0,0.0,1.0,0.0,1.0,0.0,0.0,0.0,0.0,1.0,0.0,0.0,0.0,0.0,1.0,0.0,0.0,0.0,0.0,0.0,0.0,1
-0.5757367631944207,0.1469491804436178,-0.9758740482658794,-1.2364778603818776,-0.5302878750012749,-0.895048468512663,-1.12432298643463,-0.8769067603662669,-1.9819093429933883,-1.8220559825570277,1.0,0.0,0.0,1.0,0.0,0.0,1.0,0.0,0.0,0.0,1.0,0.0,0.0,0.0,0.0,0.0,0.0,0.0,0.0,1.0,0.0,0.0,1
-0.13597449372113873,0.1469491804436178,-0.18156645262324952,-0.738667542842371,0.40563160722691455,-0.2011794316823967,-0.6579031369388203,-0.2016273468018665,0.17241799938518512,-0.6884997270944972,0.0,1.0,0.0,1.0,0.0,0.0,1.0,0.0,0.0,0.0,1.0,0.0,0.0,0.0,0.0,0.0,0.0,0.0,1.0,0.0,0.0,0.0,1
-0.048022039826482336,1.677669810064635,-0.21311191269116297,0.2569530922366421,-0.3678735249222101,-0.2544801663387805,0.2031796621303669,-0.20467872108127508,0.13016155094160675,0.5089404797217888,0.0,1.0,0.0,1.0,0.0,0.0,1.0,0.0,0.0,0.0,1.0,0.0,0.0,0.0,0.0,1.0,0.0,0.0,0.0,0.0,0.0,0.0,1
-0.3998318554051079,0.1469491804436178,0.5478780060258055,0.2569530922366421,0.21524287912419823,0.6128029003468147,0.011827929003880857,0.27425847164488765,0.8906571479806509,0.5089404797217888,0.0,1.0,0.0,1.0,0.0,0.0,1.0,0.0,0.0,0.0,0.0,1.0,0.0,0.0,0.0,1.0,0.0,0.0,0.0,0.0,0.0,0.0,0
-0.5757367631944207,1.677669810064635,-0.20992192234721666,0.2569530922366421,-0.36542916179392987,-0.07802682374164116,-0.08384793755936217,-0.33975346060149986,0.1344981760127611,0.5089404797217888,1.0,0.0,0.0,1.0,0.0,0.0,1.0,0.0,0.0,0.0,1.0,0.0,0.0,0.0,0.0,1.0,0.0,0.0,0.0,0.0,0.0,0.0,1
0.03993041406817406,0.1469491804436178,0.22462565117257996,-0.8216359290989554,1.2209625084599456,0.09841901735299019,-0.681822103579631,0.19928551989773324,0.6201288583624052,-0.8350702685971858,0.0,1.0,0.0,0.0,1.0,0.0,1.0,0.0,0.0,0.0,0.0,1.0,0.0,0.0,0.0,1.0,0.0,0.0,0.0,0.0,0.0,0.0,1
-0.048022039826482336,0.1469491804436178,0.04066954133834306,-0.738667542842371,0.7462128697672948,-0.030184041105416424,-0.6339841702980096,0.010117457126532017,0.43633127204396543,-0.6884997270944972,0.0,1.0,1.0,0.0,0.0,0.0,1.0,0.0,0.0,0.0,0.0,1.0,0.0,0.0,0.0,1.0,0.0,0.0,0.0,0.0,0.0,0.0,0
-0.7516416709837335,0.1469491804436178,-1.0379016382870576,-1.2364778603818776,-0.7204050072008491,-0.951605796622594,-1.1482419530754409,-0.9262858817810784,-2.5121008104729943,-1.8220559825570277,1.0,0.0,0.0,1.0,0.0,0.0,1.0,0.0,0.0,0.0,0.0,1.0,0.0,0.0,0.0,0.0,1.0,0.0,0.0,0.0,0.0,0.0,1
-0.3118794015104515,0.1469491804436178,0.4688371341702471,-0.2408572253028645,0.5705808524019738,0.4831557029146232,-0.3230376039674697,0.254381682448403,0.8295626667943035,0.006404293079320729,0.0,1.0,0.0,1.0,0.0,0.0,1.0,0.0,0.0,0.0,1.0,0.0,0.0,0.0,0.0,0.0,0.0,0.0,0.0,1.0,0.0,0.0,1
0.12788286796283044,0.1469491804436178,0.12360929028094698,1.2525737273156552,-0.43758314006205395,-0.018178458077298152,1.1838572944036079,0.14237224682112354,0.522455858917649,1.226830001045095,0.0,1.0,0.0,1.0,0.0,0.0,1.0,0.0,0.0,0.0,0.0,1.0,0.0,0.0,0.0,0.0,0.0,0.0,1.0,0.0,0.0,0.0,1
0.03993041406817406,0.1469491804436178,-0.5494786722917233,-0.4897623840726178,-0.3451681074195181,-0.5667422106435319,-0.394794503889902,-0.4746224894961465,-0.4357457780651021,-0.3082800291683669,0.0,1.0,0.0,1.0,0.0,0.0,1.0,0.0,0.0,0.0,0.0,1.0,0.0,0.0,0.0,1.0,0.0,0.0,0.0,0.0,0.0,0.0,1
-0.13597449372113873,1.677669810064635,-0.09012006276345544,-0.738667542842371,0.545775093248315,-0.11798053212368491,-0.6579031369388203,-0.12644011315306825,0.2876239628655265,-0.6884997270944972,1.0,0.0,0.0,0.0,1.0,0.0,1.0,0.0,0.0,0.0,0.0,0.0,1.0,0.0,0.0,0.0,0.0,0.0,1.0,0.0,0.0,0.0,1
0.21583532185748686,0.1469491804436178,-0.8922254125801763,-0.738667542842371,-0.6834679643735032,-0.8733389623277782,-0.5622272703755773,-0.7600802675900334,-1.4987064101021192,-0.6884997270944972,0.0,1.0,0.0,1.0,0.0,1.0,0.0,0.0,0.0,0.0,0.0,0.0,1.0,0.0,0.0,0.0,0.0,1.0,0.0,0.0,0.0,0.0,1
-0.13597449372113873,0.1469491804436178,-0.46831114020686737,-0.2408572253028645,-0.3868852381421675,-0.46206280277928724,-0.25128070404503744,-0.437388866266509,-0.27478423301457094,0.006404293079320729,0.0,1.0,0.0,1.0,0.0,0.0,1.0,0.0,0.0,0.0,1.0,0.0,0.0,0.0,1.0,0.0,0.0,0.0,0.0,0.0,0.0,0.0,1
2.4146466692238966,0.1469491804436178,-0.12308329631756726,0.2569530922366421,-0.29888816552407893,-0.5820137694495746,1.5426417940157693,0.5732674371987324,0.24727275118332867,0.5089404797217888,0.0,1.0,0.0,1.0,0.0,0.0,1.0,0.0,0.0,0.0,0.0,1.0,0.0,0.0,0.0,1.0,0.0,0.0,0.0,0.0,0.0,0.0,1
-0.5757367631944207,-1.3837714491773996,-0.5714541613277979,0.2569530922366421,-0.6424569829990237,-0.46366406467937477,-0.08384793755936217,-0.5932918066265171,-0.4830185047873427,0.5089404797217888,1.0,0.0,0.0,0.0,1.0,0.0,1.0,0.0,0.0,0.0,0.0,1.0,0.0,0.0,0.0,0.0,0.0,0.0,0.0,1.0,0.0,0.0,0
-0.3118794015104515,0.1469491804436178,1.4059854085473615,2.2481943623946683,-0.11012901284021599,1.3890724028576886,1.5904797272973907,0.9795802078197575,1.415513913796424,1.7412055880771133,0.0,1.0,0.0,1.0,0.0,1.0,0.0,0.0,0.0,0.0,1.0,0.0,0.0,0.0,0.0,0.0,0.0,0.0,0.0,1.0,0.0,0.0,1
-0.8395941248783899,0.1469491804436178,-0.17979423576550158,1.003668568545902,-0.5470774399227958,0.07468668697962871,0.23905811209158304,-0.38969828623665115,0.1747513593860873,1.0719923835837397,1.0,0.0,0.0,1.0,0.0,0.0,1.0,0.0,0.0,0.0,1.0,0.0,0.0,0.0,1.0,0.0,0.0,0.0,0.0,0.0,0.0,0.0,1
-0.048022039826482336,-1.3837714491773996,0.4989648207519622,0.2569530922366421,0.1777626444905679,0.3748646878425441,0.2031796621303669,0.3980105554822507,0.853192522760578,0.5089404797217888,0.0,1.0,0.0,1.0,0.0,0.0,1.0,0.0,0.0,0.0,1.0,0.0,0.0,0.0,0.0,1.0,0.0,0.0,0.0,0.0,0.0,0.0,1
-1.1914039404570154,0.1469491804436178,-0.06353680989723623,0.2569530922366421,-0.253260053796181,0.45007622501132444,-0.41871347053071273,-0.4226119863291483,0.3192696619861608,0.5089404797217888,0.0,1.0,0.0,0.0,1.0,0.0,0.0,1.0,0.0,0.0,0.0,0.0,1.0,0.0,0.0,0.0,0.0,0.0,0.0,1.0,0.0,0.0,0
-1.103451486562359,0.1469491804436178,-1.0006850842743507,-1.2364778603818776,-0.6063347278811045,-0.8773282235965982,-1.1960798863570623,-0.9173460408444966,-2.168687176589807,-1.8220559825570277,1.0,0.0,0.0,1.0,0.0,0.0,1.0,0.0,0.0,0.0,0.0,1.0,0.0,0.0,0.0,0.0,0.0,1.0,0.0,0.0,0.0,0.0,0
-0.6636892170890771,-1.3837714491773996,-0.9276697497351353,-0.9875727016121243,-0.6193713312319324,-0.8347994009683993,-0.9688497032693602,-0.8487072621099347,-1.68187649398453,-1.168929155728989,0.0,1.0,0.0,1.0,0.0,0.0,1.0,0.0,0.0,0.0,0.0,1.0,0.0,0.0,0.0,1.0,0.0,0.0,0.0,0.0,0.0,0.0,0
0.03993041406817406,1.677669810064635,-0.7206748207501751,-1.2364778603818776,0.25190832604840185,-0.7138451745273783,-1.0406066031917924,-0.6236598377274852,-0.8601207204851872,-1.8220559825570277,0.0,1.0,0.0,1.0,0.0,1.0,0.0,0.0,0.0,0.0,1.0,0.0,0.0,0.0,0.0,0.0,0.0,1.0,0.0,0.0,0.0,0.0,1
-0.22392694761579512,0.1469491804436178,-0.7181937171493279,-0.2408572253028645,-0.6421853870958814,-0.6772424795801837,-0.2871591540062536,-0.6535135922645081,-0.852857709451779,0.006404293079320729,0.0,1.0,0.0,1.0,0.0,0.0,1.0,0.0,0.0,0.0,0.0,0.0,1.0,0.0,0.0,0.0,0.0,0.0,0.0,1.0,0.0,0.0,0
-0.8395941248783899,0.1469491804436178,-0.05573905572314527,-0.2408572253028645,0.0346316035346027,0.22228163402027717,-0.5383083037347665,-0.31169967403828547,0.3284069370500469,0.006404293079320729,1.0,0.0,0.0,0.0,1.0,0.0,1.0,0.0,0.0,0.0,0.0,1.0,0.0,0.0,0.0,0.0,0.0,0.0,1.0,0.0,0.0,0.0,0
-1.0154990326677027,0.1469491804436178,-0.2489106932176715,1.5014788860854085,-0.6636623554366684,0.08273412575874985,0.39453139525685293,-0.4771938723158728,0.08046744365697396,1.3695896062824116,0.0,1.0,0.0,1.0,0.0,0.0,0.0,0.0,1.0,0.0,1.0,0.0,0.0,0.0,0.0,1.0,0.0,0.0,0.0,0.0,0.0,0.0,1
-0.9275465787730462,0.1469491804436178,0.666616535494918,0.2569530922366421,0.3062275066768515,1.1686098304630723,-0.2751996706858482,0.09831588784314554,0.9773161109773875,0.5089404797217888,0.0,1.0,0.0,1.0,0.0,0.0,1.0,0.0,0.0,0.0,0.0,0.0,0.0,1.0,0.0,0.0,0.0,0.0,0.0,1.0,0.0,0.0,1
0.3037877757521432,-1.3837714491773996,-0.7919179384316425,-0.738667542842371,-0.5297446831949904,-0.7993565327334682,-0.5383083037347665,-0.6590163514987225,-1.0883171339538495,-0.6884997270944972,0.0,1.0,0.0,1.0,0.0,0.0,0.0,1.0,0.0,0.0,0.0,0.0,1.0,0.0,1.0,0.0,0.0,0.0,0.0,0.0,0.0,0.0,1
0.7435500452254252,0.1469491804436178,-0.6356084115782735,-0.4897623840726178,-0.4507645945612244,-0.7225943814890374,-0.15560483748179443,-0.4482572443178857,-0.6318562857269354,-0.3082800291683669,0.0,1.0,0.0,1.0,0.0,0.0,1.0,0.0,0.0,0.0,0.0,1.0,0.0,0.0,0.0,0.0,0.0,0.0,1.0,0.0,0.0,0.0,1
-1.103451486562359,-1.3837714491773996,0.10695045181811628,-0.738667542842371,0.8477897375424958,0.6123723288323064,-0.9210117699877386,-0.30128557361839375,0.5056129482462628,-0.6884997270944972,1.0,0.0,0.0,1.0,0.0,0.0,1.0,0.0,0.0,0.0,0.0,0.0,1.0,0.0,0.0,0.0,0.0,0.0,0.0,1.0,0.0,0.0,1
-0.8395941248783899,0.1469491804436178,-0.7337892254975098,0.2569530922366421,-0.7668479066381737,-0.5844301765190383,-0.2273617374042267,-0.7380178029967814,-0.8992058105354229,0.5089404797217888,0.0,1.0,0.0,1.0,0.0,0.0,1.0,0.0,0.0,0.0,0.0,0.0,1.0,0.0,0.0,1.0,0.0,0.0,0.0,0.0,0.0,0.0,1
1.8869319458559584,0.1469491804436178,0.12431817702404616,0.7547634097761486,-0.3060582973670342,-0.39418435881727015,1.9373047435891466,0.7639097594532435,0.5231677203650892,0.9028425891112019,1.0,0.0,0.0,0.0,1.0,0.0,0.0,0.0,0.0,1.0,0.0,1.0,0.0,0.0,0.0,0.0,0.0,0.0,1.0,0.0,0.0,0.0,1
-0.4877843092997643,0.1469491804436178,-0.8192100780409609,-0.4897623840726178,-0.6758632790855202,-0.7400374206847504,-0.5741867536959826,-0.7588117187323018,-1.1876828965509687,-0.3082800291683669,1.0,0.0,0.0,1.0,0.0,0.0,0.0,0.0,0.0,1.0,1.0,0.0,0.0,0.0,0.0,0.0,0.0,0.0,1.0,0.0,0.0,0.0,1
0.7435500452254252,0.1469491804436178,-0.7472580736163943,-0.738667542842371,-0.46130251560314367,-0.8010880578697458,-0.41871347053071273,-0.5670551305892427,-0.9406200901175066,-0.6884997270944972,0.0,1.0,0.0,1.0,0.0,0.0,0.0,0.0,1.0,0.0,1.0,0.0,0.0,0.0,0.0,1.0,0.0,0.0,0.0,0.0,0.0,0.0,1
1.0074074069093943,1.677669810064635,-0.7309536785251132,-1.2364778603818776,0.2204032012839009,-0.8088552470556788,-0.9090522866673332,-0.5186188495416642,-0.8906539977596858,-1.8220559825570277,0.0,1.0,0.0,1.0,0.0,0.0,1.0,0.0,0.0,0.0,0.0,0.0,1.0,0.0,0.0,1.0,0.0,0.0,0.0,0.0,0.0,0.0,0
1.4471696763826765,0.1469491804436178,-0.06885346047048008,-0.738667542842371,0.578366601625385,-0.44210647758698446,-0.2273617374042267,0.36577398619894813,0.31300236209517507,-0.6884997270944972,0.0,1.0,0.0,1.0,0.0,0.0,1.0,0.0,0.0,0.0,1.0,0.0,0.0,0.0,0.0,0.0,0.0,0.0,0.0,1.0,0.0,0.0,1
2.3266942153292405,0.1469491804436178,0.17216803218324073,0.2569530922366421,-0.07264877820658565,-0.4264967815750818,1.4948038607341476,0.9908771496744219,0.5703317503560684,0.5089404797217888,1.0,0.0,1.0,0.0,0.0,0.0,1.0,0.0,0.0,0.0,1.0,0.0,0.0,0.0,0.0,1.0,0.0,0.0,0.0,0.0,0.0,0.0,1
-0.048022039826482336,-1.3837714491773996,-0.6568750138712489,-0.9046043153555399,-0.16873940873831317,-0.6466851227524285,-0.7735114757027389,-0.5802720382826361,-0.6852461532080315,-0.994401518288044,0.0,1.0,0.0,0.0,1.0,0.0,0.0,1.0,0.0,0.0,1.0,0.0,0.0,0.0,0.0,1.0,0.0,0.0,0.0,0.0,0.0,0.0,1
-0.8395941248783899,0.1469491804436178,0.08745606638288886,-1.2364778603818776,2.7288629627057115,0.3926483728900543,-1.1602014363958462,-0.22166699024360045,0.48561960866937276,-1.8220559825570277,0.0,1.0,0.0,0.0,1.0,0.0,1.0,0.0,0.0,0.0,1.0,0.0,0.0,0.0,0.0,1.0,0.0,0.0,0.0,0.0,0.0,0.0,1
-0.8395941248783899,0.1469491804436178,-0.4739822341516608,-0.738667542842371,-0.042501632957796034,-0.27532418743105175,-0.8492548700653063,-0.5746664237356327,-0.28540029752174545,-0.6884997270944972,0.0,1.0,0.0,1.0,0.0,0.0,1.0,0.0,0.0,0.0,1.0,0.0,0.0,0.0,0.0,0.0,0.0,0.0,0.0,1.0,0.0,0.0,1
0.5676451374361124,1.677669810064635,1.788784249820918,0.5058582510063954,0.9150851668766308,1.0805412308253535,0.7891943448302304,1.9887622518016892,1.5947861154323504,0.7164627794543732,1.0,0.0,1.0,0.0,0.0,0.0,1.0,0.0,0.0,0.0,0.0,0.0,1.0,0.0,1.0,0.0,0.0,0.0,0.0,0.0,0.0,0.0,0
-0.7516416709837335,0.1469491804436178,-0.7210292641217246,-1.2364778603818776,0.2508219424358327,-0.5885690824413421,-1.1482419530754409,-0.719392420105897,-0.8611616418566824,-1.8220559825570277,1.0,0.0,0.0,1.0,0.0,0.0,0.0,1.0,0.0,0.0,1.0,0.0,0.0,0.0,0.0,0.0,0.0,0.0,0.0,1.0,0.0,0.0,1
0.21583532185748686,0.1469491804436178,-1.0290405539983178,-1.2364778603818776,-0.6932454168866241,-0.9847121118390523,-1.0166876365509816,-0.8858037449225201,-2.421658331199868,-1.8220559825570277,0.0,1.0,0.0,1.0,0.0,1.0,0.0,0.0,0.0,0.0,0.0,0.0,1.0,0.0,0.0,0.0,0.0,0.0,0.0,1.0,0.0,0.0,1
0.3037877757521432,-1.3837714491773996,-0.407346880300338,-0.738667542842371,0.05961842662368966,-0.49432697551612814,-0.5383083037347665,-0.29632280477632195,-0.1658637484897438,-0.6884997270944972,0.0,1.0,0.0,0.0,1.0,0.0,1.0,0.0,0.0,0.0,0.0,1.0,0.0,0.0,0.0,1.0,0.0,0.0,0.0,0.0,0.0,0.0,1
-1.3673088482463283,0.1469491804436178,-0.09756337356599681,0.2569530922366421,-0.27933326049783697,0.5515448758755295,-0.5143893370939557,-0.4920736075660226,0.27862216335858275,0.5089404797217888,0.0,1.0,0.0,1.0,0.0,1.0,0.0,0.0,0.0,0.0,0.0,1.0,0.0,0.0,0.0,0.0,0.0,0.0,1.0,0.0,0.0,0.0,0
-0.5757367631944207,1.677669810064635,2.0425657038504244,1.2525737273156552,0.5426970063460362,2.324644417591003,0.6098020950241497,1.239889861936721,1.7012258903107662,1.226830001045095,0.0,1.0,0.0,0.0,1.0,0.0,0.0,1.0,0.0,0.0,0.0,0.0,1.0,0.0,0.0,0.0,0.0,0.0,1.0,0.0,0.0,0.0,0
0.3917402296467996,0.1469491804436178,-0.5976829708224675,0.2569530922366421,-0.66255507983155,-0.6564354256824403,0.44236932853847444,-0.46224556685719703,-0.5418083566822719,0.5089404797217888,0.0,1.0,0.0,1.0,0.0,0.0,1.0,0.0,0.0,0.0,1.0,0.0,0.0,0.0,0.0,0.0,0.0,0.0,1.0,0.0,0.0,0.0,1
-0.3118794015104515,-1.3837714491773996,-0.6983448883425509,-0.2408572253028645,-0.6219062263279269,-0.6451285984895049,-0.3230376039674697,-0.6488251042565404,-0.7961812839018445,0.006404293079320729,0.0,1.0,0.0,1.0,0.0,0.0,1.0,0.0,0.0,0.0,0.0,0.0,1.0,0.0,0.0,0.0,0.0,0.0,0.0,1.0,0.0,0.0,1
-0.6636892170890771,0.1469491804436178,-0.6905471341684599,-1.2364778603818776,0.34425093311676636,-0.5728334306801302,-1.1362824697550353,-0.6881501188462219,-0.7745798774718616,-1.8220559825570277,0.0,1.0,0.0,1.0,0.0,0.0,0.0,1.0,0.0,0.0,0.0,0.0,0.0,1.0,0.0,1.0,0.0,0.0,0.0,0.0,0.0,0.0,1
-0.7516416709837335,0.1469491804436178,-0.05254906537919896,0.2569530922366421,-0.24484058079877136,0.1773003168269367,-0.17952380412260519,-0.2829259002855477,0.3321263271718863,0.5089404797217888,1.0,0.0,0.0,1.0,0.0,0.0,1.0,0.0,0.0,0.0,0.0,1.0,0.0,0.0,0.0,1.0,0.0,0.0,0.0,0.0,0.0,0.0,0
0.5676451374361124,0.1469491804436178,0.7874817251933279,1.2525737273156552,-0.09845038900509917,0.3430685192515015,1.5426417940157693,0.971780346599921,1.0599236332432,1.226830001045095,0.0,1.0,1.0,0.0,0.0,0.0,1.0,0.0,0.0,0.0,0.0,1.0,0.0,0.0,0.0,1.0,0.0,0.0,0.0,0.0,0.0,0.0,1
1.1833123146987072,0.1469491804436178,-0.760372478363729,-0.9875727016121243,-0.2775226211435553,-0.8389389443810262,-0.5921259786765907,-0.5327528837740934,-0.9822646528200926,-1.168929155728989,0.0,1.0,0.0,1.0,0.0,0.0,0.0,1.0,0.0,0.0,0.0,0.0,0.0,1.0,0.0,0.0,0.0,0.0,0.0,1.0,0.0,0.0,1
0.21583532185748686,0.1469491804436178,-0.728472574924266,0.2569530922366421,-0.7627739680910399,-0.7400374206847504,0.34669346197523143,-0.609602944979648,-0.8832174156719349,0.5089404797217888,0.0,1.0,0.0,1.0,0.0,0.0,0.0,1.0,0.0,0.0,0.0,0.0,1.0,0.0,0.0,0.0,0.0,0.0,0.0,1.0,0.0,0.0,0
-1.0154990326677027,0.1469491804436178,-0.7316625652682123,0.2569530922366421,-0.7652183312193201,-0.5394840009797551,-0.3230376039674697,-0.757371744353255,-0.8927866385248687,0.5089404797217888,1.0,0.0,0.0,0.0,1.0,0.0,1.0,0.0,0.0,0.0,0.0,1.0,0.0,0.0,0.0,1.0,0.0,0.0,0.0,0.0,0.0,0.0,0
-0.7516416709837335,-1.3837714491773996,-0.6955093413701542,-0.9046043153555399,-0.2397888970003255,-0.5593312262656709,-0.932971253308144,-0.7027298594340703,-0.7882842849449914,-0.994401518288044,0.0,1.0,0.0,1.0,0.0,1.0,0.0,0.0,0.0,0.0,1.0,0.0,0.0,0.0,0.0,1.0,0.0,0.0,0.0,0.0,0.0,0.0,0
0.03993041406817406,0.1469491804436178,-0.3229893578715357,-0.4897623840726178,-0.0674884560468828,-0.3721277304742199,-0.394794503889902,-0.2774488548795306,-0.02888171899379869,-0.3082800291683669,0.0,1.0,0.0,1.0,0.0,0.0,0.0,0.0,1.0,0.0,0.0,0.0,0.0,1.0,0.0,1.0,0.0,0.0,0.0,0.0,0.0,0.0,1
-0.13597449372113873,1.677669810064635,1.2684613803861209,-0.4897623840726178,1.883656512127033,1.1180713361264778,-0.45459192049192887,0.9905857262881862,1.3444949302661573,-0.3082800291683669,0.0,1.0,0.0,1.0,0.0,0.0,0.0,1.0,0.0,0.0,0.0,0.0,1.0,0.0,0.0,1.0,0.0,0.0,0.0,0.0,0.0,0.0,0
-0.6636892170890771,0.1469491804436178,-0.6586472307289969,0.2569530922366421,-0.7092695751720168,-0.5375913718969549,-0.13168587084098368,-0.6665505031605207,-0.6897967440556354,0.5089404797217888,0.0,1.0,0.0,1.0,0.0,0.0,1.0,0.0,0.0,0.0,1.0,0.0,0.0,0.0,0.0,0.0,0.0,0.0,0.0,1.0,0.0,0.0,1
0.8315024991200816,1.677669810064635,1.8844839601393073,1.5014788860854085,0.3423288698022212,1.0015642121794033,2.0270008684921867,2.306790878945443,1.6359628926430174,1.3695896062824116,0.0,1.0,0.0,1.0,0.0,0.0,0.0,1.0,0.0,0.0,1.0,0.0,0.0,0.0,0.0,1.0,0.0,0.0,0.0,0.0,0.0,0.0,1
-0.8395941248783899,0.1469491804436178,-0.8904531957224283,-0.738667542842371,-0.6807520053420807,-0.7708215096389428,-0.8492548700653063,-0.8365189075444318,-1.4901969333413783,-0.6884997270944972,0.0,1.0,0.0,1.0,0.0,0.0,1.0,0.0,0.0,0.0,0.0,1.0,0.0,0.0,0.0,1.0,0.0,0.0,0.0,0.0,0.0,0.0,0
-0.3118794015104515,1.677669810064635,0.5014459243528093,1.2525737273156552,-0.24456898489562917,0.5146777666040188,0.8250727947914466,0.27961551918598415,0.8551193443725809,1.226830001045095,0.0,1.0,1.0,0.0,0.0,0.0,1.0,0.0,0.0,0.0,1.0,0.0,0.0,0.0,0.0,1.0,0.0,0.0,0.0,0.0,0.0,0.0,1
-0.8395941248783899,0.1469491804436178,-0.20708637537481994,-0.4897623840726178,0.07461052047714169,0.042215798630686,-0.6937815869000364,-0.40685798092029163,0.1383407453212483,-0.3082800291683669,0.0,1.0,0.0,0.0,1.0,0.0,1.0,0.0,0.0,0.0,0.0,0.0,0.0,1.0,1.0,0.0,0.0,0.0,0.0,0.0,0.0,0.0,1
-1.3673088482463283,0.1469491804436178,-0.952126342372057,-0.738667542842371,-0.7752673796355833,-0.7701889598659114,-0.9927686699101709,-0.9053805394567033,-1.8253822574546326,-0.6884997270944972,0.0,1.0,0.0,0.0,1.0,0.0,1.0,0.0,0.0,0.0,0.0,0.0,1.0,0.0,0.0,0.0,0.0,0.0,0.0,1.0,0.0,0.0,1
1.6230745841719891,0.1469491804436178,-0.36020591188424256,0.2569530922366421,-0.4805858247262434,-0.6330349887085089,1.1121003944811756,0.0380598171008916,-0.0875290458798304,0.5089404797217888,0.0,1.0,0.0,1.0,0.0,1.0,0.0,0.0,0.0,0.0,1.0,0.0,0.0,0.0,0.0,1.0,0.0,0.0,0.0,0.0,0.0,0.0,1
0.12788286796283044,0.1469491804436178,-0.9436197014548667,-1.2364778603818776,-0.4314269662574963,-0.910426954140943,-1.028647119871387,-0.8125279058363851,-1.7736356032922518,-1.8220559825570277,1.0,0.0,0.0,1.0,0.0,0.0,1.0,0.0,0.0,0.0,0.0,1.0,0.0,0.0,0.0,1.0,0.0,0.0,0.0,0.0,0.0,0.0,1
0.3917402296467996,-1.3837714491773996,-0.6770782860495755,-1.2364778603818776,0.38553351039438827,-0.7178349236513499,-0.9927686699101709,-0.5390442004063571,-0.7381002433621121,-1.8220559825570277,0.0,1.0,0.0,1.0,0.0,0.0,1.0,0.0,0.0,0.0,0.0,1.0,0.0,0.0,0.0,1.0,0.0,0.0,0.0,0.0,0.0,0.0,1
-1.103451486562359,0.1469491804436178,1.366642194305357,1.2525737273156552,0.19740808148452388,2.306578973098651,0.17926069548955614,0.3993476745485084,1.3955929917156942,1.226830001045095,1.0,0.0,0.0,0.0,1.0,0.0,1.0,0.0,0.0,0.0,1.0,0.0,0.0,0.0,0.0,0.0,0.0,0.0,1.0,0.0,0.0,0.0,0
0.6555975913307688,0.1469491804436178,-0.7330803387544107,-1.2364778603818776,0.21388489960848694,-0.7841491862521149,-0.9568902199489547,-0.5622809298206175,-0.8970625331530567,-1.8220559825570277,0.0,1.0,0.0,1.0,0.0,0.0,0.0,1.0,0.0,0.0,0.0,1.0,0.0,0.0,0.0,1.0,0.0,0.0,0.0,0.0,0.0,0.0,1
0.03993041406817406,0.1469491804436178,-0.9113653546438542,-1.2364778603818776,-0.3325660575137177,-0.8776989935118694,-1.0406066031917924,-0.7896683125690179,-1.5943763580850954,-1.8220559825570277,0.0,1.0,1.0,0.0,0.0,1.0,0.0,0.0,0.0,0.0,1.0,0.0,0.0,0.0,0.0,0.0,0.0,0.0,0.0,1.0,0.0,0.0,1
0.7435500452254252,0.1469491804436178,0.7924439323950222,0.2569530922366421,0.40264405229234995,0.28137711736135745,0.6337210616649604,1.0712242915148042,1.063204590236747,0.5089404797217888,0.0,1.0,1.0,0.0,0.0,0.0,1.0,0.0,0.0,0.0,1.0,0.0,0.0,0.0,0.0,0.0,0.0,0.0,0.0,0.0,1.0,0.0,1
-1.0154990326677027,0.1469491804436178,-0.02880135948537647,-0.2408572253028645,0.062153321719683956,0.36643269896331027,-0.6100652036571987,-0.34944757383186814,0.3594828976889359,0.006404293079320729,1.0,0.0,0.0,1.0,0.0,0.0,1.0,0.0,0.0,0.0,0.0,1.0,0.0,0.0,0.0,0.0,0.0,0.0,0.0,1.0,0.0,0.0,0
1.5351221302773328,0.1469491804436178,1.3638066473329604,2.2481943623946683,-0.12628896907717974,0.3818273956407127,3.599672925125494,2.2283379891155923,1.3941452868487254,1.7412055880771133,0.0,1.0,1.0,0.0,0.0,0.0,1.0,0.0,0.0,0.0,0.0,1.0,0.0,0.0,0.0,0.0,0.0,0.0,1.0,0.0,0.0,0.0,0
-1.103451486562359,0.1469491804436178,0.07682276523640118,0.2569530922366421,-0.14570807615185047,0.57185247380624,-0.3708755372490912,-0.31804241832694374,0.4745820322688597,0.5089404797217888,1.0,0.0,0.0,1.0,0.0,0.0,0.0,1.0,0.0,0.0,1.0,0.0,0.0,0.0,0.0,1.0,0.0,0.0,0.0,0.0,0.0,0.0,1
-0.8395941248783899,-1.3837714491773996,-0.7649802421938737,-0.2408572253028645,-0.6899862660489171,-0.6215397632035441,-0.5383083037347665,-0.7576288826352277,-0.9972218519516372,0.006404293079320729,1.0,0.0,0.0,1.0,0.0,0.0,1.0,0.0,0.0,0.0,0.0,0.0,1.0,0.0,0.0,0.0,0.0,0.0,0.0,1.0,0.0,0.0,1
-0.4877843092997643,0.1469491804436178,1.6640201830354626,0.42288986474981094,0.9040727654705892,1.820467833899664,0.08358482892631312,1.0426990847679733,1.5390496040902102,0.6498680145565768,0.0,1.0,0.0,1.0,0.0,0.0,1.0,0.0,0.0,0.0,0.0,0.0,1.0,0.0,0.0,1.0,0.0,0.0,0.0,0.0,0.0,0.0,1
-0.3998318554051079,0.1469491804436178,-0.6164684695145958,-0.4897623840726178,-0.42729870852973406,-0.5490481988920588,-0.5442880453949692,-0.5985974265112192,-0.5856257168187397,-0.3082800291683669,1.0,0.0,0.0,1.0,0.0,0.0,0.0,1.0,0.0,0.0,1.0,0.0,0.0,0.0,0.0,0.0,0.0,1.0,0.0,0.0,0.0,0.0,1
0.5676451374361124,-1.3837714491773996,-0.6267473272895339,-1.4024146328950464,1.3562172682247855,-0.6985301070067885,-1.1362824697550353,-0.46459409649921374,-0.6102469791045402,-2.43818853673469,0.0,1.0,0.0,1.0,0.0,0.0,1.0,0.0,0.0,0.0,1.0,0.0,0.0,0.0,0.0,0.0,0.0,0.0,0.0,1.0,0.0,0.0,1
-0.3998318554051079,0.1469491804436178,-0.3435470734214119,1.2525737273156552,-0.6762254069563766,-0.27671171596544303,0.7533158948690143,-0.3940010668216599,-0.060947051583281044,1.226830001045095,0.0,1.0,0.0,0.0,1.0,0.0,1.0,0.0,0.0,0.0,0.0,1.0,0.0,0.0,0.0,0.0,0.0,0.0,0.0,1.0,0.0,0.0,0
0.479692683541456,-1.3837714491773996,-0.9248342027627385,-1.2364778603818776,-0.37384863479133956,-0.9138600412413329,-0.9808091865897655,-0.7730228944493227,-1.6662261524837327,-1.8220559825570277,0.0,1.0,0.0,1.0,0.0,0.0,1.0,0.0,0.0,0.0,0.0,1.0,0.0,0.0,0.0,1.0,0.0,0.0,0.0,0.0,0.0,0.0,1
-0.3118794015104515,0.1469491804436178,-0.35382593119635,1.2525737273156552,-0.6814762610837934,-0.312091142988499,0.8250727947914466,-0.38222413350731327,-0.07728384455409332,1.226830001045095,0.0,1.0,0.0,1.0,0.0,0.0,1.0,0.0,0.0,0.0,0.0,0.0,1.0,0.0,0.0,0.0,0.0,1.0,0.0,0.0,0.0,0.0,1
-0.6636892170890771,0.1469491804436178,-0.22693520418159696,-0.4897623840726178,0.05027552755559627,-0.0606488430313169,-0.6339841702980096,-0.3742357042140301,0.11119908917585875,-0.3082800291683669,1.0,0.0,0.0,0.0,1.0,0.0,0.0,1.0,0.0,0.0,0.0,0.0,1.0,0.0,0.0,1.0,0.0,0.0,0.0,0.0,0.0,0.0,0
0.479692683541456,0.1469491804436178,-0.6267473272895339,-0.738667542842371,-0.27661730146641444,-0.6889603121827393,-0.490470370453145,-0.4774767244260427,-0.6102469791045402,-0.6884997270944972,0.0,1.0,0.0,0.0,1.0,0.0,1.0,0.0,0.0,0.0,1.0,0.0,0.0,0.0,0.0,1.0,0.0,0.0,0.0,0.0,0.0,0.0,1
-0.8395941248783899,0.1469491804436178,-0.694800454627055,0.2569530922366421,-0.7369723572925263,-0.538043193163406,-0.2273617374042267,-0.7135039534487236,-0.7863175705306733,0.5089404797217888,0.0,1.0,0.0,1.0,0.0,0.0,0.0,1.0,0.0,0.0,1.0,0.0,0.0,0.0,0.0,0.0,0.0,0.0,0.0,1.0,0.0,0.0,1
-0.9275465787730462,0.1469491804436178,-0.058929046067091574,0.2569530922366421,-0.24972930705533183,0.27086145658908484,-0.2751996706858482,-0.34031916482183966,0.3246767851350137,0.5089404797217888,0.0,1.0,0.0,1.0,0.0,1.0,0.0,0.0,0.0,0.0,1.0,0.0,0.0,0.0,0.0,0.0,0.0,0.0,0.0,1.0,0.0,0.0,1
-0.22392694761579512,0.1469491804436178,-0.33752153610506885,0.008047933466888799,-0.37322784415558585,-0.3204077348907408,-0.08982767921956485,-0.34973042594203807,-0.05146568597158427,0.2748578627176566,0.0,1.0,0.0,0.0,1.0,0.0,1.0,0.0,0.0,0.0,0.0,0.0,0.0,1.0,0.0,0.0,0.0,1.0,0.0,0.0,0.0,0.0,0
3.4700761159597735,1.677669810064635,-0.6724705222194308,-1.2364778603818776,0.39965649735778513,-0.8900276228659443,-0.5741867536959826,-0.12239447085003215,-0.7258536378358225,-1.8220559825570277,1.0,0.0,0.0,1.0,0.0,1.0,0.0,0.0,0.0,0.0,0.0,1.0,0.0,0.0,0.0,1.0,0.0,0.0,0.0,0.0,0.0,0.0,1
0.12788286796283044,0.1469491804436178,0.12077374330855027,-0.2408572253028645,0.21497128322105588,-0.02054909506451468,-0.14364535416138904,0.13983514910566022,0.5196044758397154,0.006404293079320729,1.0,0.0,0.0,1.0,0.0,0.0,1.0,0.0,0.0,0.0,0.0,0.0,1.0,0.0,0.0,0.0,0.0,0.0,1.0,0.0,0.0,0.0,1
0.5676451374361124,1.677669810064635,1.592068178610896,2.2481943623946683,-0.03883508826537567,0.9356572113834111,2.547238392929821,1.7889658067089524,1.5057753963415428,1.7412055880771133,0.0,1.0,1.0,0.0,0.0,0.0,1.0,0.0,0.0,0.0,0.0,1.0,0.0,0.0,0.0,1.0,0.0,0.0,0.0,0.0,0.0,0.0,0
0.8315024991200816,-1.3837714491773996,-0.07877787487386859,-0.2408572253028645,0.011093291928941113,-0.348006499129291,0.14338224552834,0.1703574631758119,0.3012212522491128,0.006404293079320729,1.0,0.0,0.0,1.0,0.0,0.0,1.0,0.0,0.0,0.0,0.0,0.0,0.0,1.0,0.0,0.0,0.0,0.0,1.0,0.0,0.0,0.0,1
-1.103451486562359,0.1469491804436178,-0.6157595827714966,-0.738667542842371,-0.25977835547159506,-0.3596274876165053,-0.9210117699877386,-0.7032527072740813,-0.5839449068693586,-0.6884997270944972,0.0,1.0,0.0,0.0,1.0,0.0,1.0,0.0,0.0,0.0,0.0,0.0,1.0,0.0,0.0,0.0,0.0,0.0,0.0,1.0,0.0,0.0,0
2.1507893075399274,0.1469491804436178,-0.439246783739801,0.2569530922366421,-0.5411517111269648,-0.7195709213617805,1.3991279941709047,0.03934550851075477,-0.2217080394560373,0.5089404797217888,0.0,1.0,1.0,0.0,0.0,0.0,1.0,0.0,0.0,0.0,1.0,0.0,0.0,0.0,0.0,1.0,0.0,0.0,0.0,0.0,0.0,0.0,1
-0.3998318554051079,0.1469491804436178,1.091239694611326,0.7547634097761486,0.28667260165060954,1.1550000799916227,0.3825719119364476,0.6815912241177374,1.246797765729927,0.9028425891112019,0.0,1.0,0.0,1.0,0.0,1.0,0.0,0.0,0.0,0.0,0.0,1.0,0.0,0.0,0.0,0.0,0.0,0.0,1.0,0.0,0.0,0.0,0
-0.13597449372113873,-1.3837714491773996,-0.14434989861054262,-0.2408572253028645,-0.05590036417948022,-0.16731941442013024,-0.25128070404503744,-0.17102789124712303,0.22055301651071338,0.006404293079320729,0.0,1.0,0.0,1.0,0.0,0.0,1.0,0.0,0.0,0.0,0.0,0.0,0.0,1.0,0.0,0.0,0.0,0.0,1.0,0.0,0.0,0.0,0
2.238741761434584,-1.3837714491773996,-0.714649283433832,-0.738667542842371,-0.41132886942496993,-0.8653168413063255,-0.012091037636929898,-0.34949043021219695,-0.8425524503529096,-0.6884997270944972,0.0,1.0,0.0,1.0,0.0,0.0,1.0,0.0,0.0,0.0,1.0,0.0,0.0,0.0,0.0,1.0,0.0,0.0,0.0,0.0,0.0,0.0,1
0.6555975913307688,0.1469491804436178,-0.6870027004529641,0.2569530922366421,-0.7309972474233969,-0.7510016167506272,0.585883128383339,-0.5143674966130499,-0.7648794475913637,0.5089404797217888,0.0,1.0,1.0,0.0,0.0,0.0,1.0,0.0,0.0,0.0,0.0,1.0,0.0,0.0,0.0,1.0,0.0,0.0,0.0,0.0,0.0,0.0,0
0.12788286796283044,0.1469491804436178,-0.4427912174552969,0.2569530922366421,-0.5438676701583873,-0.49171319627381244,0.29885552869360993,-0.36441302184267543,-0.22806496085993164,0.5089404797217888,1.0,0.0,0.0,1.0,0.0,0.0,1.0,0.0,0.0,0.0,1.0,0.0,0.0,0.0,0.0,1.0,0.0,0.0,0.0,0.0,0.0,0.0,1
-0.3118794015104515,0.1469491804436178,-0.609379602083604,0.2569530922366421,-0.6715177446352443,-0.5591281855977842,0.059665862285502365,-0.5799806148964005,-0.5689154239045262,0.5089404797217888,0.0,1.0,0.0,1.0,0.0,0.0,1.0,0.0,0.0,0.0,1.0,0.0,0.0,0.0,0.0,0.0,0.0,0.0,0.0,1.0,0.0,0.0,1
-1.0154990326677027,-1.3837714491773996,-0.9375941641385238,-0.738667542842371,-0.752996515577919,-0.8049089140745211,-0.8970928033469279,-0.8768896178141354,-1.7381991316177812,-0.6884997270944972,1.0,0.0,0.0,1.0,0.0,0.0,1.0,0.0,0.0,0.0,0.0,1.0,0.0,0.0,0.0,0.0,0.0,0.0,0.0,1.0,0.0,0.0,0
-0.048022039826482336,0.1469491804436178,1.9801836704576965,2.2481943623946683,0.10986366870500557,1.6839896981082267,1.8775073269871196,1.6516882492398288,1.6758650786777927,1.7412055880771133,0.0,1.0,1.0,0.0,0.0,1.0,0.0,0.0,0.0,0.0,1.0,0.0,0.0,0.0,0.0,1.0,0.0,0.0,0.0,0.0,0.0,0.0,1
-1.103451486562359,0.1469491804436178,-0.8064501166651756,-0.738667542842371,-0.5520155472526548,-0.6160943347226656,-0.9210117699877386,-0.8093136773117272,-1.1402715089257272,-0.6884997270944972,1.0,0.0,0.0,1.0,0.0,1.0,0.0,0.0,0.0,0.0,1.0,0.0,0.0,0.0,0.0,0.0,0.0,0.0,0.0,0.0,1.0,0.0,1
0.8315024991200816,-1.3837714491773996,-0.5391998145167852,-1.2364778603818776,0.8081367356837276,-0.6645062922309329,-0.932971253308144,-0.33067647924786586,-0.41421562006963614,-1.8220559825570277,0.0,1.0,0.0,1.0,0.0,0.0,0.0,0.0,1.0,0.0,1.0,0.0,0.0,0.0,0.0,0.0,0.0,0.0,0.0,1.0,0.0,0.0,1
-0.13597449372113873,0.1469491804436178,1.3212734427470096,2.2481943623946683,-0.14258472326571467,1.1661203130034083,1.7818314604238767,1.0340078108372983,1.372232333522941,1.7412055880771133,0.0,1.0,0.0,1.0,0.0,0.0,1.0,0.0,0.0,0.0,0.0,1.0,0.0,0.0,0.0,0.0,0.0,0.0,0.0,1.0,0.0,0.0,0
-0.7516416709837335,0.1469491804436178,-0.45236118848713586,-0.738667542842371,-0.009366932774441611,-0.2807594299252471,-0.8253359034244956,-0.5439726841441659,-0.2453868876991912,-0.6884997270944972,0.0,1.0,0.0,1.0,0.0,0.0,0.0,1.0,0.0,0.0,0.0,0.0,1.0,0.0,0.0,1.0,0.0,0.0,0.0,0.0,0.0,0.0,1
2.7664564848025224,1.677669810064635,-0.734498112240609,-0.9875727016121243,-0.22465195199853083,-0.8946816786288327,-0.2692199290256455,-0.3171081492357765,-0.9013526570741129,-1.168929155728989,1.0,0.0,0.0,1.0,0.0,0.0,1.0,0.0,0.0,0.0,0.0,0.0,1.0,0.0,0.0,0.0,0.0,1.0,0.0,0.0,0.0,0.0,1
-1.1914039404570154,0.1469491804436178,-0.6877115871960632,-0.738667542842371,-0.370046292147348,-0.4275578328072634,-0.9449307366285493,-0.7546803636686081,-0.7668137030908392,-0.6884997270944972,0.0,1.0,0.0,1.0,0.0,0.0,1.0,0.0,0.0,0.0,0.0,0.0,1.0,0.0,0.0,0.0,0.0,0.0,0.0,1.0,0.0,0.0,0
-0.6636892170890771,0.1469491804436178,-0.35205371433860205,-0.2408572253028645,-0.26810729650129067,-0.1988760291475485,-0.46655140381233423,-0.4589541968479473,-0.07445234539572244,0.006404293079320729,1.0,0.0,0.0,1.0,0.0,0.0,0.0,1.0,0.0,0.0,0.0,0.0,1.0,0.0,0.0,1.0,0.0,0.0,0.0,0.0,0.0,0.0,0
-0.5757367631944207,0.1469491804436178,0.6138044731340292,0.008047933466888799,0.4598731890258952,0.8006211644341361,-0.25726044570524015,0.23791626112608866,0.9394896352256304,0.2748578627176566,1.0,0.0,0.0,1.0,0.0,1.0,0.0,0.0,0.0,0.0,1.0,0.0,0.0,0.0,0.0,1.0,0.0,0.0,0.0,0.0,0.0,0.0,0
-0.7516416709837335,0.1469491804436178,0.0995071410155749,0.2569530922366421,-0.1283259383507466,0.3515092098736447,-0.17952380412260519,-0.18364480961591362,0.49801567579788797,0.5089404797217888,0.0,1.0,0.0,1.0,0.0,0.0,1.0,0.0,0.0,0.0,0.0,1.0,0.0,0.0,0.0,0.0,0.0,0.0,1.0,0.0,0.0,0.0,0
-0.3998318554051079,-1.3837714491773996,-0.4761088943809583,-0.2408572253028645,-0.39485205130100676,-0.408989436244085,-0.35891605392868586,-0.49337644152801724,-0.28940396859226064,0.006404293079320729,0.0,1.0,0.0,1.0,0.0,0.0,1.0,0.0,0.0,0.0,0.0,0.0,1.0,0.0,0.0,0.0,0.0,0.0,1.0,0.0,0.0,0.0,0
1.1833123146987072,0.1469491804436178,-0.10890556145558368,0.2569530922366421,-0.2880243293983889,-0.42766971235895596,0.872910728073068,0.23919338125988607,0.26478311951094863,0.5089404797217888,0.0,1.0,1.0,0.0,0.0,1.0,0.0,0.0,0.0,0.0,0.0,1.0,0.0,0.0,0.0,1.0,0.0,0.0,0.0,0.0,0.0,0.0,1
-1.0154990326677027,-1.3837714491773996,-0.6115062623129015,0.2569530922366421,-0.6731473200540977,-0.38461473154924614,-0.3230376039674697,-0.6876358422822767,-0.5739058083885059,0.5089404797217888,0.0,1.0,0.0,0.0,1.0,0.0,1.0,0.0,0.0,0.0,0.0,1.0,0.0,0.0,0.0,0.0,0.0,0.0,0.0,1.0,0.0,0.0,0
-0.5757367631944207,0.1469491804436178,-0.9173908919601972,-1.2364778603818776,-0.3510345789273907,-0.8326659736550884,-1.12432298643463,-0.8358932043916317,-1.6260257133937845,-1.8220559825570277,1.0,0.0,0.0,1.0,0.0,0.0,1.0,0.0,0.0,0.0,0.0,0.0,0.0,1.0,0.0,0.0,0.0,0.0,0.0,1.0,0.0,0.0,1
0.12788286796283044,0.1469491804436178,3.2317232153992967,1.2525737273156552,1.1501665097075329,2.5803360095354884,1.1838572944036079,2.9233484801833596,2.1083283440957175,1.226830001045095,0.0,1.0,1.0,0.0,0.0,1.0,0.0,0.0,0.0,0.0,0.0,0.0,1.0,0.0,0.0,1.0,0.0,0.0,0.0,0.0,0.0,0.0,0
0.12788286796283044,1.677669810064635,0.5106614520130986,0.2569530922366421,0.18672530929426212,0.3054134906777667,0.29885552869360993,0.4886860849818673,0.8622510024026726,0.5089404797217888,0.0,1.0,0.0,1.0,0.0,1.0,0.0,0.0,0.0,0.0,0.0,0.0,1.0,0.0,1.0,0.0,0.0,0.0,0.0,0.0,0.0,0.0,1
-1.103451486562359,0.1469491804436178,-0.6090251587120543,0.2569530922366421,-0.6712461487321021,-0.3505701082577376,-0.3708755372490912,-0.6995070596333466,-0.5680855680351512,0.5089404797217888,1.0,0.0,0.0,0.0,1.0,0.0,0.0,1.0,0.0,0.0,0.0,0.0,1.0,0.0,0.0,0.0,0.0,0.0,0.0,1.0,0.0,0.0,1
0.03993041406817406,0.1469491804436178,-0.67317940896253,-0.738667542842371,-0.3477754280896837,-0.6730340002821703,-0.6100652036571987,-0.5823120019862856,-0.7277301753557391,-0.6884997270944972,0.0,1.0,0.0,1.0,0.0,0.0,1.0,0.0,0.0,0.0,0.0,1.0,0.0,0.0,0.0,1.0,0.0,0.0,0.0,0.0,0.0,0.0,0
-0.13597449372113873,0.1469491804436178,-0.2457207028737252,0.2569530922366421,-0.39286034801129693,-0.25954765191544626,0.1553417288487454,-0.25437497971051953,0.0849741988533825,0.5089404797217888,0.0,1.0,0.0,1.0,0.0,0.0,0.0,0.0,0.0,1.0,1.0,0.0,0.0,0.0,0.0,0.0,0.0,0.0,0.0,1.0,0.0,0.0,1
0.479692683541456,0.1469491804436178,0.2508544606672496,2.2481943623946683,-0.5526945370105104,-0.02682983757028068,2.451562526366578,0.39264493666508843,0.6443241913185217,1.7412055880771133,0.0,1.0,0.0,1.0,0.0,1.0,0.0,0.0,0.0,0.0,0.0,0.0,1.0,0.0,0.0,0.0,0.0,0.0,0.0,1.0,0.0,0.0,1
-0.3998318554051079,0.1469491804436178,1.2358525902035586,2.2481943623946683,-0.1753120295943557,1.299303047568323,1.4948038607341476,0.7900007237974,1.327065619020764,1.7412055880771133,1.0,0.0,0.0,1.0,0.0,0.0,1.0,0.0,0.0,0.0,0.0,1.0,0.0,0.0,0.0,0.0,0.0,0.0,0.0,1.0,0.0,0.0,0
-1.103451486562359,-1.3837714491773996,-0.013205851137194536,0.2569530922366421,-0.21469343554998174,0.4507696129048187,-0.3708755372490912,-0.3681158131030814,0.37713769153958143,0.5089404797217888,1.0,0.0,0.0,0.0,1.0,0.0,1.0,0.0,0.0,0.0,0.0,1.0,0.0,0.0,0.0,0.0,0.0,0.0,1.0,0.0,0.0,0.0,0
0.21583532185748686,0.1469491804436178,0.9508801194776887,0.7547634097761486,0.2006310195351452,0.627024709844828,0.8011538281506357,0.9336038830030505,1.163798900069071,0.9028425891112019,0.0,1.0,0.0,1.0,0.0,0.0,1.0,0.0,0.0,0.0,1.0,0.0,0.0,0.0,0.0,0.0,0.0,0.0,0.0,1.0,0.0,0.0,1
-0.8395941248783899,1.677669810064635,0.7662151229003527,0.2569530922366421,0.38254595545982345,1.2002035831267446,-0.2273617374042267,0.20509684507031478,1.0457670373088537,0.5089404797217888,1.0,0.0,0.0,0.0,1.0,1.0,0.0,0.0,0.0,0.0,1.0,0.0,0.0,0.0,0.0,1.0,0.0,0.0,0.0,0.0,0.0,0.0,1
-1.1914039404570154,-1.3837714491773996,-0.8737943572595976,-0.4897623840726178,-0.7427845096197704,-0.6892034207429583,-0.8133764201040902,-0.8536786022280723,-1.412839321578531,-0.3082800291683669,1.0,0.0,0.0,1.0,0.0,0.0,1.0,0.0,0.0,0.0,0.0,1.0,0.0,0.0,1.0,0.0,0.0,0.0,0.0,0.0,0.0,0.0,1
-0.7516416709837335,-1.3837714491773996,-0.775967986711911,-0.9875727016121243,-0.30938987377891247,-0.6515116894861901,-0.9867889282499681,-0.7552632104410795,-1.0336053431592227,-1.168929155728989,0.0,1.0,0.0,1.0,0.0,0.0,1.0,0.0,0.0,0.0,0.0,0.0,1.0,0.0,0.0,0.0,0.0,0.0,0.0,1.0,0.0,0.0,1
-1.0154990326677027,0.1469491804436178,-0.1712875948483114,-0.4897623840726178,0.11850041842492919,0.18278241485987506,-0.7535790035020633,-0.4321432453142673,0.18589307265547406,-0.3082800291683669,1.0,0.0,0.0,1.0,0.0,0.0,1.0,0.0,0.0,0.0,1.0,0.0,0.0,0.0,0.0,0.0,0.0,0.0,1.0,0.0,0.0,0.0,1
-0.7516416709837335,0.1469491804436178,-0.12095663608826972,-0.738667542842371,0.49851740610156364,0.09892661902270665,-0.8253359034244956,-0.32759081986419425,0.24991451655152389,-0.6884997270944972,1.0,0.0,0.0,1.0,0.0,0.0,1.0,0.0,0.0,0.0,0.0,0.0,1.0,0.0,0.0,0.0,0.0,0.0,0.0,1.0,0.0,0.0,1
-0.22392694761579512,0.1469491804436178,-0.47646333775250793,0.2569530922366421,-0.569669280956901,-0.4506490942187311,0.10750379556712387,-0.4606084531286379,-0.290072457613492,0.5089404797217888,1.0,0.0,0.0,1.0,0.0,1.0,0.0,0.0,0.0,0.0,1.0,0.0,0.0,0.0,0.0,0.0,0.0,1.0,0.0,0.0,0.0,0.0,1
-0.7516416709837335,0.1469491804436178,-0.15994540695872456,1.2525737273156552,-0.5824342884045867,0.054257672087653246,0.4662882951792852,-0.353047509779485,0.20060046694571385,1.226830001045095,0.0,1.0,0.0,1.0,0.0,0.0,1.0,0.0,0.0,0.0,0.0,0.0,1.0,0.0,0.0,1.0,0.0,0.0,0.0,0.0,0.0,0.0,0
-0.7516416709837335,-1.3837714491773996,-0.8273622755866015,0.2569530922366421,-0.8385492250677273,-0.710393483173306,-0.17952380412260519,-0.7888197562385082,-1.2189126112482058,0.5089404797217888,0.0,1.0,0.0,1.0,0.0,0.0,1.0,0.0,0.0,0.0,1.0,0.0,0.0,0.0,0.0,0.0,0.0,1.0,0.0,0.0,0.0,0.0,1
-0.4877843092997643,0.1469491804436178,-0.7851835143722004,-0.2408572253028645,-0.7106275546877282,-0.7049519932739449,-0.394794503889902,-0.7341264436629289,-1.0649327792840084,0.006404293079320729,0.0,1.0,0.0,1.0,0.0,0.0,1.0,0.0,0.0,0.0,0.0,0.0,1.0,0.0,0.0,1.0,0.0,0.0,0.0,0.0,0.0,0.0,0
1.1833123146987072,-1.3837714491773996,-0.05219462200764937,-0.738667542842371,0.6038966165207561,-0.3918682558173177,-0.29911863732665894,0.30639218561540116,0.3325389311275797,-0.6884997270944972,0.0,1.0,0.0,1.0,0.0,0.0,1.0,0.0,0.0,0.0,0.0,0.0,1.0,0.0,0.0,1.0,0.0,0.0,0.0,0.0,0.0,0.0,1
-0.8395941248783899,0.1469491804436178,-0.6675083150177367,-0.9875727016121243,-0.0877676168148374,-0.5055723048144632,-1.0047281532305763,-0.6963442587650832,-0.7127938049631156,-1.168929155728989,1.0,0.0,0.0,0.0,1.0,0.0,1.0,0.0,0.0,0.0,1.0,0.0,0.0,0.0,0.0,0.0,0.0,0.0,1.0,0.0,0.0,0.0,1
-0.22392694761579512,-1.3837714491773996,-0.31448271695434554,1.2525737273156552,-0.6613781642512669,-0.2988115911246198,0.8968296947138787,-0.3313450387809947,-0.01584311431349574,1.226830001045095,0.0,1.0,0.0,0.0,1.0,0.0,1.0,0.0,0.0,0.0,0.0,0.0,1.0,0.0,0.0,0.0,0.0,0.0,0.0,0.0,1.0,0.0,0
1.4471696763826765,1.677669810064635,-0.4034480032132925,-0.738667542842371,0.06559353649281907,-0.641148806167516,-0.2273617374042267,-0.05497281331680746,-0.15920129930196444,-0.6884997270944972,1.0,0.0,1.0,0.0,0.0,1.0,0.0,0.0,0.0,0.0,1.0,0.0,0.0,0.0,0.0,1.0,0.0,0.0,0.0,0.0,0.0,0.0,1
-1.3673088482463283,0.1469491804436178,-0.4367656801389539,-0.2408572253028645,-0.35465585763595403,0.02690809412332743,-0.7535790035020633,-0.6561278314645632,-0.21727677197509745,0.006404293079320729,1.0,0.0,0.0,0.0,1.0,0.0,1.0,0.0,0.0,0.0,0.0,1.0,0.0,0.0,0.0,0.0,0.0,0.0,1.0,0.0,0.0,0.0,0
0.03993041406817406,0.1469491804436178,-0.16738871776126593,-0.9875727016121243,0.9341572347417308,-0.23842545067088966,-0.8253359034244956,-0.14198840793634687,0.19096768702111389,-1.168929155728989,0.0,1.0,0.0,0.0,1.0,0.0,1.0,0.0,0.0,0.0,0.0,1.0,0.0,0.0,0.0,1.0,0.0,0.0,0.0,0.0,0.0,0.0,1
-1.279356394351672,-1.3837714491773996,-0.702598208801146,-0.738667542842371,-0.39286034801129693,-0.41789889817780057,-0.9688497032693602,-0.7736485976021228,-0.8081182307464564,-0.6884997270944972,0.0,1.0,0.0,1.0,0.0,0.0,1.0,0.0,0.0,0.0,0.0,1.0,0.0,0.0,0.0,0.0,0.0,0.0,1.0,0.0,0.0,0.0,1
1.0074074069093943,-1.3837714491773996,-0.7281181315527164,-0.2408572253028645,-0.6523249674798587,-0.8069890009168063,0.21513914545077228,-0.5153960497409406,-0.8821585400078401,0.006404293079320729,0.0,1.0,0.0,1.0,0.0,0.0,1.0,0.0,0.0,0.0,0.0,1.0,0.0,0.0,0.0,0.0,1.0,0.0,0.0,0.0,0.0,0.0,0
2.1507893075399274,0.1469491804436178,-0.3633959022281889,-0.738667542842371,0.12697421060296724,-0.6804652887268202,-0.036010004277740655,0.1494006931950422,-0.09268234141020004,-0.6884997270944972,0.0,1.0,0.0,1.0,0.0,0.0,1.0,0.0,0.0,0.0,0.0,1.0,0.0,0.0,0.0,0.0,0.0,0.0,1.0,0.0,0.0,0.0,0
1.9748843997506147,-1.3837714491773996,-1.023015016681975,-0.738667542842371,-0.8839057408924829,-1.0181121174589691,-0.08384793755936217,-0.8142678748777332,-2.3635926815695343,-0.6884997270944972,1.0,0.0,0.0,1.0,0.0,0.0,1.0,0.0,0.0,0.0,0.0,1.0,0.0,0.0,0.0,0.0,0.0,0.0,0.0,1.0,0.0,0.0,1
0.5676451374361124,0.1469491804436178,-0.4629944896336235,0.2569530922366421,-0.5593486366374956,-0.5779239502821444,0.5380451951017174,-0.29827705571931395,-0.26491044682261206,0.5089404797217888,1.0,0.0,0.0,0.0,1.0,1.0,0.0,0.0,0.0,0.0,0.0,0.0,1.0,0.0,0.0,1.0,0.0,0.0,0.0,0.0,0.0,0.0,1
0.03993041406817406,-1.3837714491773996,-0.6022907346526122,0.008047933466888799,-0.6050931466095971,-0.6121217999161885,0.03574689564469161,-0.5205988143128535,-0.5524189601892435,0.2748578627176566,1.0,0.0,0.0,1.0,0.0,0.0,0.0,0.0,0.0,1.0,1.0,0.0,0.0,0.0,1.0,0.0,0.0,0.0,0.0,0.0,0.0,0.0,1
-1.3673088482463283,-1.3837714491773996,-0.19609863085678267,0.2569530922366421,-0.35483692157138214,0.3991425505598427,-0.5143893370939557,-0.5397299024916175,0.15312345307191136,0.5089404797217888,1.0,0.0,0.0,0.0,1.0,0.0,1.0,0.0,0.0,0.0,0.0,0.0,1.0,0.0,0.0,1.0,0.0,0.0,0.0,0.0,0.0,0.0,0
0.3917402296467996,1.677669810064635,-0.6781416161642243,0.2569530922366421,-0.7242073498448405,-0.7186572383562907,0.44236932853847444,-0.5400727535342477,-0.7409429811149867,0.5089404797217888,0.0,1.0,0.0,1.0,0.0,1.0,0.0,0.0,0.0,0.0,0.0,1.0,0.0,0.0,0.0,0.0,0.0,0.0,0.0,0.0,0.0,1.0,0
-0.3118794015104515,-1.3837714491773996,-0.829488935815899,-1.2364778603818776,-0.08161144301027987,-0.7719021155012047,-1.0884445364734139,-0.7503090128750733,-1.2271854592004199,-1.8220559825570277,1.0,0.0,0.0,1.0,0.0,0.0,0.0,1.0,0.0,0.0,0.0,0.0,1.0,0.0,0.0,1.0,0.0,0.0,0.0,0.0,0.0,0.0,0
-1.103451486562359,0.1469491804436178,-0.6483683729540588,0.2569530922366421,-0.7013932939808916,-0.40348427188001224,-0.3708755372490912,-0.7213895274292178,-0.6636241612828195,0.5089404797217888,1.0,0.0,0.0,0.0,1.0,0.0,1.0,0.0,0.0,0.0,0.0,1.0,0.0,0.0,0.0,1.0,0.0,0.0,0.0,0.0,0.0,0.0,0
0.03993041406817406,-1.3837714491773996,0.343718624013242,0.2569530922366421,0.05880363891426291,0.2007515139678397,0.2510175954119884,0.30296367518909934,0.7265133982086155,0.5089404797217888,0.0,1.0,0.0,1.0,0.0,0.0,1.0,0.0,0.0,0.0,0.0,0.0,1.0,0.0,1.0,0.0,0.0,0.0,0.0,0.0,0.0,0.0,0
-0.3998318554051079,0.1469491804436178,-0.17589535867845607,-0.2408572253028645,-0.08812974468569383,-0.10941930502480772,-0.35891605392868586,-0.26832044586950204,0.17986993370963725,0.006404293079320729,0.0,1.0,0.0,1.0,0.0,0.0,1.0,0.0,0.0,0.0,1.0,0.0,0.0,0.0,0.0,1.0,0.0,0.0,0.0,0.0,0.0,0.0,0
-0.3118794015104515,0.1469491804436178,0.2097390295674972,0.2569530922366421,-0.04385961247350715,0.23269234903475142,0.059665862285502365,0.05388239271827436,0.6061916302032958,0.5089404797217888,0.0,1.0,1.0,0.0,0.0,0.0,1.0,0.0,0.0,0.0,1.0,0.0,0.0,0.0,1.0,0.0,0.0,0.0,0.0,0.0,0.0,0.0,1
0.8315024991200816,0.1469491804436178,-0.33397710238957296,-1.1535094741252931,1.075697499693577,-0.5234336361833188,-0.8432751284051037,-0.10735188135463304,-0.04592081269859295,-1.5775394101740676,1.0,0.0,0.0,1.0,0.0,0.0,1.0,0.0,0.0,0.0,0.0,0.0,1.0,0.0,0.0,0.0,0.0,0.0,0.0,1.0,0.0,0.0,1
-0.4877843092997643,0.1469491804436178,-0.8340966996460436,-0.9875727016121243,-0.4281678154197893,-0.7553872951769779,-0.932971253308144,-0.7696115265751524,-1.2452941887470623,-1.168929155728989,1.0,0.0,0.0,1.0,0.0,0.0,1.0,0.0,0.0,0.0,0.0,0.0,1.0,0.0,0.0,0.0,0.0,0.0,1.0,0.0,0.0,0.0,0
-0.13597449372113873,-1.3837714491773996,-0.508363241191971,0.2569530922366421,-0.5941129122397033,-0.49850263088058344,0.1553417288487454,-0.4703197089111377,-0.3517019797075236,0.5089404797217888,1.0,0.0,1.0,0.0,0.0,0.0,1.0,0.0,0.0,0.0,0.0,0.0,1.0,0.0,0.0,0.0,0.0,1.0,0.0,0.0,0.0,0.0,0
-0.6636892170890771,1.677669810064635,0.027555136591008247,1.2525737273156552,-0.48665146656308694,0.2205044703722367,0.5380451951017174,-0.20191877018810214,0.42217061347504825,1.226830001045095,1.0,0.0,0.0,1.0,0.0,0.0,1.0,0.0,0.0,0.0,1.0,0.0,0.0,0.0,0.0,0.0,0.0,0.0,1.0,0.0,0.0,0.0,0
-1.103451486562359,0.1469491804436178,-0.7075604160028403,-0.9046043153555399,-0.26195112269673304,-0.483093869401813,-1.0127011421108465,-0.7543117987977807,-0.8221858174726981,-0.994401518288044,1.0,0.0,0.0,1.0,0.0,0.0,1.0,0.0,0.0,0.0,0.0,0.0,0.0,1.0,0.0,0.0,0.0,0.0,1.0,0.0,0.0,0.0,1
-1.1914039404570154,0.1469491804436178,-0.15710985998632784,0.2569530922366421,-0.3249613722257348,0.31850587222080357,-0.41871347053071273,-0.4723939577190503,0.20425124757608637,0.5089404797217888,0.0,1.0,0.0,1.0,0.0,0.0,0.0,0.0,1.0,0.0,0.0,1.0,0.0,0.0,0.0,0.0,0.0,0.0,1.0,0.0,0.0,0.0,1
3.382123662065117,1.677669810064635,0.444734984904875,0.2569530922366421,0.13620847130980382,-0.4202977570339126,2.068859060113606,1.8650615956207206,0.8103418960902363,0.5089404797217888,0.0,1.0,0.0,1.0,0.0,0.0,1.0,0.0,0.0,0.0,1.0,0.0,0.0,0.0,1.0,0.0,0.0,0.0,0.0,0.0,0.0,0.0,1
1.2712647685933636,0.1469491804436178,-0.2127574693196134,1.2525737273156552,-0.6094128147833834,-0.5051843409536707,2.116696993395227,0.1390294491554793,0.13064411918551833,1.226830001045095,1.0,0.0,1.0,0.0,0.0,0.0,0.0,1.0,0.0,0.0,0.0,0.0,1.0,0.0,0.0,0.0,0.0,0.0,0.0,1.0,0.0,0.0,0
-0.22392694761579512,0.1469491804436178,-0.43251235968035884,-0.2408572253028645,-0.350310323185678,-0.40945029688028517,-0.2871591540062536,-0.4255347914675706,-0.20971557112953473,0.006404293079320729,0.0,1.0,0.0,1.0,0.0,0.0,1.0,0.0,0.0,0.0,1.0,0.0,0.0,0.0,0.0,0.0,0.0,0.0,0.0,1.0,0.0,0.0,1
0.8315024991200816,0.1469491804436178,-0.6986993317141005,-0.4897623840726178,-0.5281151077761369,-0.7741482528897004,-0.12570612918078097,-0.5042448195793939,-0.7971718187554605,-0.3082800291683669,0.0,1.0,1.0,0.0,0.0,1.0,0.0,0.0,0.0,0.0,1.0,0.0,0.0,0.0,0.0,1.0,0.0,0.0,0.0,0.0,0.0,0.0,1
-1.1914039404570154,0.1469491804436178,-0.896833176410321,-0.738667542842371,-0.6905294578552017,-0.7215976363921395,-0.9449307366285493,-0.8659355270021012,-1.5210975589843458,-0.6884997270944972,1.0,0.0,0.0,1.0,0.0,0.0,0.0,1.0,0.0,0.0,0.0,1.0,0.0,0.0,0.0,0.0,1.0,0.0,0.0,0.0,0.0,0.0,0
1.0953598608040507,-1.3837714491773996,-0.7199659340070759,-0.9046043153555399,-0.28476517856068195,-0.8076499630909904,-0.5143893370939557,-0.49550211799232435,-0.8580413957625459,-0.994401518288044,1.0,0.0,1.0,0.0,0.0,0.0,0.0,1.0,0.0,0.0,0.0,0.0,0.0,1.0,0.0,1.0,0.0,0.0,0.0,0.0,0.0,0.0,0
-0.5757367631944207,0.1469491804436178,0.030390683563404963,0.008047933466888799,-0.05103750419940948,0.17830851876402878,-0.25726044570524015,-0.17122503059663538,0.42524558463727546,0.2748578627176566,1.0,0.0,0.0,1.0,0.0,0.0,0.0,0.0,0.0,1.0,0.0,1.0,0.0,0.0,0.0,0.0,0.0,0.0,0.0,1.0,0.0,0.0,1
-1.1914039404570154,0.1469491804436178,0.12786261073954205,0.2569530922366421,-0.10659826609936664,0.7191974011737536,-0.41871347053071273,-0.3207852266679852,0.5267211433660893,0.5089404797217888,1.0,0.0,0.0,0.0,1.0,0.0,1.0,0.0,0.0,0.0,0.0,1.0,0.0,0.0,0.0,1.0,0.0,0.0,0.0,0.0,0.0,0.0,1
-1.1914039404570154,0.1469491804436178,-0.518642098966909,-0.2408572253028645,-0.4383073958037666,-0.1898341271971177,-0.681822103579631,-0.6647333926345806,-0.3722048798544729,0.006404293079320729,1.0,0.0,0.0,1.0,0.0,0.0,1.0,0.0,0.0,0.0,1.0,0.0,0.0,0.0,0.0,0.0,0.0,0.0,1.0,0.0,0.0,0.0,0
1.0953598608040507,1.677669810064635,3.166151191662623,2.2481943623946683,0.5642436146619879,1.6967551549563546,3.121293592309279,4.015320479684414,2.0889339149774813,1.7412055880771133,0.0,1.0,0.0,1.0,0.0,1.0,0.0,0.0,0.0,0.0,0.0,0.0,1.0,0.0,1.0,0.0,0.0,0.0,0.0,0.0,0.0,0.0,1
-0.7516416709837335,1.677669810064635,2.0861622385510237,3.2438149974736814,-0.09823311228258538,2.627595096882501,1.757912493783066,1.1134892537950396,1.7186580548853183,2.1423264487912967,0.0,1.0,1.0,0.0,0.0,1.0,0.0,0.0,0.0,0.0,0.0,0.0,1.0,0.0,0.0,0.0,0.0,0.0,0.0,1.0,0.0,0.0,1
0.12788286796283044,0.1469491804436178,0.143458119087724,-1.2364778603818776,2.9005115734916123,-0.0015839991667819825,-1.028647119871387,0.1601319308293668,0.5422408837741498,-1.8220559825570277,0.0,1.0,0.0,0.0,1.0,0.0,1.0,0.0,0.0,0.0,0.0,1.0,0.0,0.0,0.0,1.0,0.0,0.0,0.0,0.0,0.0,0.0,1
-1.279356394351672,0.1469491804436178,0.06016392677357048,0.7547634097761486,-0.34538538414203185,0.7056701462872823,-0.21540225408382133,-0.38629548963854665,0.4570975601729201,0.9028425891112019,1.0,0.0,0.0,0.0,1.0,0.0,0.0,1.0,0.0,0.0,0.0,0.0,1.0,0.0,0.0,0.0,0.0,0.0,1.0,0.0,0.0,0.0,0
1.1833123146987072,-1.3837714491773996,-0.9326319569368295,-0.738667542842371,-0.7453918302899359,-0.9476858686262527,-0.29911863732665894,-0.7368692520039704,-1.7097302544427144,-0.6884997270944972,0.0,1.0,0.0,1.0,0.0,0.0,1.0,0.0,0.0,0.0,1.0,0.0,0.0,0.0,0.0,1.0,0.0,0.0,0.0,0.0,0.0,0.0,1
-0.7516416709837335,0.1469491804436178,0.13495147817053385,0.008047933466888799,0.04052911457426292,0.39211734345096616,-0.3409768289480778,-0.16050236423837652,0.5337987403276802,0.2748578627176566,0.0,1.0,0.0,1.0,0.0,0.0,1.0,0.0,0.0,0.0,0.0,0.0,1.0,0.0,1.0,0.0,0.0,0.0,0.0,0.0,0.0,0.0,1
-0.3118794015104515,0.1469491804436178,-0.6171773562576949,-0.2408572253028645,-0.5389789439018269,-0.5666660703930745,-0.3230376039674697,-0.5860147932466916,-0.5873087210376076,0.006404293079320729,0.0,1.0,0.0,1.0,0.0,0.0,1.0,0.0,0.0,0.0,1.0,0.0,0.0,0.0,0.0,1.0,0.0,0.0,0.0,0.0,0.0,0.0,0
0.21583532185748686,0.1469491804436178,0.22781564151652628,2.2481943623946683,-0.5615214038626335,0.038420499992497976,2.1645349266768488,0.2691585623857637,0.6230959046630087,1.7412055880771133,0.0,1.0,0.0,1.0,0.0,1.0,0.0,0.0,0.0,0.0,1.0,0.0,0.0,0.0,1.0,0.0,0.0,0.0,0.0,0.0,0.0,0.0,0
-1.1914039404570154,0.1469491804436178,-0.5009199303894296,-0.738667542842371,-0.08378421023541774,-0.16491549977467063,-0.9449307366285493,-0.6553049889622508,-0.33705600015722603,-0.6884997270944972,1.0,0.0,0.0,0.0,1.0,0.0,1.0,0.0,0.0,0.0,0.0,1.0,0.0,0.0,0.0,0.0,0.0,0.0,1.0,0.0,0.0,0.0,1
2.5905515770132093,0.1469491804436178,-0.23792294869963423,-0.2408572253028645,-0.15150212208555175,-0.6523238521577365,0.8609512447526627,0.4428811856864754,0.09592483730909017,0.006404293079320729,0.0,1.0,1.0,0.0,0.0,0.0,1.0,0.0,0.0,0.0,0.0,1.0,0.0,0.0,0.0,0.0,0.0,0.0,0.0,1.0,0.0,0.0,0
-0.048022039826482336,0.1469491804436178,-0.4580322824319293,-0.4897623840726178,-0.23305331860239772,-0.4709447229536613,-0.42469321219091544,-0.411975032731547,-0.25576264631097706,-0.3082800291683669,0.0,1.0,0.0,1.0,0.0,1.0,0.0,0.0,0.0,0.0,1.0,0.0,0.0,0.0,0.0,0.0,0.0,0.0,0.0,1.0,0.0,0.0,1
0.479692683541456,0.1469491804436178,-0.4094735405296355,-1.2364778603818776,1.2057531378839799,-0.52503221002707,-0.9808091865897655,-0.2620548430654355,-0.16951237653432175,-1.8220559825570277,0.0,1.0,0.0,1.0,0.0,0.0,1.0,0.0,0.0,0.0,0.0,0.0,0.0,1.0,0.0,0.0,0.0,0.0,1.0,0.0,0.0,0.0,1
-0.5757367631944207,0.1469491804436178,-0.6501405898118068,-0.9875727016121243,-0.05227908547091699,-0.5475968759422932,-0.9509104782887521,-0.6484736819378445,-0.6680989351213965,-1.168929155728989,0.0,1.0,0.0,1.0,0.0,0.0,0.0,1.0,0.0,0.0,0.0,0.0,1.0,0.0,0.0,1.0,0.0,0.0,0.0,0.0,0.0,0.0,0
0.03993041406817406,0.1469491804436178,0.27318439307487374,1.7503840448551617,-0.46572564888288887,0.14014387460368763,1.5426417940157693,0.2415590534540343,0.6645710006031453,1.5020198905350652,0.0,1.0,0.0,1.0,0.0,0.0,0.0,0.0,1.0,0.0,1.0,0.0,0.0,0.0,0.0,0.0,0.0,0.0,1.0,0.0,0.0,0.0,1
2.502599123118553,-1.3837714491773996,0.19875128504945994,-0.9875727016121243,1.6823134159309123,-0.43441045534843636,-0.3230376039674697,1.0964238431481226,0.5958071093256928,-1.168929155728989,0.0,1.0,0.0,1.0,0.0,1.0,0.0,0.0,0.0,0.0,1.0,0.0,0.0,0.0,0.0,0.0,0.0,1.0,0.0,0.0,0.0,0.0,1
-0.6636892170890771,0.1469491804436178,0.13778702514293056,0.2569530922366421,-0.09899358081138374,0.34228536238965335,-0.13168587084098368,-0.12728009820751218,0.5366189351598963,0.5089404797217888,1.0,0.0,0.0,1.0,0.0,0.0,1.0,0.0,0.0,0.0,0.0,1.0,0.0,0.0,0.0,0.0,0.0,0.0,0.0,1.0,0.0,0.0,1
0.7435500452254252,0.1469491804436178,-0.6090251587120543,-0.2408572253028645,-0.5306500028721313,-0.703905410922202,0.10750379556712387,-0.41997203330089594,-0.5680855680351512,0.006404293079320729,0.0,1.0,0.0,1.0,0.0,0.0,1.0,0.0,0.0,0.0,0.0,1.0,0.0,0.0,0.0,0.0,0.0,0.0,1.0,0.0,0.0,0.0,0
-1.103451486562359,0.1469491804436178,-0.6476594862109596,-0.4897623840726178,-0.4655394116921628,-0.4025308635264578,-0.7834777118030768,-0.720995248730193,-0.6618385916780424,-0.3082800291683669,0.0,1.0,0.0,1.0,0.0,1.0,0.0,0.0,0.0,0.0,0.0,0.0,1.0,0.0,0.0,0.0,0.0,0.0,0.0,1.0,0.0,0.0,1
-1.4552613021409846,0.1469491804436178,-0.4576778390603797,-0.9875727016121243,0.3409917822790594,0.05169294786171725,-1.1303027280948328,-0.6832130638323474,-0.2551117091355426,-1.168929155728989,1.0,0.0,0.0,0.0,1.0,0.0,1.0,0.0,0.0,0.0,1.0,0.0,0.0,0.0,0.0,0.0,0.0,0.0,1.0,0.0,0.0,0.0,0
-0.9275465787730462,-1.3837714491773996,-0.6792049462788731,0.2569530922366421,-0.7250221375542673,-0.4966322680222868,-0.2751996706858482,-0.7153124926985979,-0.7437920011663455,0.5089404797217888,1.0,0.0,0.0,1.0,0.0,0.0,1.0,0.0,0.0,0.0,0.0,0.0,1.0,0.0,0.0,1.0,0.0,0.0,0.0,0.0,0.0,0.0,0
1.0074074069093943,0.1469491804436178,-0.6657360981599887,-0.738667542842371,-0.33636840015770925,-0.7659315858616081,-0.34695657060828045,-0.4444944541250195,-0.7081614570089072,-0.6884997270944972,0.0,1.0,0.0,1.0,0.0,0.0,1.0,0.0,0.0,0.0,1.0,0.0,0.0,0.0,0.0,0.0,0.0,1.0,0.0,0.0,0.0,0.0,1
-0.6636892170890771,0.1469491804436178,-0.6717616354763317,0.2569530922366421,-0.71931862358828,-0.5520797738411491,-0.13168587084098368,-0.6754303451646423,-0.7239798278423315,0.5089404797217888,1.0,0.0,0.0,1.0,0.0,0.0,0.0,0.0,1.0,0.0,1.0,0.0,0.0,0.0,0.0,0.0,0.0,0.0,0.0,1.0,0.0,0.0,1
-1.279356394351672,0.1469491804436178,4.388626380137157,3.2438149974736814,0.6074816824422339,7.081611210881888,1.0403434945587433,1.8118253999763196,2.409786288994497,2.1423264487912967,0.0,1.0,0.0,1.0,0.0,0.0,1.0,0.0,0.0,0.0,1.0,0.0,0.0,0.0,0.0,0.0,0.0,0.0,0.0,1.0,0.0,0.0,1
-0.13597449372113873,0.1469491804436178,-0.6302917610050297,-0.738667542842371,-0.28204921952925943,-0.6094344969588658,-0.6579031369388203,-0.5705693537762021,-0.6188472848397478,-0.6884997270944972,1.0,0.0,0.0,1.0,0.0,0.0,1.0,0.0,0.0,0.0,1.0,0.0,0.0,0.0,0.0,0.0,0.0,0.0,0.0,1.0,0.0,0.0,1
-0.8395941248783899,0.1469491804436178,0.38944181894313906,1.7503840448551617,-0.4148208167510845,0.751936643971861,0.7054779615873927,-0.03179608283500736,0.7651333429761543,1.5020198905350652,0.0,1.0,0.0,1.0,0.0,0.0,1.0,0.0,0.0,0.0,0.0,1.0,0.0,0.0,0.0,0.0,0.0,0.0,0.0,1.0,0.0,0.0,0
-0.7516416709837335,-2.9144920787984168,-0.8936431860663747,-0.2408572253028645,-0.8214386831697658,-0.7863306929628967,-0.5024298537735504,-0.8320961290945026,-1.5055546655077343,0.006404293079320729,1.0,0.0,0.0,1.0,0.0,0.0,1.0,0.0,0.0,0.0,0.0,1.0,0.0,0.0,0.0,0.0,0.0,1.0,0.0,0.0,0.0,0.0,0
0.21583532185748686,-1.3837714491773996,-0.6958637847417037,-0.4897623840726178,-0.5246386802159161,-0.713492524946312,-0.3349970872878751,-0.5796377638537703,-0.7892687684205222,-0.3082800291683669,0.0,1.0,0.0,1.0,0.0,0.0,1.0,0.0,0.0,0.0,0.0,0.0,1.0,0.0,0.0,0.0,0.0,0.0,0.0,0.0,1.0,0.0,1
0.3917402296467996,1.677669810064635,0.47911599194518517,-0.4897623840726178,0.9159059900505717,0.17629526552089797,-0.2751996706858482,0.5793359006532866,0.8376733889387469,-0.3082800291683669,0.0,1.0,0.0,1.0,0.0,0.0,0.0,1.0,0.0,0.0,1.0,0.0,0.0,0.0,0.0,0.0,0.0,1.0,0.0,0.0,0.0,0.0,0
-0.22392694761579512,0.1469491804436178,-0.5034010339902767,0.2569530922366421,-0.5903105695957119,-0.4758999700068108,0.10750379556712387,-0.4821052135015501,-0.34191952914828777,0.5089404797217888,0.0,1.0,0.0,1.0,0.0,0.0,1.0,0.0,0.0,0.0,1.0,0.0,0.0,0.0,0.0,0.0,0.0,0.0,0.0,1.0,0.0,0.0,1
-0.3118794015104515,1.677669810064635,-0.4931221762153386,-0.2408572253028645,-0.41223418910211074,-0.4467451759225477,-0.3230376039674697,-0.4900165013102415,-0.32188898935353255,0.006404293079320729,0.0,1.0,0.0,1.0,0.0,0.0,1.0,0.0,0.0,0.0,0.0,1.0,0.0,0.0,0.0,0.0,0.0,0.0,0.0,1.0,0.0,0.0,1
-0.7516416709837335,0.1469491804436178,1.6689823902371568,1.2525737273156552,0.35185561840474927,2.14963736467743,0.4662882951792852,0.8411026717014283,1.5413130276312224,1.226830001045095,0.0,1.0,0.0,0.0,1.0,1.0,0.0,0.0,0.0,0.0,1.0,0.0,0.0,0.0,1.0,0.0,0.0,0.0,0.0,0.0,0.0,0.0,0
-0.3118794015104515,0.1469491804436178,0.4649382570832016,0.7547634097761486,-0.09725536703127324,0.47938676051697804,0.44236932853847444,0.25136459327325744,0.8264727880879639,0.9028425891112019,0.0,1.0,0.0,1.0,0.0,0.0,1.0,0.0,0.0,0.0,0.0,1.0,0.0,0.0,0.0,0.0,0.0,0.0,1.0,0.0,0.0,0.0,1
-0.8395941248783899,0.1469491804436178,-0.6682172017608358,-0.738667542842371,-0.3401707428017007,-0.5064157045118384,-0.8492548700653063,-0.6967899651205024,-0.7146514148645781,-0.6884997270944972,1.0,0.0,0.0,1.0,0.0,0.0,0.0,0.0,1.0,0.0,1.0,0.0,0.0,0.0,0.0,1.0,0.0,0.0,0.0,0.0,0.0,0.0,0
0.21583532185748686,0.1469491804436178,-0.8238178418711055,0.2569530922366421,-0.8358332660363048,-0.817652387572141,0.34669346197523143,-0.6972185289237901,-1.205241422171429,0.5089404797217888,0.0,1.0,1.0,0.0,0.0,0.0,1.0,0.0,0.0,0.0,0.0,0.0,0.0,1.0,0.0,1.0,0.0,0.0,0.0,0.0,0.0,0.0,0
0.3917402296467996,-1.3837714491773996,-0.9170364485886475,-0.738667542842371,-0.7214913908134181,-0.9034039420663139,-0.5143893370939557,-0.7711543562669883,-1.624142322191667,-0.6884997270944972,0.0,1.0,0.0,0.0,1.0,0.0,1.0,0.0,0.0,0.0,0.0,1.0,0.0,0.0,0.0,0.0,0.0,1.0,0.0,0.0,0.0,0.0,0
1.2712647685933636,1.677669810064635,1.4903429309761638,2.2481943623946683,-0.07780910036628833,0.548474900977084,3.312645325435765,2.1982785239529914,1.4572170729428238,1.7412055880771133,0.0,1.0,1.0,0.0,0.0,0.0,1.0,0.0,0.0,0.0,0.0,1.0,0.0,0.0,0.0,0.0,0.0,1.0,0.0,0.0,0.0,0.0,1
0.12788286796283044,-1.3837714491773996,-0.47823555461025585,-0.738667542842371,-0.049019934633210006,-0.5213461586140198,-0.586146237016388,-0.39612674328596703,-0.2934201121784648,-0.6884997270944972,0.0,1.0,0.0,1.0,0.0,0.0,1.0,0.0,0.0,0.0,0.0,0.0,1.0,0.0,0.0,0.0,0.0,0.0,1.0,0.0,0.0,0.0,0
0.8315024991200816,0.1469491804436178,-0.3431926300498623,0.2569530922366421,-0.46754922137541544,-0.529768505021381,0.681558994946582,-0.11738027435156578,-0.0603873897344397,0.5089404797217888,0.0,1.0,0.0,1.0,0.0,0.0,1.0,0.0,0.0,0.0,0.0,1.0,0.0,0.0,0.0,1.0,0.0,0.0,0.0,0.0,0.0,0.0,0
0.5676451374361124,1.677669810064635,1.7065533876214134,1.2525737273156552,0.37104839556013497,1.0199771001757487,1.5426417940157693,1.9052437378169775,1.558322633503465,1.226830001045095,0.0,1.0,0.0,1.0,0.0,0.0,0.0,1.0,0.0,0.0,0.0,0.0,1.0,0.0,0.0,1.0,0.0,0.0,0.0,0.0,0.0,0.0,0
-0.048022039826482336,0.1469491804436178,-0.3279515650732299,0.2569530922366421,-0.4558705975402987,-0.3559772956343253,0.2031796621303669,-0.3018769916669308,-0.03654891860261218,0.5089404797217888,0.0,1.0,0.0,1.0,0.0,0.0,1.0,0.0,0.0,0.0,1.0,0.0,0.0,0.0,0.0,1.0,0.0,0.0,0.0,0.0,0.0,0.0,1
-1.1914039404570154,0.1469491804436178,0.24872780043795206,-0.5727307703292022,0.7567663105751077,0.8891424401948431,-0.8572278589455766,-0.2564835136226951,0.6423792358851554,-0.42646001415210794,0.0,1.0,1.0,0.0,0.0,0.0,1.0,0.0,0.0,0.0,0.0,1.0,0.0,0.0,0.0,1.0,0.0,0.0,0.0,0.0,0.0,0.0,1
0.479692683541456,-1.3837714491773996,-0.8447300007925314,-0.738667542842371,-0.6106802623313805,-0.8534232531708904,-0.490470370453145,-0.6936014504240418,-1.2880806726862357,-0.6884997270944972,0.0,1.0,0.0,1.0,0.0,0.0,1.0,0.0,0.0,0.0,0.0,0.0,1.0,0.0,0.0,1.0,0.0,0.0,0.0,0.0,0.0,0.0,0
0.12788286796283044,0.1469491804436178,2.463644429251336,2.2481943623946683,0.2950920746480194,1.9381897156231942,2.068859060113606,2.2361121365072316,1.8604837878851461,1.7412055880771133,0.0,1.0,0.0,1.0,0.0,1.0,0.0,0.0,0.0,0.0,1.0,0.0,0.0,0.0,0.0,0.0,0.0,0.0,0.0,1.0,0.0,0.0,1
-0.6636892170890771,0.1469491804436178,0.33662975658225025,0.7547634097761486,-0.17590954058126868,0.5619608621381122,0.2031796621303669,0.007357506233359076,0.7204208488326257,0.9028425891112019,1.0,0.0,0.0,1.0,0.0,0.0,1.0,0.0,0.0,0.0,0.0,0.0,1.0,0.0,1.0,0.0,0.0,0.0,0.0,0.0,0.0,0.0,1
0.479692683541456,0.1469491804436178,1.0951385716983717,-0.2408572253028645,1.2104608002051123,0.6101632119155338,-0.0001315543165245208,1.2297328997988017,1.2490287096571024,0.006404293079320729,0.0,1.0,0.0,1.0,0.0,0.0,1.0,0.0,0.0,0.0,0.0,0.0,1.0,0.0,0.0,0.0,0.0,0.0,1.0,0.0,0.0,0.0,1
-1.103451486562359,0.1469491804436178,-0.6997626618287492,-0.738667542842371,-0.388514813561021,-0.47260637751271345,-0.9210117699877386,-0.7499747331085089,-0.8001479979500452,-0.6884997270944972,0.0,1.0,0.0,0.0,1.0,0.0,1.0,0.0,0.0,0.0,0.0,0.0,0.0,1.0,0.0,0.0,0.0,0.0,0.0,1.0,0.0,0.0,1
-1.103451486562359,0.1469491804436178,-0.8404766803339363,-0.738667542842371,-0.6041619606559666,-0.6618579356932816,-0.9210117699877386,-0.828239054864913,-1.270795304703441,-0.6884997270944972,0.0,1.0,0.0,1.0,0.0,1.0,0.0,0.0,0.0,0.0,0.0,1.0,0.0,0.0,0.0,1.0,0.0,0.0,0.0,0.0,0.0,0.0,0
1.2712647685933636,0.1469491804436178,-0.3651681190859368,0.008047933466888799,-0.39743867894998064,-0.5994764271202107,0.6217615783445551,-0.04525298625824188,-0.09555420949148566,0.2748578627176566,0.0,1.0,0.0,1.0,0.0,0.0,1.0,0.0,0.0,0.0,1.0,0.0,0.0,0.0,0.0,0.0,0.0,0.0,1.0,0.0,0.0,0.0,1
-0.048022039826482336,1.677669810064635,-0.7873101746014979,-1.2364778603818776,0.04766820688543064,-0.7619658128165039,-1.0525660865121977,-0.6906700740095537,-1.0722715906500924,-1.8220559825570277,0.0,1.0,0.0,1.0,0.0,0.0,1.0,0.0,0.0,0.0,0.0,0.0,1.0,0.0,0.0,0.0,0.0,0.0,1.0,0.0,0.0,0.0,1
1.2712647685933636,-1.3837714491773996,-0.7883735047161466,-1.2364778603818776,0.04440905604772366,-0.8613014291733472,-0.873173836706117,-0.5569581673837839,-1.0759567224072797,-1.8220559825570277,1.0,0.0,0.0,1.0,0.0,0.0,1.0,0.0,0.0,0.0,0.0,0.0,0.0,1.0,0.0,0.0,0.0,1.0,0.0,0.0,0.0,0.0,1
-0.7516416709837335,1.677669810064635,1.078479733235541,0.2569530922366421,0.6218219461281446,1.4731058592792576,-0.17952380412260519,0.4555495317116605,1.2394693838061717,0.5089404797217888,0.0,1.0,0.0,1.0,0.0,0.0,1.0,0.0,0.0,0.0,1.0,0.0,0.0,0.0,0.0,0.0,0.0,0.0,0.0,0.0,0.0,1.0,1
-0.13597449372113873,0.1469491804436178,0.07965831220879789,0.7547634097761486,-0.33343516440377297,0.03648564186322566,0.5619641617425282,0.0131516888538091,0.4775346383085661,0.9028425891112019,0.0,1.0,0.0,1.0,0.0,0.0,0.0,0.0,0.0,1.0,0.0,0.0,1.0,0.0,0.0,0.0,0.0,0.0,1.0,0.0,0.0,0.0,1
-0.7516416709837335,0.1469491804436178,0.1197104131939015,2.2481943623946683,-0.6029397790918265,0.37465584601271784,1.1121003944811756,-0.17045361575071746,0.5185335791574333,1.7412055880771133,1.0,0.0,0.0,1.0,0.0,0.0,1.0,0.0,0.0,0.0,1.0,0.0,0.0,0.0,1.0,0.0,0.0,0.0,0.0,0.0,0.0,0.0,1
0.6555975913307688,0.1469491804436178,0.5570935336860948,-0.738667542842371,1.5376433315238076,0.14398275978954378,-0.4426324371715235,0.7792951999912727,0.897595419180916,-0.6884997270944972,0.0,1.0,0.0,0.0,1.0,0.0,1.0,0.0,0.0,0.0,0.0,1.0,0.0,0.0,0.0,1.0,0.0,0.0,0.0,0.0,0.0,0.0,0
1.0074074069093943,0.1469491804436178,-0.09012006276345544,0.7547634097761486,-0.4375107144878827,-0.3870836196704631,1.3393305775688777,0.20973390542188794,0.2876239628655265,0.9028425891112019,0.0,1.0,0.0,1.0,0.0,0.0,1.0,0.0,0.0,0.0,0.0,0.0,0.0,1.0,0.0,0.0,0.0,0.0,0.0,1.0,0.0,0.0,1
-0.7516416709837335,-1.3837714491773996,0.3075654001151839,0.2569530922366421,0.031100856793753528,0.5898789539725207,-0.17952380412260519,-0.04779865524977096,0.6951359326098961,0.5089404797217888,0.0,1.0,0.0,1.0,0.0,0.0,0.0,1.0,0.0,0.0,1.0,0.0,0.0,0.0,1.0,0.0,0.0,0.0,0.0,0.0,0.0,0.0,1
-0.3998318554051079,0.1469491804436178,0.8757381247091758,1.2525737273156552,-0.053365469083485925,0.9399603636028142,0.7533158948690143,0.5200398128303971,1.1170667562403493,1.226830001045095,0.0,1.0,0.0,1.0,0.0,0.0,0.0,1.0,0.0,0.0,1.0,0.0,0.0,0.0,1.0,0.0,0.0,0.0,0.0,0.0,0.0,0.0,1
0.5676451374361124,1.677669810064635,2.5146842747544773,3.2438149974736814,0.033110666477006195,1.6151763151804859,3.5518349918438727,2.726029133873626,1.8785163374497642,2.1423264487912967,0.0,1.0,0.0,1.0,0.0,0.0,1.0,0.0,0.0,0.0,1.0,0.0,0.0,0.0,0.0,1.0,0.0,0.0,0.0,0.0,0.0,0.0,1
-1.0154990326677027,0.1469491804436178,-0.42223350190542075,-1.2364778603818776,1.166643327831496,-0.1406613690834887,-1.184120403036657,-0.5777863682235673,-0.1916236940501133,-1.8220559825570277,0.0,1.0,0.0,1.0,0.0,0.0,0.0,0.0,1.0,0.0,1.0,0.0,0.0,0.0,0.0,1.0,0.0,0.0,0.0,0.0,0.0,0.0,1
0.479692683541456,-1.3837714491773996,-0.24501181613062603,0.008047933466888799,-0.29221466618972647,-0.4009496008912942,0.24503785375178572,-0.09899488719052243,0.0859735640573499,0.2748578627176566,0.0,1.0,0.0,1.0,0.0,0.0,0.0,0.0,1.0,0.0,1.0,0.0,0.0,0.0,1.0,0.0,0.0,0.0,0.0,0.0,0.0,0.0,0
-0.8395941248783899,1.677669810064635,0.4461527583910734,0.7547634097761486,-0.10877103332450469,0.8194086197618717,0.08358482892631312,0.003860425598531251,0.8114804972228137,0.9028425891112019,1.0,0.0,0.0,0.0,1.0,0.0,1.0,0.0,0.0,0.0,1.0,0.0,0.0,0.0,0.0,0.0,0.0,0.0,0.0,1.0,0.0,0.0,1
-0.22392694761579512,0.1469491804436178,0.6659076487518188,0.2569530922366421,0.30568431487056713,0.6201873882152303,0.10750379556712387,0.45102389794894215,0.9768156524895191,0.5089404797217888,0.0,1.0,0.0,1.0,0.0,0.0,1.0,0.0,0.0,0.0,1.0,0.0,0.0,0.0,0.0,0.0,0.0,0.0,1.0,0.0,0.0,0.0,1
-1.0154990326677027,0.1469491804436178,0.8236349490913861,4.239435632552695,-0.5865082269517204,1.4651365130647085,1.9731831935503628,0.14528648068348007,1.083638723425134,2.4711753349467647,0.0,1.0,0.0,1.0,0.0,0.0,0.0,1.0,0.0,0.0,0.0,0.0,1.0,0.0,0.0,0.0,0.0,0.0,0.0,1.0,0.0,0.0,0
2.502599123118553,-1.3837714491773996,-0.31448271695434554,0.2569530922366421,-0.4455499532208933,-0.6824753913388976,1.5904797272973907,0.3021065475825239,-0.01584311431349574,0.5089404797217888,0.0,1.0,0.0,0.0,1.0,0.0,1.0,0.0,0.0,0.0,0.0,1.0,0.0,0.0,0.0,0.0,0.0,0.0,0.0,1.0,0.0,0.0,1
-0.8395941248783899,0.1469491804436178,-0.6444694958670133,-0.2408572253028645,-0.5668627899577644,-0.47816181464977137,-0.5383083037347665,-0.6818588022139581,-0.6538339923591296,0.006404293079320729,1.0,0.0,0.0,1.0,0.0,0.0,1.0,0.0,0.0,0.0,1.0,0.0,0.0,0.0,0.0,0.0,0.0,0.0,0.0,1.0,0.0,0.0,1
1.798979491961302,0.1469491804436178,-0.6143418092852982,-1.2364778603818776,0.5778234098191003,-0.7897678814121198,-0.8014169367836849,-0.26743760443472936,-0.5805898469443626,-1.8220559825570277,1.0,0.0,0.0,1.0,0.0,0.0,1.0,0.0,0.0,0.0,1.0,0.0,0.0,0.0,0.0,0.0,0.0,1.0,0.0,0.0,0.0,0.0,1
0.12788286796283044,0.1469491804436178,-0.35169927096705245,-0.738667542842371,0.14489954021035567,-0.41555648305947934,-0.586146237016388,-0.28290875773341617,-0.07388679107712963,-0.6884997270944972,0.0,1.0,1.0,0.0,0.0,1.0,0.0,0.0,0.0,0.0,1.0,0.0,0.0,0.0,0.0,0.0,0.0,0.0,0.0,1.0,0.0,0.0,1
-0.22392694761579512,0.1469491804436178,-0.6356084115782735,-0.4897623840726178,-0.4507645945612244,-0.5998286103877812,-0.4844906287929423,-0.587609050594922,-0.6318562857269354,-0.3082800291683669,0.0,1.0,0.0,1.0,0.0,0.0,1.0,0.0,0.0,0.0,1.0,0.0,0.0,0.0,0.0,0.0,0.0,0.0,0.0,1.0,0.0,0.0,1
1.0074074069093943,0.1469491804436178,0.6492488102889881,0.2569530922366421,0.29291930742288136,0.09954006104057687,0.777234861509825,1.050078953460588,0.9649986006063782,0.5089404797217888,0.0,1.0,1.0,0.0,0.0,0.0,1.0,0.0,0.0,0.0,1.0,0.0,0.0,0.0,0.0,0.0,0.0,0.0,0.0,1.0,0.0,0.0,1
-0.3998318554051079,-1.3837714491773996,2.3342725986357364,1.2525737273156552,0.6917126252034167,2.3953689704119356,0.7533158948690143,1.6134346441583665,1.813613321934566,1.226830001045095,0.0,1.0,0.0,1.0,0.0,0.0,0.0,1.0,0.0,0.0,0.0,0.0,1.0,0.0,1.0,0.0,0.0,0.0,0.0,0.0,0.0,0.0,1
-0.13597449372113873,0.1469491804436178,1.1539761713756034,3.2438149974736814,-0.38395200238823124,1.013911473500649,2.5950763262114425,0.8964559725340706,1.2822352086416906,2.1423264487912967,0.0,1.0,1.0,0.0,0.0,1.0,0.0,0.0,0.0,0.0,1.0,0.0,0.0,0.0,0.0,1.0,0.0,0.0,0.0,0.0,0.0,0.0,1
-0.7516416709837335,0.1469491804436178,-0.6820404932512698,-0.9046043153555399,-0.21501935063375252,-0.5439001355062888,-0.932971253308144,-0.6939357301906062,-0.7514203136519219,-0.994401518288044,0.0,1.0,0.0,1.0,0.0,1.0,0.0,0.0,0.0,0.0,0.0,0.0,0.0,1.0,0.0,0.0,0.0,0.0,0.0,1.0,0.0,0.0,1
-0.4877843092997643,0.1469491804436178,-0.1450587853536418,1.2525737273156552,-0.5748296031166037,-0.04490739010816517,0.681558994946582,-0.2697347064203515,0.2196527503787665,1.226830001045095,0.0,1.0,1.0,0.0,0.0,0.0,0.0,1.0,0.0,0.0,0.0,0.0,1.0,0.0,0.0,1.0,0.0,0.0,0.0,0.0,0.0,0.0,1
-0.048022039826482336,0.1469491804436178,-0.18369311285254705,-0.9875727016121243,0.9008414706229485,-0.22847935852541573,-0.8432751284051037,-0.17977916411025835,0.16961238119720726,-1.168929155728989,0.0,1.0,0.0,1.0,0.0,0.0,0.0,1.0,0.0,0.0,1.0,0.0,0.0,0.0,0.0,0.0,0.0,0.0,0.0,1.0,0.0,0.0,1
-0.3998318554051079,0.1469491804436178,0.13459703479898424,-0.738667542842371,0.8901586984326866,0.20040765477222533,-0.7296600368612526,-0.03555887302787357,0.5334457817906221,-0.6884997270944972,0.0,1.0,0.0,1.0,0.0,0.0,0.0,0.0,0.0,1.0,0.0,1.0,0.0,0.0,0.0,1.0,0.0,0.0,0.0,0.0,0.0,0.0,1
-0.9275465787730462,0.1469491804436178,-0.8138934274677171,-0.4897623840726178,-0.6693449774101063,-0.6632880482236132,-0.7236802952010498,-0.7967396153232653,-1.1677158317150025,-0.3082800291683669,0.0,1.0,0.0,1.0,0.0,0.0,1.0,0.0,0.0,0.0,0.0,1.0,0.0,0.0,0.0,0.0,0.0,0.0,1.0,0.0,0.0,0.0,1
-0.9275465787730462,-1.3837714491773996,-0.22693520418159696,-0.4897623840726178,0.05027552755559627,0.06298029918006182,-0.7236802952010498,-0.4418887862010301,0.11119908917585875,-0.3082800291683669,1.0,0.0,0.0,1.0,0.0,0.0,0.0,1.0,0.0,0.0,0.0,0.0,1.0,0.0,0.0,0.0,0.0,0.0,0.0,0.0,1.0,0.0,1
-0.5757367631944207,0.1469491804436178,-0.13300771072095577,0.2569530922366421,-0.3064928508120618,0.004015608889229557,-0.08384793755936217,-0.28581442031970694,0.23487242563562793,0.5089404797217888,0.0,1.0,0.0,1.0,0.0,0.0,0.0,1.0,0.0,0.0,0.0,0.0,1.0,0.0,0.0,0.0,0.0,0.0,0.0,1.0,0.0,0.0,1
0.7435500452254252,-1.3837714491773996,0.512079225499297,-1.2364778603818776,4.030350530563368,0.08427077444980074,-0.9449307366285493,0.7729095993222856,0.8633446873450941,-1.8220559825570277,0.0,1.0,0.0,1.0,0.0,1.0,0.0,0.0,0.0,0.0,0.0,1.0,0.0,0.0,0.0,1.0,0.0,0.0,0.0,0.0,0.0,0.0,1
-0.6636892170890771,0.1469491804436178,-0.34992705410930447,0.2569530922366421,-0.4727095435351181,-0.19652655856200357,-0.13168587084098368,-0.45751422246890056,-0.0710627350769426,0.5089404797217888,0.0,1.0,0.0,1.0,0.0,0.0,1.0,0.0,0.0,0.0,1.0,0.0,0.0,0.0,0.0,0.0,0.0,0.0,0.0,1.0,0.0,0.0,1
1.2712647685933636,0.1469491804436178,-0.7213837074932742,-1.2364778603818776,0.2497355588232638,-0.819856768044333,-0.873173836706117,-0.47595960856240416,-0.8622034043768535,-1.8220559825570277,0.0,1.0,0.0,0.0,1.0,0.0,0.0,0.0,1.0,0.0,1.0,0.0,0.0,0.0,0.0,1.0,0.0,0.0,0.0,0.0,0.0,0.0,1
-0.5757367631944207,0.1469491804436178,-0.7685246759093696,-0.738667542842371,-0.49389402398021354,-0.6738741685630805,-0.777497970142874,-0.7314950619107423,-1.008846647116642,-0.6884997270944972,0.0,1.0,0.0,1.0,0.0,0.0,1.0,0.0,0.0,0.0,0.0,0.0,1.0,0.0,0.0,0.0,0.0,0.0,0.0,1.0,0.0,0.0,1
0.21583532185748686,-2.9144920787984168,-0.831261152673647,-0.738667542842371,-0.5900389736925696,-0.823711548555915,-0.5622272703755773,-0.7040584072242623,-1.2341202852210578,-0.6884997270944972,1.0,0.0,0.0,1.0,0.0,0.0,1.0,0.0,0.0,0.0,1.0,0.0,0.0,0.0,0.0,1.0,0.0,0.0,0.0,0.0,0.0,0.0,1
-1.0154990326677027,0.1469491804436178,-0.5214776459393058,-0.2408572253028645,-0.4412044187706173,-0.2685769898520507,-0.6100652036571987,-0.6353853433854374,-0.3779187110297978,0.006404293079320729,0.0,1.0,0.0,1.0,0.0,0.0,1.0,0.0,0.0,0.0,1.0,0.0,0.0,0.0,0.0,0.0,0.0,0.0,0.0,1.0,0.0,0.0,1
0.3917402296467996,1.677669810064635,-0.4842610919265989,-0.4897623840726178,-0.26521027353444004,-0.5687218571554263,-0.2751996706858482,-0.35253323321553975,-0.3048676033402569,-0.3082800291683669,0.0,1.0,0.0,0.0,1.0,0.0,1.0,0.0,0.0,0.0,0.0,0.0,0.0,1.0,0.0,0.0,0.0,1.0,0.0,0.0,0.0,0.0,1
-0.5757367631944207,-1.3837714491773996,-0.7614358084783778,-0.738667542842371,-0.4830301878545236,-0.6663126540348896,-0.777497970142874,-0.7265237217926047,-0.985700943744588,-0.6884997270944972,1.0,0.0,0.0,0.0,1.0,0.0,0.0,0.0,1.0,0.0,1.0,0.0,0.0,0.0,0.0,0.0,0.0,0.0,1.0,0.0,0.0,0.0,0
0.919454953014738,0.1469491804436178,1.0845052705518838,2.2481943623946683,-0.23329775491522572,0.4181153767955771,2.929941859182793,1.4905139740993816,1.2429352003674459,1.7412055880771133,0.0,1.0,1.0,0.0,0.0,0.0,1.0,0.0,0.0,0.0,0.0,1.0,0.0,0.0,0.0,1.0,0.0,0.0,0.0,0.0,0.0,0.0,0
1.0074074069093943,0.1469491804436178,-0.6714071921047821,0.2569530922366421,-0.7190470276851378,-0.7696640781393536,0.777234861509825,-0.4509400537264669,-0.7230439431924753,0.5089404797217888,1.0,0.0,1.0,0.0,0.0,0.0,0.0,1.0,0.0,0.0,0.0,0.0,0.0,1.0,0.0,0.0,0.0,0.0,0.0,1.0,0.0,0.0,1
0.479692683541456,0.1469491804436178,-0.2723039557399444,0.7547634097761486,-0.5491909498599754,-0.42154089594184324,0.9805460779567164,-0.12605440573010931,0.04692753494929526,0.9028425891112019,0.0,1.0,0.0,1.0,0.0,0.0,0.0,1.0,0.0,0.0,0.0,0.0,1.0,0.0,1.0,0.0,0.0,0.0,0.0,0.0,0.0,0.0,1
-0.3118794015104515,0.1469491804436178,-0.26344287145120465,0.5058582510063954,-0.48272841462880994,-0.22472020558854375,0.2510175954119884,-0.31228252081075675,0.05973492270483383,0.7164627794543732,1.0,0.0,0.0,1.0,0.0,0.0,1.0,0.0,0.0,0.0,0.0,0.0,1.0,0.0,1.0,0.0,0.0,0.0,0.0,0.0,0.0,0.0,1
-0.048022039826482336,0.1469491804436178,0.7275807954014474,-0.4897623840726178,1.220527955014918,0.5769191581994156,-0.42469321219091544,0.591507112666658,1.0196446203204619,-0.3082800291683669,1.0,0.0,1.0,0.0,0.0,0.0,0.0,0.0,1.0,0.0,1.0,0.0,0.0,0.0,0.0,1.0,0.0,0.0,0.0,0.0,0.0,0.0,1
-1.0154990326677027,0.1469491804436178,1.16567280263674,2.2481943623946683,-0.20220002400543835,1.905988563213502,0.8250727947914466,0.3437972343663537,1.2887357915347475,1.7412055880771133,0.0,1.0,0.0,1.0,0.0,0.0,0.0,1.0,0.0,0.0,0.0,0.0,1.0,0.0,0.0,1.0,0.0,0.0,0.0,0.0,0.0,0.0,0
-0.9275465787730462,0.1469491804436178,-0.10713334459783573,-0.738667542842371,0.519701886546659,0.2112162299907154,-0.873173836706117,-0.36946150344540485,0.26695528691373394,-0.6884997270944972,1.0,0.0,0.0,0.0,1.0,0.0,1.0,0.0,0.0,0.0,0.0,0.0,1.0,0.0,0.0,0.0,0.0,0.0,1.0,0.0,0.0,0.0,0
-0.9275465787730462,0.1469491804436178,-0.7320170086397619,-0.9875727016121243,-0.21958216180654222,-0.5619788765749122,-1.0226673782111844,-0.7472404960435333,-0.8938542833465996,-1.168929155728989,1.0,0.0,0.0,1.0,0.0,0.0,1.0,0.0,0.0,0.0,0.0,0.0,1.0,0.0,0.0,0.0,0.0,0.0,0.0,1.0,0.0,0.0,1
0.12788286796283044,-1.3837714491773996,-0.4087646537865363,-0.9875727016121243,0.44093907463540705,-0.4632655524272133,-0.8073966784438875,-0.3339678492571156,-0.16829501945750117,-1.168929155728989,0.0,1.0,0.0,1.0,0.0,0.0,1.0,0.0,0.0,0.0,0.0,0.0,1.0,0.0,0.0,0.0,0.0,0.0,0.0,1.0,0.0,0.0,1
-0.3118794015104515,1.677669810064635,-0.9365308340238749,-0.2408572253028645,-0.8652561555433818,-0.8753767158729164,-0.3230376039674697,-0.8331418247745246,-1.7320455111103688,0.006404293079320729,0.0,1.0,0.0,1.0,0.0,0.0,0.0,0.0,1.0,0.0,1.0,0.0,0.0,0.0,0.0,0.0,0.0,0.0,0.0,1.0,0.0,0.0,1
-0.048022039826482336,0.1469491804436178,-0.7348525556121586,-1.2364778603818776,0.2084529815456419,-0.7156029265950823,-1.0525660865121977,-0.6462708639889455,-0.902427422495727,-1.8220559825570277,1.0,0.0,1.0,0.0,0.0,0.0,1.0,0.0,0.0,0.0,0.0,1.0,0.0,0.0,0.0,0.0,0.0,1.0,0.0,0.0,0.0,0.0,0
0.919454953014738,1.677669810064635,-0.2818739267717833,0.008047933466888799,-0.32449577924891954,-0.5007319239425712,0.4543288118588798,-0.029430410640859123,0.03295113292728311,0.2748578627176566,0.0,1.0,0.0,1.0,0.0,1.0,0.0,0.0,0.0,0.0,1.0,0.0,0.0,0.0,0.0,1.0,0.0,0.0,0.0,0.0,0.0,0.0,1
-0.9275465787730462,-1.3837714491773996,-0.756119157905134,-0.9875727016121243,-0.26883155224300337,-0.5918014898740969,-1.0226673782111844,-0.7618116653553159,-0.968610356967301,-1.168929155728989,0.0,1.0,0.0,1.0,0.0,0.0,1.0,0.0,0.0,0.0,0.0,1.0,0.0,0.0,0.0,0.0,0.0,0.0,0.0,1.0,0.0,0.0,1
-0.7516416709837335,1.677669810064635,3.812301457997524,3.2438149974736814,0.4308357070385153,4.605211202098046,1.757912493783066,2.240526343681095,2.268400329730166,2.1423264487912967,0.0,1.0,0.0,1.0,0.0,0.0,1.0,0.0,0.0,0.0,0.0,0.0,1.0,0.0,0.0,1.0,0.0,0.0,0.0,0.0,0.0,0.0,0
2.4146466692238966,0.1469491804436178,1.5328761355621146,0.7547634097761486,0.5573993979028032,0.2310770880071892,2.296089243201308,3.096102549288641,1.4777431435188024,0.9028425891112019,0.0,1.0,0.0,1.0,0.0,1.0,0.0,0.0,0.0,0.0,1.0,0.0,0.0,0.0,0.0,1.0,0.0,0.0,0.0,0.0,0.0,0.0,1
0.3917402296467996,0.1469491804436178,-0.06885346047048008,0.7547634097761486,-0.42447411113705474,-0.247470912425238,0.9207486613546896,0.04928818874702996,0.31300236209517507,0.9028425891112019,0.0,1.0,0.0,1.0,0.0,1.0,0.0,0.0,0.0,0.0,1.0,0.0,0.0,0.0,0.0,0.0,0.0,0.0,0.0,1.0,0.0,0.0,1
-0.3118794015104515,1.677669810064635,-0.6260384405464346,-0.2408572253028645,-0.5480321406732351,-0.5752318485695407,-0.3230376039674697,-0.5928718140992952,-0.608533781445695,0.006404293079320729,0.0,1.0,1.0,0.0,0.0,0.0,1.0,0.0,0.0,0.0,1.0,0.0,0.0,0.0,0.0,0.0,0.0,0.0,0.0,1.0,0.0,0.0,1
-0.3998318554051079,0.1469491804436178,-0.043687981090459224,0.2569530922366421,-0.2380506832202152,0.02250473150977366,0.011827929003880857,-0.1692107807211831,0.3424020156297931,0.5089404797217888,0.0,1.0,0.0,1.0,0.0,1.0,0.0,0.0,0.0,0.0,0.0,0.0,0.0,1.0,0.0,0.0,0.0,0.0,0.0,1.0,0.0,0.0,1
-0.3998318554051079,0.1469491804436178,1.019642133558309,-0.07492045278969563,0.9106913487102404,1.0835559636913934,-0.23533472628449695,0.627917893393983,1.2051278066790645,0.1896725400255543,0.0,1.0,0.0,1.0,0.0,0.0,0.0,1.0,0.0,0.0,0.0,0.0,1.0,0.0,0.0,1.0,0.0,0.0,0.0,0.0,0.0,0.0,1
-0.13597449372113873,1.677669810064635,-0.6855849269667657,-0.9875727016121243,-0.12470465964218337,-0.6597408083199473,-0.8612143533857117,-0.6160314020289638,-0.7610196212093596,-1.168929155728989,0.0,1.0,0.0,1.0,0.0,0.0,1.0,0.0,0.0,0.0,0.0,0.0,0.0,1.0,0.0,0.0,0.0,0.0,0.0,1.0,0.0,0.0,0
-1.0154990326677027,0.1469491804436178,-1.0060017348475945,-1.2364778603818776,-0.6226304820696394,-0.8930793241042798,-1.184120403036657,-0.9165917685507101,-2.212491426166093,-1.8220559825570277,1.0,0.0,0.0,0.0,1.0,0.0,0.0,0.0,0.0,1.0,0.0,0.0,1.0,0.0,0.0,0.0,0.0,1.0,0.0,0.0,0.0,0.0,0
-1.0154990326677027,-1.3837714491773996,-0.7242192544656709,-0.738667542842371,-0.42599504819465134,-0.529890329422113,-0.8970928033469279,-0.7530518212161148,-0.8705679498507825,-0.6884997270944972,1.0,0.0,0.0,1.0,0.0,0.0,1.0,0.0,0.0,0.0,0.0,1.0,0.0,0.0,0.0,1.0,0.0,0.0,0.0,0.0,0.0,0.0,0
2.678504030907866,-1.3837714491773996,-0.8794654512043911,-0.9875727016121243,-0.5208725503590103,-0.9596535903679178,-0.2871591540062536,-0.5587581353575923,-1.4386560751501951,-1.168929155728989,1.0,0.0,0.0,1.0,0.0,0.0,0.0,0.0,1.0,0.0,0.0,0.0,1.0,0.0,0.0,0.0,0.0,0.0,0.0,1.0,0.0,0.0,1
-1.279356394351672,0.1469491804436178,-0.2485562498461219,0.5058582510063954,-0.47258883424483267,0.25091706184068047,-0.3409768289480778,-0.5430727001572617,0.08096897295665009,0.7164627794543732,1.0,0.0,0.0,0.0,1.0,0.0,1.0,0.0,0.0,0.0,1.0,0.0,0.0,0.0,0.0,1.0,0.0,0.0,0.0,0.0,0.0,0.0,0
0.479692683541456,-1.3837714491773996,-1.0708648718411693,-1.2364778603818776,-0.8214386831697658,-1.024036840732582,-0.9808091865897655,-0.9178088897520473,-2.9184361327494837,-1.8220559825570277,1.0,0.0,0.0,1.0,0.0,0.0,0.0,0.0,0.0,1.0,1.0,0.0,0.0,0.0,0.0,1.0,0.0,0.0,0.0,0.0,0.0,0.0,1
1.0074074069093943,-1.3837714491773996,-0.6930282377693071,-0.4897623840726178,-0.5211622526556953,-0.7838942049482573,-0.0659087125787541,-0.4755139022069849,-0.7814138710140461,-0.3082800291683669,0.0,1.0,0.0,1.0,0.0,0.0,0.0,0.0,1.0,0.0,1.0,0.0,0.0,0.0,0.0,0.0,0.0,0.0,0.0,1.0,0.0,0.0,1
-0.9275465787730462,0.1469491804436178,-0.49241328947223945,-0.2408572253028645,-0.41150993336039804,-0.2655070149536052,-0.5741867536959826,-0.6023859305322826,-0.32051897748330427,0.006404293079320729,1.0,0.0,0.0,0.0,1.0,0.0,1.0,0.0,0.0,0.0,0.0,1.0,0.0,0.0,0.0,0.0,0.0,0.0,0.0,1.0,0.0,0.0,0
2.0628368536452713,0.1469491804436178,1.1146329571335991,2.2481943623946683,-0.22175492903168026,0.1014181689133829,4.173728124504953,2.238940657608931,1.2601258840035925,1.7412055880771133,1.0,0.0,0.0,0.0,1.0,0.0,1.0,0.0,0.0,0.0,0.0,0.0,1.0,0.0,1.0,0.0,0.0,0.0,0.0,0.0,0.0,0.0,0
0.03993041406817406,0.1469491804436178,-0.7075604160028403,0.2569530922366421,-0.7467498098056472,-0.7025764174596717,0.2510175954119884,-0.6122428980079003,-0.8221858174726981,0.5089404797217888,0.0,1.0,0.0,1.0,0.0,0.0,0.0,0.0,0.0,1.0,0.0,0.0,0.0,1.0,1.0,0.0,0.0,0.0,0.0,0.0,0.0,0.0,1
-0.22392694761579512,0.1469491804436178,1.1100251933034544,0.2569530922366421,0.645993981507805,1.0364945903529137,0.10750379556712387,0.8054375919918239,1.2575115232868335,0.5089404797217888,0.0,1.0,0.0,1.0,0.0,0.0,1.0,0.0,0.0,0.0,0.0,0.0,1.0,0.0,0.0,0.0,0.0,0.0,0.0,1.0,0.0,0.0,1
-1.279356394351672,-1.3837714491773996,-0.45519673545953254,0.2569530922366421,-0.553373526768366,-0.053469905131040385,-0.46655140381233423,-0.6480108330302937,-0.2505643285879655,0.5089404797217888,0.0,1.0,0.0,0.0,1.0,0.0,1.0,0.0,0.0,0.0,0.0,1.0,0.0,0.0,0.0,0.0,0.0,0.0,0.0,1.0,0.0,0.0,0
0.7435500452254252,-1.3837714491773996,-0.8900987523508788,-1.0705410878687087,-0.47379592714768715,-0.9015101263822077,-0.7695249812626038,-0.7190409977872011,-1.488501757490871,-1.3618605080260047,1.0,0.0,0.0,1.0,0.0,0.0,1.0,0.0,0.0,0.0,0.0,0.0,1.0,0.0,0.0,0.0,0.0,0.0,0.0,1.0,0.0,0.0,1
-0.6636892170890771,0.1469491804436178,-0.23685961858498547,0.2569530922366421,-0.3860704504327408,-0.07161303909719365,-0.13168587084098368,-0.38095558464958157,0.09741092513769423,0.5089404797217888,1.0,0.0,0.0,0.0,1.0,0.0,0.0,0.0,0.0,1.0,1.0,0.0,0.0,0.0,0.0,1.0,0.0,0.0,0.0,0.0,0.0,0.0,1
0.12788286796283044,0.1469491804436178,0.038542881109045524,-1.4024146328950464,4.414930329412792,-0.08929756769379589,-1.1761474141563866,0.06625931535722382,0.43404548944415605,-2.43818853673469,1.0,0.0,0.0,1.0,0.0,0.0,1.0,0.0,0.0,0.0,1.0,0.0,0.0,0.0,0.0,1.0,0.0,0.0,0.0,0.0,0.0,0.0,1
-0.5757367631944207,-2.9144920787984168,0.2547533377542951,1.2525737273156552,-0.3705894839536326,0.4176304535812692,0.6098020950241497,-0.013882115857580509,0.6478823397406213,1.226830001045095,1.0,0.0,0.0,1.0,0.0,1.0,0.0,0.0,0.0,0.0,0.0,0.0,1.0,0.0,0.0,0.0,1.0,0.0,0.0,0.0,0.0,0.0,1
-1.103451486562359,1.677669810064635,2.937889660384687,0.2569530922366421,2.046614054012382,4.419808588752198,-0.3708755372490912,1.2732664109367688,2.019049551469236,0.5089404797217888,1.0,0.0,0.0,0.0,1.0,0.0,1.0,0.0,0.0,0.0,0.0,0.0,1.0,0.0,0.0,1.0,0.0,0.0,0.0,0.0,0.0,0.0,0
-0.048022039826482336,-1.3837714491773996,0.39298625265863496,-0.2408572253028645,0.4930854880387188,0.28119912716548284,-0.21540225408382133,0.30831215145413016,0.7680793704203464,0.006404293079320729,0.0,1.0,0.0,1.0,0.0,0.0,0.0,1.0,0.0,0.0,0.0,1.0,0.0,0.0,0.0,1.0,0.0,0.0,0.0,0.0,0.0,0.0,1
0.8315024991200816,1.677669810064635,1.2369159203182074,-1.2364778603818776,6.252005018266963,0.5564178519048079,-0.932971253308144,1.602103417199439,1.3276376984836948,-1.8220559825570277,0.0,1.0,0.0,1.0,0.0,0.0,1.0,0.0,0.0,0.0,1.0,0.0,0.0,0.0,0.0,1.0,0.0,0.0,0.0,0.0,0.0,0.0,1
-0.8395941248783899,-1.3837714491773996,0.357541915503676,0.7547634097761486,-0.1630902139529545,0.7139836575899801,0.08358482892631312,-0.05185286882887283,0.7383116879687538,0.9028425891112019,1.0,0.0,0.0,0.0,1.0,0.0,0.0,1.0,0.0,0.0,0.0,0.0,1.0,0.0,1.0,0.0,0.0,0.0,0.0,0.0,0.0,0.0,0
-0.3118794015104515,0.1469491804436178,-0.3353948758757713,0.2569530922366421,-0.4615741115062859,-0.2942743243814493,0.059665862285502365,-0.3679615301338978,-0.04813590095585124,0.5089404797217888,0.0,1.0,0.0,1.0,0.0,0.0,0.0,1.0,0.0,0.0,0.0,1.0,0.0,0.0,0.0,1.0,0.0,0.0,0.0,0.0,0.0,0.0,1
-1.103451486562359,-1.3837714491773996,-0.788019061344597,-0.9046043153555399,-0.40991657072863025,-0.5913057175302485,-1.0127011421108465,-0.7990624311370849,-1.074727174342157,-0.994401518288044,0.0,1.0,0.0,1.0,0.0,0.0,1.0,0.0,0.0,0.0,0.0,0.0,1.0,0.0,0.0,0.0,0.0,0.0,0.0,1.0,0.0,0.0,1
0.479692683541456,0.1469491804436178,-0.039434660631864155,0.008047933466888799,-0.11218538182115007,-0.24584633947157447,0.24503785375178572,0.10483005765311895,0.34730540429308765,0.2748578627176566,0.0,1.0,0.0,1.0,0.0,1.0,0.0,0.0,0.0,0.0,1.0,0.0,0.0,0.0,0.0,0.0,0.0,0.0,0.0,1.0,0.0,0.0,1
-1.1914039404570154,0.1469491804436178,-0.2793928231709362,0.2569530922366421,-0.41866195880981066,0.14656734300591848,-0.41871347053071273,-0.5374499430581268,0.036589219332780025,0.5089404797217888,0.0,1.0,0.0,1.0,0.0,0.0,0.0,0.0,1.0,0.0,0.0,1.0,0.0,0.0,0.0,0.0,0.0,0.0,1.0,0.0,0.0,0.0,1
-0.4877843092997643,1.677669810064635,3.8661768504730616,1.5014788860854085,1.2767859125519523,4.091152839142736,0.8609512447526627,2.64029923066395,2.2822940773214455,1.3695896062824116,0.0,1.0,0.0,1.0,0.0,1.0,0.0,0.0,0.0,0.0,0.0,1.0,0.0,0.0,0.0,0.0,0.0,0.0,1.0,0.0,0.0,0.0,1
-0.6636892170890771,-1.3837714491773996,-0.5225409760539546,-0.6556991565857866,-0.19200473164132928,-0.38722525442207395,-0.7456060146217931,-0.5743921429015285,-0.38006794361742663,-0.5527966015513275,0.0,1.0,0.0,1.0,0.0,0.0,1.0,0.0,0.0,0.0,0.0,1.0,0.0,0.0,1.0,0.0,0.0,0.0,0.0,0.0,0.0,0.0,1
-1.103451486562359,0.1469491804436178,-0.2694684087675477,-0.4897623840726178,-0.0018708858477155064,0.10611249309486745,-0.7834777118030768,-0.5106475628005125,0.05103975868662921,-0.3082800291683669,1.0,0.0,0.0,0.0,1.0,0.0,1.0,0.0,0.0,0.0,0.0,1.0,0.0,0.0,0.0,1.0,0.0,0.0,0.0,0.0,0.0,0.0,1
0.12788286796283044,-1.3837714491773996,-0.7079148593743898,-0.738667542842371,-0.4010082251055644,-0.7133677545785637,-0.586146237016388,-0.6016316582384963,-0.823196543552348,-0.6884997270944972,1.0,0.0,0.0,1.0,0.0,0.0,1.0,0.0,0.0,0.0,0.0,1.0,0.0,0.0,0.0,1.0,0.0,0.0,0.0,0.0,0.0,0.0,0
-0.8395941248783899,0.1469491804436178,0.7006430991636786,0.008047933466888799,0.5359200419057248,1.1221891111195448,-0.3828350205694966,0.16386900719403577,1.0011124760236751,0.2748578627176566,0.0,1.0,0.0,1.0,0.0,1.0,0.0,0.0,0.0,0.0,1.0,0.0,0.0,0.0,0.0,1.0,0.0,0.0,0.0,0.0,0.0,0.0,1
-0.22392694761579512,0.1469491804436178,-0.08586674230486037,-0.4897623840726178,0.22322779867658032,-0.08451139529157461,-0.4844906287929423,-0.14890542772141074,0.29273976739050367,-0.3082800291683669,0.0,1.0,0.0,1.0,0.0,0.0,1.0,0.0,0.0,0.0,1.0,0.0,0.0,0.0,0.0,1.0,0.0,0.0,0.0,0.0,0.0,0.0,1
1.1833123146987072,0.1469491804436178,-1.0077739517053426,-1.2364778603818776,-0.6280624001324845,-0.9951227985439235,-0.8851333200265225,-0.8259076677750278,-2.227429960044323,-1.8220559825570277,1.0,0.0,0.0,1.0,0.0,0.0,1.0,0.0,0.0,0.0,0.0,1.0,0.0,0.0,0.0,0.0,0.0,0.0,1.0,0.0,0.0,0.0,1
-1.103451486562359,-1.3837714491773996,-0.8135389840961674,-0.2408572253028645,-0.7395977843562346,-0.6256284182582106,-0.6459436536184149,-0.8132564643019742,-1.166395625712726,0.006404293079320729,1.0,0.0,0.0,1.0,0.0,0.0,1.0,0.0,0.0,0.0,0.0,1.0,0.0,0.0,0.0,1.0,0.0,0.0,0.0,0.0,0.0,0.0,0
-1.103451486562359,-1.3837714491773996,-0.861388839255362,-0.738667542842371,-0.6362102772267519,-0.6899834821231392,-0.9210117699877386,-0.8398702764861419,-1.358105404959905,-0.6884997270944972,1.0,0.0,0.0,0.0,1.0,0.0,0.0,1.0,0.0,0.0,0.0,0.0,1.0,0.0,1.0,0.0,0.0,0.0,0.0,0.0,0.0,0.0,1
-0.9275465787730462,0.1469491804436178,0.8860169824841139,0.7547634097761486,0.16086937931512002,1.4400833250541802,0.023787412324286234,0.23095638496069604,1.123560256796258,0.9028425891112019,1.0,0.0,0.0,1.0,0.0,0.0,1.0,0.0,0.0,0.0,1.0,0.0,0.0,0.0,0.0,0.0,0.0,0.0,0.0,1.0,0.0,0.0,1
1.7110270380666455,0.1469491804436178,-0.6083162719689552,-0.738667542842371,-0.24837132753962052,-0.7809039696575636,-0.15560483748179443,-0.2726060839023793,-0.566427457133188,-0.6884997270944972,0.0,1.0,1.0,0.0,0.0,0.0,0.0,0.0,0.0,1.0,1.0,0.0,0.0,0.0,0.0,0.0,0.0,0.0,0.0,0.0,1.0,0.0,0
-0.3118794015104515,0.1469491804436178,-0.7040159822873443,0.2569530922366421,-0.7440338507742248,-0.6506106965224433,0.059665862285502365,-0.6532135976022067,-0.8121219018169716,0.5089404797217888,1.0,0.0,0.0,0.0,1.0,1.0,0.0,0.0,0.0,0.0,0.0,1.0,0.0,0.0,0.0,1.0,0.0,0.0,0.0,0.0,0.0,0.0,0
3.382123662065117,-2.9144920787984168,-0.69905377508565,-1.2364778603818776,0.3181777264151105,-0.898425604393159,-0.586146237016388,-0.18174198632931612,-0.7981631152660933,-1.8220559825570277,0.0,1.0,0.0,1.0,0.0,0.0,1.0,0.0,0.0,0.0,0.0,0.0,0.0,1.0,0.0,1.0,0.0,0.0,0.0,0.0,0.0,0.0,1
0.3037877757521432,0.1469491804436178,-0.7089781894890386,-0.4897623840726178,-0.5407171576819373,-0.7335713563382077,-0.30509837898686165,-0.5807948861226472,-0.826233485000495,-0.3082800291683669,0.0,1.0,1.0,0.0,0.0,1.0,0.0,0.0,0.0,0.0,0.0,0.0,0.0,1.0,0.0,0.0,0.0,0.0,0.0,1.0,0.0,0.0,0
-0.3998318554051079,0.1469491804436178,-0.6657360981599887,0.2569530922366421,-0.7147014932348619,-0.5982102393164739,0.011827929003880857,-0.6355310550785552,-0.7081614570089072,0.5089404797217888,0.0,1.0,0.0,1.0,0.0,0.0,1.0,0.0,0.0,0.0,1.0,0.0,0.0,0.0,0.0,1.0,0.0,0.0,0.0,0.0,0.0,0.0,1
-0.048022039826482336,0.1469491804436178,-0.9145553449878004,-0.738667542842371,-0.7176890481694266,-0.8744271381779253,-0.6339841702980096,-0.7983681577757586,-1.6110350671785605,-0.6884997270944972,0.0,1.0,0.0,1.0,0.0,0.0,1.0,0.0,0.0,0.0,0.0,1.0,0.0,0.0,0.0,1.0,0.0,0.0,0.0,0.0,0.0,0.0,0
2.0628368536452713,0.1469491804436178,0.6286910947391119,-0.4897623840726178,1.099287543852218,-0.15336001424453247,0.2928757870334072,1.5456187079261172,0.9502649425408275,-0.3082800291683669,1.0,0.0,0.0,1.0,0.0,1.0,0.0,0.0,0.0,0.0,1.0,0.0,0.0,0.0,0.0,1.0,0.0,0.0,0.0,0.0,0.0,0.0,1
-1.0154990326677027,0.1469491804436178,-0.4066379935572388,-0.2408572253028645,-0.32387498861316577,-0.12056034296271473,-0.6100652036571987,-0.5687351006981306,-0.1646498302752319,0.006404293079320729,1.0,0.0,0.0,0.0,1.0,0.0,1.0,0.0,0.0,0.0,0.0,1.0,0.0,0.0,0.0,0.0,0.0,0.0,1.0,0.0,0.0,0.0,0
-1.0154990326677027,-1.3837714491773996,-0.37473809011777576,-0.738667542842371,0.10959207280186338,-0.07944460771567696,-0.8970928033469279,-0.5502211443961009,-0.11117382542759194,-0.6884997270944972,0.0,1.0,0.0,1.0,0.0,0.0,1.0,0.0,0.0,0.0,0.0,1.0,0.0,0.0,0.0,0.0,0.0,0.0,0.0,1.0,0.0,0.0,1
-0.4877843092997643,1.677669810064635,3.3348662365202273,0.008047933466888799,2.8427780443665176,3.543308509051095,-0.21540225408382133,2.254848945986971,2.138256829893245,0.2748578627176566,0.0,1.0,1.0,0.0,0.0,1.0,0.0,0.0,0.0,0.0,1.0,0.0,0.0,0.0,0.0,1.0,0.0,0.0,0.0,0.0,0.0,0.0,0
-0.7516416709837335,0.1469491804436178,-0.28648169060192796,0.2569530922366421,-0.4240938768726556,-0.09071336478338354,-0.17952380412260519,-0.4356660397772924,0.026167327097250496,0.5089404797217888,0.0,1.0,0.0,1.0,0.0,0.0,0.0,1.0,0.0,0.0,1.0,0.0,0.0,0.0,0.0,1.0,0.0,0.0,0.0,0.0,0.0,0.0,1
0.3917402296467996,-1.3837714491773996,-0.7500936205887909,-0.738667542842371,-0.46564805005341964,-0.7743005333906152,-0.5143893370939557,-0.609671515188174,-0.9495110291403306,-0.6884997270944972,0.0,1.0,0.0,1.0,0.0,0.0,1.0,0.0,0.0,0.0,0.0,0.0,1.0,0.0,0.0,0.0,0.0,0.0,0.0,1.0,0.0,0.0,1
-0.3998318554051079,-1.3837714491773996,-0.0578657159524428,0.7547634097761486,-0.417738532739127,0.008357381747352155,0.3825719119364476,-0.17983916304271863,0.325921368705747,0.9028425891112019,0.0,1.0,0.0,1.0,0.0,0.0,1.0,0.0,0.0,0.0,0.0,1.0,0.0,0.0,0.0,0.0,0.0,0.0,1.0,0.0,0.0,0.0,0
-0.3998318554051079,0.1469491804436178,-0.13123549386320782,-0.9046043153555399,0.797924729725579,-0.06485515327317971,-0.8532413645054414,-0.23484104155666508,0.23709553542701578,-0.994401518288044,1.0,0.0,0.0,0.0,1.0,1.0,0.0,0.0,0.0,0.0,1.0,0.0,0.0,0.0,0.0,1.0,0.0,0.0,0.0,0.0,0.0,0.0,1
-0.6636892170890771,0.1469491804436178,0.12254596016629822,-0.738667542842371,0.8716901770190137,0.3254474898599139,-0.8014169367836849,-0.13759991459068058,0.5213873291850669,-0.6884997270944972,0.0,1.0,0.0,0.0,1.0,0.0,1.0,0.0,0.0,0.0,0.0,0.0,1.0,0.0,0.0,0.0,0.0,0.0,1.0,0.0,0.0,0.0,1
2.4146466692238966,-1.3837714491773996,-0.5728719348139962,-0.738667542842371,-0.1940521469111709,-0.8028640044908061,0.03574689564469161,-0.11198037043014046,-0.48612871389193096,-0.6884997270944972,0.0,1.0,0.0,1.0,0.0,0.0,1.0,0.0,0.0,0.0,1.0,0.0,0.0,0.0,0.0,0.0,0.0,0.0,0.0,1.0,0.0,0.0,1
-0.8395941248783899,0.1469491804436178,-0.16278095393112127,0.2569530922366421,-0.3293069066760107,0.09492827971663201,-0.2273617374042267,-0.37900133370658956,0.19693931844731033,0.5089404797217888,1.0,0.0,0.0,0.0,1.0,1.0,0.0,0.0,0.0,0.0,0.0,1.0,0.0,0.0,0.0,1.0,0.0,0.0,0.0,0.0,0.0,0.0,1
-0.9275465787730462,1.677669810064635,1.699110076818872,1.2525737273156552,0.36724605291614343,2.4461579560590296,0.32277449533442065,0.7225190673317151,1.5549705853053142,1.226830001045095,1.0,0.0,0.0,1.0,0.0,0.0,1.0,0.0,0.0,0.0,0.0,1.0,0.0,0.0,0.0,0.0,0.0,1.0,0.0,0.0,0.0,0.0,0
0.03993041406817406,1.677669810064635,0.0013263270963386306,0.008047933466888799,-0.07648992026531161,-0.09345441379985273,0.03574689564469161,0.004888978726421788,0.3933739445391511,0.2748578627176566,0.0,1.0,0.0,1.0,0.0,0.0,1.0,0.0,0.0,0.0,1.0,0.0,0.0,0.0,0.0,1.0,0.0,0.0,0.0,0.0,0.0,0.0,1
1.4471696763826765,0.1469491804436178,-0.37154809977382947,0.2569530922366421,-0.48927689362679533,-0.6221723129765755,1.0164245279179325,-0.014859241329076518,-0.10594623122379143,0.5089404797217888,0.0,1.0,0.0,1.0,0.0,0.0,0.0,1.0,0.0,0.0,1.0,0.0,0.0,0.0,0.0,0.0,0.0,0.0,0.0,1.0,0.0,0.0,1
2.678504030907866,-2.9144920787984168,-0.6348995248351744,-0.738667542842371,-0.2891107130109579,-0.845027904224661,0.10750379556712387,-0.16842222332313367,-0.6301141489097123,-0.6884997270944972,0.0,1.0,1.0,0.0,0.0,0.0,0.0,0.0,1.0,0.0,0.0,0.0,0.0,1.0,0.0,1.0,0.0,0.0,0.0,0.0,0.0,0.0,1
-0.9275465787730462,0.1469491804436178,-0.6735338523340796,0.2569530922366421,-0.7206766031039913,-0.4896151825401257,-0.2751996706858482,-0.7118839822722961,-0.7286694694217423,0.5089404797217888,1.0,0.0,0.0,0.0,1.0,1.0,0.0,0.0,0.0,0.0,0.0,1.0,0.0,0.0,0.0,1.0,0.0,0.0,0.0,0.0,0.0,0.0,0
0.12788286796283044,0.1469491804436178,0.09348160369923188,1.2525737273156552,-0.45297357457344806,-0.043366476066474376,1.1838572944036079,0.11541558359432573,0.4918325414101738,1.226830001045095,0.0,1.0,0.0,1.0,0.0,0.0,1.0,0.0,0.0,0.0,1.0,0.0,0.0,0.0,0.0,1.0,0.0,0.0,0.0,0.0,0.0,0.0,1
-0.9275465787730462,0.1469491804436178,0.08426607603894255,-0.2408572253028645,0.17767211252285384,0.44804286501365304,-0.5741867536959826,-0.25374927655771945,0.48231824694575137,0.006404293079320729,1.0,0.0,0.0,1.0,0.0,0.0,1.0,0.0,0.0,0.0,0.0,1.0,0.0,0.0,0.0,0.0,0.0,0.0,0.0,1.0,0.0,0.0,1
0.21583532185748686,1.677669810064635,0.8647503801911385,1.2525737273156552,-0.05897845108175909,0.5569115613183004,1.2556141943260402,0.8544567198118737,1.1100890678825508,1.226830001045095,0.0,1.0,0.0,1.0,0.0,0.0,0.0,0.0,0.0,1.0,1.0,0.0,0.0,0.0,0.0,1.0,0.0,0.0,0.0,0.0,0.0,0.0,1
2.7664564848025224,0.1469491804436178,0.21292901991144353,-0.2408572253028645,0.30912452964370224,-0.45725934901557125,0.9327081446750949,1.2179302526562579,0.6091908895209446,0.006404293079320729,1.0,0.0,0.0,1.0,0.0,0.0,1.0,0.0,0.0,0.0,0.0,0.0,1.0,0.0,0.0,0.0,0.0,0.0,0.0,0.0,1.0,0.0,1
-0.9275465787730462,0.1469491804436178,0.5889934371255579,1.5014788860854085,-0.2685529923423446,1.0725634729259919,0.47226803683948787,0.051388151383139805,0.9213282011632993,1.3695896062824116,0.0,1.0,0.0,1.0,0.0,0.0,1.0,0.0,0.0,0.0,0.0,0.0,1.0,0.0,0.0,0.0,0.0,0.0,0.0,1.0,0.0,0.0,0
2.1507893075399274,0.1469491804436178,-0.47185557392236327,0.2569530922366421,-0.5661385342160518,-0.7363826886627914,1.3991279941709047,-0.007967935372209923,-0.2814090217375358,0.5089404797217888,0.0,1.0,0.0,1.0,0.0,0.0,0.0,0.0,0.0,1.0,1.0,0.0,0.0,0.0,0.0,1.0,0.0,0.0,0.0,0.0,0.0,0.0,1
-0.3998318554051079,-1.3837714491773996,-0.6597105608436457,-0.738667542842371,-0.3271341394508728,-0.5921976156674447,-0.7296600368612526,-0.6310139925919026,-0.6925348287278649,-0.6884997270944972,0.0,1.0,0.0,1.0,0.0,0.0,1.0,0.0,0.0,0.0,0.0,0.0,1.0,0.0,0.0,0.0,0.0,1.0,0.0,0.0,0.0,0.0,1
-1.103451486562359,-1.3837714491773996,-0.86316105611311,-0.738667542842371,-0.6389262362581744,-0.6923670030070255,-0.9210117699877386,-0.8408559732337036,-1.3657836947723603,-0.6884997270944972,1.0,0.0,0.0,1.0,0.0,0.0,0.0,1.0,0.0,0.0,0.0,0.0,1.0,0.0,0.0,1.0,0.0,0.0,0.0,0.0,0.0,0.0,0
2.1507893075399274,1.677669810064635,1.1330640124541778,-0.07492045278969563,1.014984175516864,0.09104864110870628,0.9207486613546896,2.3206763461719655,1.2705306299938925,0.1896725400255543,0.0,1.0,0.0,1.0,0.0,1.0,0.0,0.0,0.0,0.0,0.0,0.0,1.0,0.0,0.0,1.0,0.0,0.0,0.0,0.0,0.0,0.0,1
-0.048022039826482336,-1.3837714491773996,-0.47150113055081366,-0.2408572253028645,-0.3901443889798745,-0.4828487072537561,-0.21540225408382133,-0.4233748298990005,-0.2807450088212027,0.006404293079320729,0.0,1.0,0.0,1.0,0.0,0.0,0.0,0.0,0.0,1.0,0.0,0.0,1.0,0.0,1.0,0.0,0.0,0.0,0.0,0.0,0.0,0.0,1
0.3917402296467996,0.1469491804436178,-0.21133969583341503,0.09101631972347322,-0.30046835986963377,-0.3576610828872992,0.2829095509330694,-0.08853793039030197,0.1325725878301792,0.3562558950946912,0.0,1.0,0.0,1.0,0.0,0.0,0.0,0.0,1.0,0.0,1.0,0.0,0.0,0.0,0.0,0.0,0.0,0.0,0.0,1.0,0.0,0.0,1
0.21583532185748686,0.1469491804436178,-0.18440199959564624,2.2481943623946683,-0.7194544215398512,-0.2971416059184138,2.1645349266768488,-0.1096404120641895,0.16867581664562187,1.7412055880771133,0.0,1.0,0.0,1.0,0.0,1.0,0.0,0.0,0.0,0.0,1.0,0.0,0.0,0.0,0.0,1.0,0.0,0.0,0.0,0.0,0.0,0.0,1
1.2712647685933636,0.1469491804436178,1.0465798297960778,2.2481943623946683,-0.24782813573333615,0.27393143148753035,3.312645325435765,1.6617166422367615,1.2209640749391952,1.7412055880771133,0.0,1.0,1.0,0.0,0.0,0.0,1.0,0.0,0.0,0.0,0.0,0.0,1.0,0.0,0.0,0.0,0.0,1.0,0.0,0.0,0.0,0.0,0
-0.7516416709837335,0.1469491804436178,0.9664756278258706,1.584447272341993,-0.11561525008368943,1.3447841571749226,0.681558994946582,0.38241940431864335,1.1732893170518768,1.4148055878962302,0.0,1.0,0.0,1.0,0.0,0.0,1.0,0.0,0.0,0.0,0.0,1.0,0.0,0.0,0.0,0.0,0.0,1.0,0.0,0.0,0.0,0.0,0
0.3037877757521432,0.1469491804436178,-0.7383969893276545,0.008047933466888799,-0.7242849486743098,-0.7569054146322531,0.16132147050894807,-0.6085401067474944,-0.913224646820223,0.2748578627176566,1.0,0.0,0.0,1.0,0.0,0.0,1.0,0.0,0.0,0.0,0.0,0.0,1.0,0.0,1.0,0.0,0.0,0.0,0.0,0.0,0.0,0.0,0
0.479692683541456,1.677669810064635,1.0781252898639913,0.2569530922366421,0.6215503502250026,0.5973270799359707,0.49020726182009594,1.212864628501397,1.2392652217899776,0.5089404797217888,0.0,1.0,0.0,1.0,0.0,1.0,0.0,0.0,0.0,0.0,1.0,0.0,0.0,0.0,0.0,1.0,0.0,0.0,0.0,0.0,0.0,0.0,1
-0.7516416709837335,0.1469491804436178,-0.726700358066518,-1.2364778603818776,0.23343980463472885,-0.5950663838137136,-1.1482419530754409,-0.723095211366303,-0.8779317131113484,-1.8220559825570277,0.0,1.0,0.0,1.0,0.0,1.0,0.0,0.0,0.0,0.0,1.0,0.0,0.0,0.0,0.0,0.0,0.0,0.0,1.0,0.0,0.0,0.0,1
1.35921722248802,0.1469491804436178,-0.1344254842071541,0.2569530922366421,-0.30757923442463087,-0.46915728258661926,0.968586594636311,0.2585301800642282,0.23309117347168537,0.5089404797217888,0.0,1.0,1.0,0.0,0.0,0.0,1.0,0.0,0.0,0.0,0.0,0.0,0.0,1.0,0.0,0.0,0.0,0.0,1.0,0.0,0.0,0.0,1
-0.3118794015104515,0.1469491804436178,-0.07417011104372391,0.2569530922366421,-0.26140793089044856,-0.041755183739225675,0.059665862285502365,-0.1658165553991443,0.3067044450827502,0.5089404797217888,0.0,1.0,0.0,0.0,1.0,0.0,0.0,0.0,1.0,0.0,1.0,0.0,0.0,0.0,0.0,0.0,0.0,0.0,1.0,0.0,0.0,0.0,1
-1.1914039404570154,0.1469491804436178,-0.3439015167929615,-0.9875727016121243,0.5734778753688243,0.05586353918821099,-1.0764850531530086,-0.5717693324254077,-0.06150695649916481,-1.168929155728989,1.0,0.0,0.0,0.0,1.0,0.0,0.0,1.0,0.0,0.0,1.0,0.0,0.0,0.0,0.0,0.0,0.0,0.0,1.0,0.0,0.0,0.0,1
1.35921722248802,0.1469491804436178,1.5027484489803995,-0.2408572253028645,1.6269078516898936,0.523854906203276,0.3586529452956368,2.277657111597944,1.463237677213545,0.006404293079320729,0.0,1.0,1.0,0.0,0.0,1.0,0.0,0.0,0.0,0.0,0.0,1.0,0.0,0.0,0.0,1.0,0.0,0.0,0.0,0.0,0.0,0.0,0
-1.1914039404570154,-1.3837714491773996,-0.7135859533191833,-0.738667542842371,-0.40969929400611643,-0.4639390288440362,-0.9449307366285493,-0.7684458330302099,-0.8394768678638285,-0.6884997270944972,1.0,0.0,0.0,0.0,1.0,0.0,1.0,0.0,0.0,0.0,1.0,0.0,0.0,0.0,0.0,0.0,0.0,0.0,1.0,0.0,0.0,0.0,1
1.6230745841719891,0.1469491804436178,-0.9053398173275111,0.2569530922366421,-0.898300323759022,-0.9453115359181095,1.1121003944811756,-0.673801802712149,-1.5634854117415369,0.5089404797217888,0.0,1.0,0.0,1.0,0.0,1.0,0.0,0.0,0.0,0.0,1.0,0.0,0.0,0.0,0.0,1.0,0.0,0.0,0.0,0.0,0.0,0.0,1
-0.048022039826482336,-2.9144920787984168,-0.6104429321982527,-0.9875727016121243,0.028837557600901412,-0.6056477031915755,-0.8432751284051037,-0.5409727375211518,-0.571408201442838,-1.168929155728989,0.0,1.0,0.0,1.0,0.0,1.0,0.0,0.0,0.0,0.0,0.0,0.0,1.0,0.0,0.0,1.0,0.0,0.0,0.0,0.0,0.0,0.0,1
1.6230745841719891,0.1469491804436178,-0.5934296503638724,0.2569530922366421,-0.659295928993843,-0.7666357481778958,1.1121003944811756,-0.26649476406749634,-0.5320908655827753,0.5089404797217888,0.0,1.0,1.0,0.0,0.0,0.0,1.0,0.0,0.0,0.0,1.0,0.0,0.0,0.0,0.0,0.0,0.0,1.0,0.0,0.0,0.0,0.0,1
1.0953598608040507,-1.3837714491773996,-0.5232498627970538,-0.2408572253028645,-0.4430150581248989,-0.6808764460792905,0.2510175954119884,-0.2671633236006252,-0.3815027585107295,0.006404293079320729,1.0,0.0,0.0,0.0,1.0,0.0,1.0,0.0,0.0,0.0,0.0,0.0,1.0,0.0,0.0,0.0,0.0,0.0,0.0,1.0,0.0,0.0,1
-1.0154990326677027,0.1469491804436178,0.3547063685312793,-0.07492045278969563,0.2992746515564099,0.8607352049332533,-0.5143893370939557,-0.12686867695635598,0.73590031284708,0.1896725400255543,1.0,0.0,0.0,1.0,0.0,0.0,1.0,0.0,0.0,0.0,0.0,1.0,0.0,0.0,0.0,0.0,0.0,0.0,1.0,0.0,0.0,0.0,1
-0.048022039826482336,0.1469491804436178,-0.8135389840961674,-0.738667542842371,-0.5628793833783448,-0.7851472559272147,-0.6339841702980096,-0.7128696790198579,-1.166395625712726,-0.6884997270944972,0.0,1.0,0.0,1.0,0.0,1.0,0.0,0.0,0.0,0.0,1.0,0.0,0.0,0.0,0.0,0.0,0.0,0.0,0.0,1.0,0.0,0.0,1
-1.0154990326677027,-2.9144920787984168,1.4889251574899653,-0.738667542842371,2.965694590245752,2.3226280137168183,-0.8970928033469279,0.5314053248935876,1.4565272101579039,-0.6884997270944972,1.0,0.0,0.0,0.0,1.0,1.0,0.0,0.0,0.0,0.0,0.0,0.0,1.0,0.0,0.0,1.0,0.0,0.0,0.0,0.0,0.0,0.0,1
-1.0154990326677027,0.1469491804436178,2.1265687829076767,1.2525737273156552,0.5856091590425114,3.144485877154829,0.2510175954119884,0.9014787403086028,1.7346068898233467,1.226830001045095,0.0,1.0,0.0,1.0,0.0,0.0,1.0,0.0,0.0,0.0,0.0,1.0,0.0,0.0,0.0,1.0,0.0,0.0,0.0,0.0,0.0,0.0,0
-0.8395941248783899,-1.3837714491773996,-0.950354125514309,-1.2364778603818776,-0.45206825489630725,-0.8420887840671416,-1.1602014363958462,-0.874181094577357,-1.8144290815531403,-1.8220559825570277,0.0,1.0,0.0,1.0,0.0,0.0,1.0,0.0,0.0,0.0,0.0,0.0,1.0,0.0,0.0,0.0,0.0,0.0,0.0,1.0,0.0,0.0,1
2.5905515770132093,0.1469491804436178,-0.8298433791874485,-0.738667542842371,-0.5878662064674316,-0.9340193510810312,0.08358482892631312,-0.4875308312511727,-1.2285694432824072,-0.6884997270944972,0.0,1.0,0.0,1.0,0.0,1.0,0.0,0.0,0.0,0.0,1.0,0.0,0.0,0.0,0.0,0.0,0.0,0.0,0.0,1.0,0.0,0.0,1
1.7110270380666455,1.677669810064635,2.1308221033662718,1.7503840448551617,0.34766528161341176,0.7596652521078078,3.1332530756296846,3.370529095085902,1.7362742938694011,1.5020198905350652,0.0,1.0,1.0,0.0,0.0,0.0,1.0,0.0,0.0,0.0,0.0,0.0,1.0,0.0,0.0,1.0,0.0,0.0,0.0,0.0,0.0,0.0,1
-0.8395941248783899,-2.9144920787984168,-0.5292754001133967,-0.4897623840726178,-0.320398561052945,-0.3411093638263122,-0.6937815869000364,-0.6094315194583328,-0.39376359376616743,-0.3082800291683669,1.0,0.0,0.0,0.0,1.0,0.0,1.0,0.0,0.0,0.0,0.0,0.0,1.0,0.0,0.0,1.0,0.0,0.0,0.0,0.0,0.0,0.0,0
-0.8395941248783899,0.1469491804436178,-0.8379955767330891,-1.0705410878687087,-0.3540221338619554,-0.7084099320331829,-1.0565525809523328,-0.8035366372434086,-1.260818176586822,-1.3618605080260047,0.0,1.0,0.0,1.0,0.0,0.0,1.0,0.0,0.0,0.0,0.0,0.0,1.0,0.0,1.0,0.0,0.0,0.0,0.0,0.0,0.0,0.0,1
-0.6636892170890771,-1.3837714491773996,-0.9879251228985655,-1.2364778603818776,-0.5672249178286207,-0.9013677342255082,-1.1362824697550353,-0.889506536182926,-2.069257794919467,-1.8220559825570277,0.0,1.0,0.0,1.0,0.0,0.0,1.0,0.0,0.0,0.0,0.0,0.0,1.0,0.0,0.0,0.0,0.0,0.0,0.0,1.0,0.0,0.0,1
-1.0154990326677027,0.1469491804436178,2.25345950992243,1.2525737273156552,0.650430047925795,3.30803513513749,0.2510175954119884,0.9751231442655651,1.7834463790754778,1.226830001045095,0.0,1.0,0.0,1.0,0.0,0.0,1.0,0.0,0.0,0.0,0.0,1.0,0.0,0.0,0.0,1.0,0.0,0.0,0.0,0.0,0.0,0.0,0
1.6230745841719891,0.1469491804436178,-0.0780689881307694,2.2481943623946683,-0.6787150360685139,-0.4714146170707703,3.6953487916887373,0.4064875475112819,0.3020663398234975,1.7412055880771133,0.0,1.0,0.0,1.0,0.0,0.0,1.0,0.0,0.0,0.0,0.0,1.0,0.0,0.0,0.0,0.0,1.0,0.0,0.0,0.0,0.0,0.0,0
0.919454953014738,0.1469491804436178,0.23384117883286928,2.2481943623946683,-0.5592128386859244,-0.15392963533712217,2.929941859182793,0.5442450964400878,0.6286817622169267,1.7412055880771133,0.0,1.0,1.0,0.0,0.0,0.0,1.0,0.0,0.0,0.0,0.0,1.0,0.0,0.0,0.0,1.0,0.0,0.0,0.0,0.0,0.0,0.0,0
1.6230745841719891,0.1469491804436178,1.474747422627982,1.2525737273156552,0.2526325817901145,0.4181065489404516,2.4037245930849562,2.4342286114910805,1.4496082022788155,1.226830001045095,1.0,0.0,0.0,0.0,1.0,0.0,1.0,0.0,0.0,0.0,0.0,0.0,1.0,0.0,0.0,1.0,0.0,0.0,0.0,0.0,0.0,0.0,1
2.3266942153292405,0.1469491804436178,-0.6852304835952161,-1.2364778603818776,0.3605466873053013,-0.8542772700163048,-0.7296600368612526,-0.29462569211530254,-0.7600564675982104,-1.8220559825570277,0.0,1.0,0.0,1.0,0.0,0.0,0.0,0.0,1.0,0.0,1.0,0.0,0.0,0.0,0.0,0.0,1.0,0.0,0.0,0.0,0.0,0.0,1
-1.0154990326677027,0.1469491804436178,-0.6086707153405048,-1.2364778603818776,0.5952055476202043,-0.38095999952728726,-1.184120403036657,-0.6859901572776518,-0.5672562460068358,-1.8220559825570277,1.0,0.0,0.0,0.0,1.0,0.0,1.0,0.0,0.0,0.0,1.0,0.0,0.0,0.0,0.0,0.0,0.0,0.0,0.0,1.0,0.0,0.0,1
0.6555975913307688,1.677669810064635,4.460932827933273,1.2525737273156552,1.778096237772412,2.952346840477134,1.6143986939382013,4.8386686872847235,2.426478127527831,1.226830001045095,0.0,1.0,0.0,1.0,0.0,0.0,1.0,0.0,0.0,0.0,0.0,1.0,0.0,0.0,0.0,0.0,0.0,0.0,0.0,0.0,0.0,1.0,1
-0.8395941248783899,0.1469491804436178,-0.6827493799943689,-0.2408572253028645,-0.6059726000102482,-0.5237053983080286,-0.5383083037347665,-0.7059269454065967,-0.7533344655233393,0.006404293079320729,0.0,1.0,0.0,1.0,0.0,0.0,1.0,0.0,0.0,0.0,0.0,1.0,0.0,0.0,0.0,0.0,0.0,0.0,0.0,1.0,0.0,0.0,0
-0.7516416709837335,0.1469491804436178,-0.7692335626524688,-0.738667542842371,-0.49498040759278256,-0.643796144106499,-0.8253359034244956,-0.7508661458193474,-1.0111842380536786,-0.6884997270944972,0.0,1.0,0.0,1.0,0.0,0.0,1.0,0.0,0.0,0.0,1.0,0.0,0.0,0.0,0.0,1.0,0.0,0.0,0.0,0.0,0.0,0.0,1
-1.0154990326677027,0.1469491804436178,-0.09047450613500503,-0.738667542842371,0.5452319014420306,0.28694227748570406,-0.8970928033469279,-0.3852412226824588,0.287196728048507,-0.6884997270944972,0.0,1.0,0.0,1.0,0.0,0.0,1.0,0.0,0.0,0.0,0.0,0.0,0.0,1.0,0.0,0.0,0.0,0.0,0.0,1.0,0.0,0.0,1
0.479692683541456,0.1469491804436178,-0.19822529108608022,1.2525737273156552,-0.6019891934308286,-0.365650237947496,1.470884894093337,-0.05260714112265922,0.15027548199786014,1.226830001045095,0.0,1.0,0.0,1.0,0.0,0.0,1.0,0.0,0.0,0.0,0.0,1.0,0.0,0.0,0.0,0.0,0.0,0.0,1.0,0.0,0.0,0.0,0
1.0074074069093943,-1.3837714491773996,-0.9003776101258169,-1.0705410878687087,-0.4974247707210628,-0.920363453853319,-0.7216870479809823,-0.7111811376349042,-1.5385901075298303,-1.3618605080260047,0.0,1.0,0.0,1.0,0.0,0.0,1.0,0.0,0.0,0.0,0.0,1.0,0.0,0.0,0.0,1.0,0.0,0.0,0.0,0.0,0.0,0.0,1
-0.048022039826482336,1.677669810064635,0.1803202297288813,-0.2408572253028645,0.2758087655249197,0.09324148032188166,-0.21540225408382133,0.1283153540732862,0.5781978482759673,0.006404293079320729,0.0,1.0,0.0,1.0,0.0,0.0,1.0,0.0,0.0,0.0,1.0,0.0,0.0,0.0,0.0,0.0,0.0,0.0,1.0,0.0,0.0,0.0,1
-0.4877843092997643,0.1469491804436178,-0.5916574335061244,0.008047933466888799,-0.5957812870732915,-0.5054036248749882,-0.21540225408382133,-0.5937289417058706,-0.5280634301031047,0.2748578627176566,0.0,1.0,0.0,1.0,0.0,0.0,1.0,0.0,0.0,0.0,0.0,1.0,0.0,0.0,0.0,1.0,0.0,0.0,0.0,0.0,0.0,0.0,1
-0.22392694761579512,0.1469491804436178,0.24624669683710493,-0.2408572253028645,0.34316454950419745,0.22680532330619835,-0.2871591540062536,0.11612699950778334,0.6401064063479869,0.006404293079320729,1.0,0.0,0.0,0.0,1.0,0.0,1.0,0.0,0.0,0.0,0.0,1.0,0.0,0.0,0.0,1.0,0.0,0.0,0.0,0.0,0.0,0.0,0
0.03993041406817406,0.1469491804436178,0.31678092777547323,-0.2408572253028645,0.4152279958046074,0.17760487782876655,-0.17952380412260519,0.2795126638731951,0.7032069214713604,0.006404293079320729,0.0,1.0,0.0,1.0,0.0,0.0,1.0,0.0,0.0,0.0,1.0,0.0,0.0,0.0,1.0,0.0,0.0,0.0,0.0,0.0,0.0,0.0,0
1.0074074069093943,0.1469491804436178,1.794809787137261,1.2525737273156552,0.4161333154817482,0.8535035011451217,1.9014262936279305,2.3520900729529557,1.5974178879254928,1.226830001045095,0.0,1.0,1.0,0.0,0.0,1.0,0.0,0.0,0.0,0.0,0.0,1.0,0.0,0.0,0.0,1.0,0.0,0.0,0.0,0.0,0.0,0.0,0
0.21583532185748686,0.1469491804436178,1.2085604505942402,2.2481943623946683,-0.18576847186533224,0.8367870924735753,2.1645349266768488,1.1703939555955836,1.312294690266956,1.7412055880771133,0.0,1.0,1.0,0.0,0.0,1.0,0.0,0.0,0.0,0.0,0.0,0.0,1.0,0.0,1.0,0.0,0.0,0.0,0.0,0.0,0.0,0.0,1
0.7435500452254252,0.1469491804436178,-0.31767270729829183,0.2569530922366421,-0.4479943163491735,-0.4990742935096867,0.6337210616649604,-0.10996612055468816,-0.020717150548554348,0.5089404797217888,0.0,1.0,0.0,1.0,0.0,0.0,0.0,0.0,1.0,0.0,1.0,0.0,0.0,0.0,1.0,0.0,0.0,0.0,0.0,0.0,0.0,0.0,1
-1.103451486562359,0.1469491804436178,-0.728472574924266,-0.2408572253028645,-0.652687095350715,-0.5112194158316706,-0.6459436536184149,-0.7659430204190095,-0.8832174156719349,0.006404293079320729,1.0,0.0,0.0,0.0,1.0,0.0,1.0,0.0,0.0,0.0,0.0,1.0,0.0,0.0,0.0,1.0,0.0,0.0,0.0,0.0,0.0,0.0,0
-0.5757367631944207,0.1469491804436178,3.028627163501382,1.999289203624915,0.6185265825033521,3.37645108846235,1.1300396194617837,1.9314032723696604,2.0472849472251946,1.625515276100392,0.0,1.0,0.0,0.0,1.0,0.0,1.0,0.0,0.0,0.0,0.0,1.0,0.0,0.0,1.0,0.0,0.0,0.0,0.0,0.0,0.0,0.0,0
0.5676451374361124,0.1469491804436178,0.6425143862295459,0.2569530922366421,0.28775898526317867,0.23629813375284486,0.5380451951017174,0.8245429663423905,0.9601905785601925,0.5089404797217888,1.0,0.0,0.0,1.0,0.0,1.0,0.0,0.0,0.0,0.0,0.0,0.0,1.0,0.0,0.0,0.0,0.0,0.0,0.0,1.0,0.0,0.0,1
-0.9275465787730462,-1.3837714491773996,-0.33468598913267217,-0.4897623840726178,-0.08182871973279365,-0.07034432498099928,-0.7236802952010498,-0.5070304843007641,-0.047027881077967786,-0.3082800291683669,1.0,0.0,0.0,1.0,0.0,0.0,1.0,0.0,0.0,0.0,0.0,0.0,0.0,1.0,0.0,0.0,0.0,0.0,0.0,1.0,0.0,0.0,0
1.0953598608040507,0.1469491804436178,-0.775967986711911,-0.738667542842371,-0.505301051912188,-0.8437404418078345,-0.3230376039674697,-0.5605066756750063,-1.0336053431592227,-0.6884997270944972,0.0,1.0,0.0,1.0,0.0,0.0,1.0,0.0,0.0,0.0,0.0,1.0,0.0,0.0,0.0,1.0,0.0,0.0,0.0,0.0,0.0,0.0,0
-1.279356394351672,0.1469491804436178,-0.8454388875356305,-0.738667542842371,-0.6117666459439496,-0.6283070417277208,-0.9688497032693602,-0.8461873069466029,-1.290984234833807,-0.6884997270944972,1.0,0.0,0.0,1.0,0.0,1.0,0.0,0.0,0.0,0.0,1.0,0.0,0.0,0.0,0.0,0.0,0.0,0.0,0.0,1.0,0.0,0.0,1
-1.103451486562359,-1.3837714491773996,-0.9464552484272635,-1.4024146328950464,-0.11365975958106517,-0.8043924845496792,-1.28776925848017,-0.8871837203691065,-1.7906547421925956,-2.43818853673469,1.0,0.0,0.0,0.0,1.0,0.0,1.0,0.0,0.0,0.0,1.0,0.0,0.0,0.0,0.0,0.0,0.0,0.0,1.0,0.0,0.0,0.0,1
2.4146466692238966,0.1469491804436178,-0.1113866650564308,0.2569530922366421,-0.2899255007203847,-0.5762706191293534,1.5426417940157693,0.591087120139436,0.26173592331260337,0.5089404797217888,0.0,1.0,0.0,1.0,0.0,0.0,1.0,0.0,0.0,0.0,0.0,1.0,0.0,0.0,0.0,1.0,0.0,0.0,0.0,0.0,0.0,0.0,1
0.919454953014738,0.1469491804436178,-0.23402407161258876,0.2569530922366421,-0.38389768320760276,-0.46855439201010685,0.7293969282282035,0.023797213727476157,0.10136547133228001,0.5089404797217888,0.0,1.0,0.0,1.0,0.0,0.0,1.0,0.0,0.0,0.0,1.0,0.0,0.0,0.0,0.0,0.0,0.0,0.0,0.0,1.0,0.0,0.0,1
-0.5757367631944207,0.1469491804436178,0.6761865065267569,1.2525737273156552,-0.1553044647295433,0.8671624922822154,0.6098020950241497,0.2816640541656995,0.9840533542815049,1.226830001045095,0.0,1.0,0.0,1.0,0.0,0.0,1.0,0.0,0.0,0.0,0.0,1.0,0.0,0.0,0.0,0.0,0.0,0.0,1.0,0.0,0.0,0.0,0
-0.6636892170890771,-1.3837714491773996,-0.09862670368064559,0.008047933466888799,-0.16402139990658507,0.08110254896323238,-0.29911863732665894,-0.2873572500115427,0.2773310455255198,0.2748578627176566,0.0,1.0,0.0,1.0,0.0,0.0,1.0,0.0,0.0,0.0,1.0,0.0,0.0,0.0,0.0,1.0,0.0,0.0,0.0,0.0,0.0,0.0,1
-1.103451486562359,0.1469491804436178,-0.4707922438077145,-0.2408572253028645,-0.3894201332381618,-0.16465547931461028,-0.6459436536184149,-0.6226227133235289,-0.2794180081393855,0.006404293079320729,1.0,0.0,0.0,1.0,0.0,0.0,1.0,0.0,0.0,0.0,1.0,0.0,0.0,0.0,0.0,0.0,0.0,0.0,0.0,0.0,1.0,0.0,0
1.2712647685933636,0.1469491804436178,-0.6068984984827568,0.2569530922366421,-0.6696165733132485,-0.7490280614587692,0.9207486613546896,-0.33753350010046945,-0.5631176195036706,0.5089404797217888,0.0,1.0,0.0,1.0,0.0,0.0,1.0,0.0,0.0,0.0,1.0,0.0,0.0,0.0,1.0,0.0,0.0,0.0,0.0,0.0,0.0,0.0,1
1.0074074069093943,0.1469491804436178,0.053429502714128274,-0.2408572253028645,0.1461669877583529,-0.2926049088900359,0.21513914545077228,0.3728881453335244,0.4499615070148782,0.006404293079320729,0.0,1.0,0.0,1.0,0.0,0.0,1.0,0.0,0.0,0.0,1.0,0.0,0.0,0.0,0.0,0.0,0.0,0.0,1.0,0.0,0.0,0.0,1
-0.048022039826482336,0.1469491804436178,0.24979113055260083,0.008047933466888799,0.1410971975663643,0.15464097829079132,-0.00611129597672721,0.1871143078843619,0.6433520803900483,0.2748578627176566,0.0,1.0,0.0,1.0,0.0,1.0,0.0,0.0,0.0,0.0,0.0,0.0,1.0,0.0,0.0,0.0,0.0,0.0,1.0,0.0,0.0,0.0,1
2.8544089386971785,0.1469491804436178,1.2369159203182074,-0.2408572253028645,1.3553119485476446,-0.000760377125267474,0.968586594636311,2.934962559252457,1.3276376984836948,0.006404293079320729,0.0,1.0,0.0,0.0,1.0,1.0,0.0,0.0,0.0,0.0,1.0,0.0,0.0,0.0,0.0,1.0,0.0,0.0,0.0,0.0,0.0,0.0,0
-0.6636892170890771,0.1469491804436178,-0.7167759436631296,0.2569530922366421,-0.7538113032873457,-0.6018102345685187,-0.13168587084098368,-0.7059098028544651,-0.8487257153742473,0.5089404797217888,0.0,1.0,0.0,1.0,0.0,0.0,1.0,0.0,0.0,0.0,1.0,0.0,0.0,0.0,0.0,1.0,0.0,0.0,0.0,0.0,0.0,0.0,1
2.0628368536452713,0.1469491804436178,-0.6760149559349268,-0.9875727016121243,-0.10514975461594145,-0.8374143484562658,-0.41273372887051,-0.3158824567583736,-0.7352637602628104,-1.168929155728989,0.0,1.0,0.0,1.0,0.0,0.0,1.0,0.0,0.0,0.0,0.0,1.0,0.0,0.0,0.0,0.0,0.0,0.0,0.0,1.0,0.0,0.0,1
1.8869319458559584,-1.3837714491773996,-0.9081753642999079,-0.738667542842371,-0.7079115956563056,-0.9545124840786551,-0.10776690420017292,-0.6592734897806951,-1.577930168445615,-0.6884997270944972,0.0,1.0,0.0,1.0,0.0,0.0,1.0,0.0,0.0,0.0,0.0,1.0,0.0,0.0,0.0,0.0,0.0,0.0,0.0,1.0,0.0,0.0,0
-0.22392694761579512,0.1469491804436178,-0.36729477931523435,-0.07492045278969563,-0.3646143740845031,-0.34831659760388145,-0.15560483748179443,-0.37349000319630943,-0.0990089173611863,0.1896725400255543,0.0,1.0,0.0,0.0,1.0,0.0,1.0,0.0,0.0,0.0,0.0,1.0,0.0,0.0,0.0,1.0,0.0,0.0,0.0,0.0,0.0,0.0,0
0.6555975913307688,0.1469491804436178,0.27318439307487374,0.2569530922366421,0.004756054188955266,-0.060257264600392664,0.585883128383339,0.48407473845849136,0.6645710006031453,0.5089404797217888,0.0,1.0,0.0,1.0,0.0,1.0,0.0,0.0,0.0,0.0,1.0,0.0,0.0,0.0,0.0,1.0,0.0,0.0,0.0,0.0,0.0,0.0,1
-0.048022039826482336,0.1469491804436178,-0.6380895151791207,-0.4897623840726178,-0.45380646867641766,-0.6300821972812437,-0.42469321219091544,-0.5643723211806616,-0.6379723713018141,-0.3082800291683669,0.0,1.0,1.0,0.0,0.0,0.0,1.0,0.0,0.0,0.0,1.0,0.0,0.0,0.0,0.0,0.0,0.0,0.0,0.0,1.0,0.0,0.0,1
-0.3118794015104515,-1.3837714491773996,-0.6483683729540588,-0.2408572253028645,-0.570846196537184,-0.5968176095742356,-0.3230376039674697,-0.6101515066478562,-0.6636241612828195,0.006404293079320729,0.0,1.0,1.0,0.0,0.0,0.0,1.0,0.0,0.0,0.0,0.0,1.0,0.0,0.0,0.0,1.0,0.0,0.0,0.0,0.0,0.0,0.0,0
0.8315024991200816,0.1469491804436178,2.695095950873218,1.2525737273156552,0.8760357114692895,1.5587890211274056,1.757912493783066,3.1889037552525648,1.940307871150989,1.226830001045095,0.0,1.0,0.0,1.0,0.0,0.0,1.0,0.0,0.0,0.0,1.0,0.0,0.0,0.0,0.0,1.0,0.0,0.0,0.0,0.0,0.0,0.0,1
-0.22392694761579512,0.1469491804436178,-0.637026185064472,0.2569530922366421,-0.6927022250803397,-0.6011576038503118,0.10750379556712387,-0.5887404590356016,-0.6353476380261818,0.5089404797217888,0.0,1.0,0.0,1.0,0.0,0.0,0.0,1.0,0.0,0.0,1.0,0.0,0.0,0.0,0.0,1.0,0.0,0.0,0.0,0.0,0.0,0.0,1
0.3917402296467996,0.1469491804436178,-0.8426033405632338,-0.9046043153555399,-0.5102984165300053,-0.8458419127204609,-0.6738491146993608,-0.6991556373146507,-1.2794090185873637,-0.994401518288044,1.0,0.0,0.0,1.0,0.0,1.0,0.0,0.0,0.0,0.0,1.0,0.0,0.0,0.0,0.0,0.0,0.0,1.0,0.0,0.0,0.0,0.0,1
-0.6636892170890771,0.1469491804436178,0.025428476361710712,-0.4897623840726178,0.35967758041524617,0.2181549997866916,-0.6339841702980096,-0.2033587445671489,0.4198595622761242,-0.3082800291683669,0.0,1.0,1.0,0.0,0.0,0.0,1.0,0.0,0.0,0.0,1.0,0.0,0.0,0.0,0.0,0.0,0.0,0.0,1.0,0.0,0.0,0.0,1
-0.5757367631944207,0.1469491804436178,0.2437655932362578,-0.4897623840726178,0.6273625025522466,0.4059101060625735,-0.6040854619969961,-0.02158769304069378,0.6378295627285617,-0.3082800291683669,1.0,0.0,0.0,1.0,0.0,0.0,1.0,0.0,0.0,0.0,0.0,1.0,0.0,0.0,0.0,1.0,0.0,0.0,0.0,0.0,0.0,0.0,0
-0.8395941248783899,0.1469491804436178,0.10836822530431464,-0.9875727016121243,1.497628201794183,0.41752866396262045,-1.0047281532305763,-0.2085186527587331,0.5070549853636862,-1.168929155728989,0.0,1.0,0.0,0.0,1.0,0.0,0.0,1.0,0.0,0.0,1.0,0.0,0.0,0.0,0.0,1.0,0.0,0.0,0.0,0.0,0.0,0.0,1
-0.7516416709837335,0.1469491804436178,0.8977136137452503,0.2569530922366421,0.48330803552559787,1.2660043780349195,-0.17952380412260519,0.3375230602862214,1.1309098447425043,0.5089404797217888,0.0,1.0,0.0,1.0,0.0,0.0,0.0,0.0,0.0,1.0,1.0,0.0,0.0,0.0,0.0,1.0,0.0,0.0,0.0,0.0,0.0,0.0,1
-0.6636892170890771,0.1469491804436178,-0.39068804183750727,-0.2408572253028645,-0.30757923442463087,-0.2415580781182831,-0.46655140381233423,-0.48511373140062997,-0.13763457062472734,0.006404293079320729,0.0,1.0,0.0,1.0,0.0,0.0,1.0,0.0,0.0,0.0,1.0,0.0,0.0,0.0,1.0,0.0,0.0,0.0,0.0,0.0,0.0,0.0,0
-0.048022039826482336,0.1469491804436178,-0.29498833151911813,0.2569530922366421,-0.43061217854806955,-0.3268438603735671,0.2031796621303669,-0.2739774880729,0.013548814786824535,0.5089404797217888,1.0,0.0,0.0,1.0,0.0,0.0,1.0,0.0,0.0,0.0,0.0,1.0,0.0,0.0,0.0,0.0,0.0,0.0,0.0,1.0,0.0,0.0,0
-0.3118794015104515,-1.3837714491773996,0.444734984904875,0.5058582510063954,-0.0003740906481761074,0.4598567862746351,0.2510175954119884,0.23573058572932126,0.8103418960902363,0.7164627794543732,0.0,1.0,0.0,1.0,0.0,0.0,0.0,0.0,0.0,1.0,1.0,0.0,0.0,0.0,0.0,0.0,0.0,0.0,1.0,0.0,0.0,0.0,1
-0.9275465787730462,-1.3837714491773996,-0.3761558636039741,-0.9046043153555399,0.34751008395447336,-0.12165676256930234,-0.9728361977094953,-0.532101466793096,-0.11350402226364181,-0.994401518288044,0.0,1.0,0.0,0.0,1.0,0.0,1.0,0.0,0.0,0.0,1.0,0.0,0.0,0.0,0.0,0.0,0.0,0.0,1.0,0.0,0.0,0.0,0
-1.3673088482463283,0.1469491804436178,-0.3722569865169286,-0.4897623840726178,-0.12789138490571902,0.12668227832280568,-0.873173836706117,-0.6249283865852169,-0.10710608829578126,-0.3082800291683669,1.0,0.0,0.0,0.0,1.0,0.0,0.0,0.0,1.0,0.0,1.0,0.0,0.0,0.0,0.0,0.0,0.0,0.0,1.0,0.0,0.0,0.0,1
-0.7516416709837335,0.1469491804436178,-0.3127105000965976,-0.2408572253028645,-0.2279111028362378,-0.12076338363060134,-0.5024298537735504,-0.4527914493566698,-0.013143257727658703,0.006404293079320729,1.0,0.0,0.0,1.0,0.0,0.0,1.0,0.0,0.0,0.0,0.0,1.0,0.0,0.0,0.0,0.0,0.0,0.0,0.0,1.0,0.0,0.0,1
0.5676451374361124,0.1469491804436178,0.02117515590311564,-0.738667542842371,0.7163373204216472,-0.22132652585386758,-0.46655140381233423,0.1934741947251517,0.41522499389870127,-0.6884997270944972,0.0,1.0,0.0,1.0,0.0,0.0,1.0,0.0,0.0,0.0,1.0,0.0,0.0,0.0,0.0,0.0,0.0,0.0,1.0,0.0,0.0,0.0,1
0.12788286796283044,0.1469491804436178,1.4665952250823413,1.2525737273156552,0.24846811127526655,1.1046144849931603,1.1838572944036079,1.3440051523074406,1.4456128929951397,1.226830001045095,0.0,1.0,0.0,1.0,0.0,1.0,0.0,0.0,0.0,0.0,1.0,0.0,0.0,0.0,1.0,0.0,0.0,0.0,0.0,0.0,0.0,0.0,1
-1.0154990326677027,0.1469491804436178,-0.9283786364782345,-0.738667542842371,-0.7388735286145219,-0.7930310350031546,-0.8970928033469279,-0.8715411415491047,-1.6858189467467974,-0.6884997270944972,1.0,0.0,0.0,0.0,1.0,0.0,1.0,0.0,0.0,0.0,0.0,1.0,0.0,0.0,0.0,0.0,0.0,0.0,1.0,0.0,0.0,0.0,1
0.3917402296467996,0.1469491804436178,1.5619404920291808,1.2525737273156552,0.2971743099054432,1.0136857400522337,1.3991279941709047,1.6267458358884832,1.4915836595370449,1.226830001045095,1.0,0.0,0.0,1.0,0.0,0.0,0.0,0.0,1.0,0.0,1.0,0.0,0.0,0.0,0.0,0.0,0.0,0.0,1.0,0.0,0.0,0.0,1
0.919454953014738,0.1469491804436178,-0.6834582667374681,-1.2364778603818776,0.36597860536814636,-0.770784840086883,-0.9210117699877386,-0.4761481766358508,-0.7552514637182904,-1.8220559825570277,0.0,1.0,0.0,1.0,0.0,0.0,1.0,0.0,0.0,0.0,0.0,0.0,0.0,1.0,0.0,1.0,0.0,0.0,0.0,0.0,0.0,0.0,1
-0.8395941248783899,0.1469491804436178,-0.6696349752470342,0.2569530922366421,-0.7176890481694266,-0.5081025039065886,-0.2273617374042267,-0.6976813778313409,-0.7183746840188081,0.5089404797217888,0.0,1.0,0.0,1.0,0.0,0.0,0.0,1.0,0.0,0.0,0.0,1.0,0.0,0.0,1.0,0.0,0.0,0.0,0.0,0.0,0.0,0.0,1
-1.0154990326677027,0.1469491804436178,-0.8496922079942256,-0.4897623840726178,-0.7132348753578938,-0.6916122213937949,-0.7535790035020633,-0.8258733826707648,-1.3085442935956755,-0.3082800291683669,1.0,0.0,0.0,1.0,0.0,1.0,0.0,0.0,0.0,0.0,1.0,0.0,0.0,0.0,0.0,0.0,1.0,0.0,0.0,0.0,0.0,0.0,1
-0.5757367631944207,-1.3837714491773996,0.1129759891344593,-0.738667542842371,0.8570239982493323,0.2664001630174522,-0.777497970142874,-0.1133089182203324,0.5117304971508643,-0.6884997270944972,0.0,1.0,0.0,1.0,0.0,0.0,1.0,0.0,0.0,0.0,0.0,1.0,0.0,0.0,0.0,0.0,0.0,0.0,1.0,0.0,0.0,0.0,1
0.3917402296467996,0.1469491804436178,-0.6909015775400095,-0.8216359290989554,-0.30965323950317164,-0.7285250148155799,-0.5941192258966582,-0.5524153910689341,-0.7755539470675471,-0.8350702685971858,1.0,0.0,0.0,1.0,0.0,0.0,0.0,0.0,0.0,1.0,0.0,0.0,1.0,0.0,0.0,1.0,0.0,0.0,0.0,0.0,0.0,0.0,1
0.03993041406817406,1.677669810064635,-0.47185557392236327,-0.2408572253028645,-0.39050651685073084,-0.5000433512427819,-0.17952380412260519,-0.4070465489937382,-0.2814090217375358,0.006404293079320729,0.0,1.0,1.0,0.0,0.0,0.0,1.0,0.0,0.0,0.0,0.0,1.0,0.0,0.0,0.0,0.0,0.0,0.0,0.0,1.0,0.0,0.0,1
-0.6636892170890771,0.1469491804436178,0.11474820599220725,1.2525737273156552,-0.4421097384477581,0.31683276437958224,0.5380451951017174,-0.14287982064718532,0.5135242654221122,1.226830001045095,0.0,1.0,0.0,1.0,0.0,0.0,1.0,0.0,0.0,0.0,1.0,0.0,0.0,0.0,0.0,0.0,0.0,0.0,0.0,1.0,0.0,0.0,1
-0.7516416709837335,1.677669810064635,-0.6554572403850506,-0.9875727016121243,-0.06314292159660688,-0.5134440353232979,-0.9867889282499681,-0.6765788961574534,-0.6816172104921308,-1.168929155728989,0.0,1.0,1.0,0.0,0.0,0.0,1.0,0.0,0.0,0.0,0.0,1.0,0.0,0.0,0.0,1.0,0.0,0.0,0.0,0.0,0.0,0.0,0
0.03993041406817406,0.1469491804436178,1.2301814962587652,0.7547634097761486,0.37184507687601875,0.962458579544443,0.681558994946582,1.074687087045369,1.324010233680513,0.9028425891112019,0.0,1.0,0.0,1.0,0.0,1.0,0.0,0.0,0.0,0.0,1.0,0.0,0.0,0.0,0.0,0.0,0.0,0.0,0.0,1.0,0.0,0.0,1
0.21583532185748686,1.677669810064635,1.610144790559925,0.2569530922366421,1.0292158008415178,1.1636932541219525,0.34669346197523143,1.5394216753305767,1.5142160495729533,0.5089404797217888,0.0,1.0,0.0,1.0,0.0,0.0,1.0,0.0,0.0,0.0,1.0,0.0,0.0,0.0,0.0,1.0,0.0,0.0,0.0,0.0,0.0,0.0,1
1.0953598608040507,0.1469491804436178,2.1286954431369742,0.2569530922366421,1.426560607138628,1.028167615689246,0.8250727947914466,2.8110904775501733,1.7354408614202312,0.5089404797217888,0.0,1.0,1.0,0.0,0.0,1.0,0.0,0.0,0.0,0.0,1.0,0.0,0.0,0.0,0.0,1.0,0.0,0.0,0.0,0.0,0.0,0.0,1
0.03993041406817406,0.1469491804436178,-0.3864347213789122,0.7547634097761486,-0.6191540545094187,-0.4266441498017736,0.681558994946582,-0.3326821578472524,-0.13052509829502734,0.9028425891112019,0.0,1.0,0.0,1.0,0.0,1.0,0.0,0.0,0.0,0.0,0.0,0.0,1.0,0.0,0.0,1.0,0.0,0.0,0.0,0.0,0.0,0.0,1
2.5905515770132093,-2.9144920787984168,-0.7702968927671175,-0.2408572253028645,-0.6954181841117621,-0.9056811212492266,0.8609512447526627,-0.39393249661313384,-1.0146985911120494,0.006404293079320729,1.0,0.0,0.0,1.0,0.0,0.0,1.0,0.0,0.0,0.0,1.0,0.0,0.0,0.0,0.0,0.0,0.0,0.0,0.0,1.0,0.0,0.0,1
0.6555975913307688,0.1469491804436178,0.27850104364811756,0.2569530922366421,0.008829992736088999,-0.05643254504252863,0.585883128383339,0.489603211520903,0.6693451612816448,0.5089404797217888,0.0,1.0,0.0,1.0,0.0,0.0,1.0,0.0,0.0,0.0,0.0,0.0,1.0,0.0,0.0,0.0,0.0,0.0,1.0,0.0,0.0,0.0,0
1.5351221302773328,0.1469491804436178,-0.8776932343466431,-0.738667542842371,-0.6611971003158388,-0.926428753804655,-0.20344277076341594,-0.6445137523954659,-1.430532664222843,-0.6884997270944972,1.0,0.0,0.0,1.0,0.0,0.0,1.0,0.0,0.0,0.0,0.0,1.0,0.0,0.0,0.0,0.0,0.0,1.0,0.0,0.0,0.0,0.0,0
-0.13597449372113873,0.1469491804436178,-0.1581731901009766,0.2569530922366421,-0.32577615993516157,-0.17989599226040054,0.1553417288487454,-0.18239340331031345,0.20288341609651236,0.5089404797217888,0.0,1.0,0.0,1.0,0.0,1.0,0.0,0.0,0.0,0.0,0.0,0.0,1.0,0.0,1.0,0.0,0.0,0.0,0.0,0.0,0.0,0.0,1
-1.103451486562359,0.1469491804436178,4.395360804196598,2.2481943623946683,1.0351909107106474,6.3800161636602475,0.7293969282282035,2.0839034161315637,2.4113500801603296,1.7412055880771133,0.0,1.0,0.0,1.0,0.0,0.0,1.0,0.0,0.0,0.0,0.0,0.0,1.0,0.0,1.0,0.0,0.0,0.0,0.0,0.0,0.0,0.0,0
-0.13597449372113873,1.677669810064635,1.1848127447004178,1.2525737273156552,0.10452228260987478,1.0419669163750982,0.968586594636311,0.9218098071365723,1.2993029084738175,1.226830001045095,0.0,1.0,0.0,1.0,0.0,0.0,1.0,0.0,0.0,0.0,1.0,0.0,0.0,0.0,0.0,1.0,0.0,0.0,0.0,0.0,0.0,0.0,1
0.3917402296467996,0.1469491804436178,1.6136892242754208,0.5888266372629798,0.7283651389893756,1.053705055692684,0.7612888837492845,1.6768020881124894,1.5158646189134117,0.7807203976219106,0.0,1.0,0.0,0.0,1.0,1.0,0.0,0.0,0.0,0.0,1.0,0.0,0.0,0.0,0.0,1.0,0.0,0.0,0.0,0.0,0.0,0.0,1
0.6555975913307688,1.677669810064635,-0.29392500140446937,0.5058582510063954,-0.5034904125579064,-0.4682273507725504,0.8430120197720546,-0.10562905486541639,0.015132899829744278,0.7164627794543732,0.0,1.0,0.0,1.0,0.0,0.0,1.0,0.0,0.0,0.0,0.0,1.0,0.0,0.0,1.0,0.0,0.0,0.0,0.0,0.0,0.0,0.0,1
0.919454953014738,0.1469491804436178,-0.5111987881643677,-0.4897623840726178,-0.29823633535653743,-0.6549457251300114,-0.09580742087976754,-0.28452872890984376,-0.3573254610280033,-0.3082800291683669,0.0,1.0,0.0,1.0,0.0,0.0,1.0,0.0,0.0,0.0,1.0,0.0,0.0,0.0,0.0,0.0,0.0,0.0,0.0,1.0,0.0,0.0,1
0.21583532185748686,-1.3837714491773996,-0.3899791550944081,-0.738667542842371,0.08623482513162992,-0.46448986166074296,-0.5622272703755773,-0.2985513365534181,-0.13644693254114176,-0.6884997270944972,0.0,1.0,0.0,1.0,0.0,0.0,1.0,0.0,0.0,0.0,0.0,1.0,0.0,0.0,0.0,1.0,0.0,0.0,0.0,0.0,0.0,0.0,1
-0.13597449372113873,0.1469491804436178,0.896295840259052,1.2525737273156552,-0.04286376082865228,0.7794711635038141,0.968586594636311,0.6845911707407515,1.1300212139655923,1.226830001045095,0.0,1.0,0.0,1.0,0.0,0.0,1.0,0.0,0.0,0.0,0.0,0.0,1.0,0.0,0.0,1.0,0.0,0.0,0.0,0.0,0.0,0.0,1
-0.5757367631944207,0.1469491804436178,-0.7451314133870967,-0.2408572253028645,-0.6697071052809627,-0.6489211706200506,-0.4306729538511181,-0.7150896395208882,-0.9339918953184984,0.006404293079320729,0.0,1.0,0.0,1.0,0.0,1.0,0.0,0.0,0.0,0.0,1.0,0.0,0.0,0.0,0.0,0.0,0.0,0.0,0.0,1.0,0.0,0.0,1
-0.3998318554051079,1.677669810064635,2.0117291305256098,1.2525737273156552,0.5269444439637857,2.073516763316845,0.7533158948690143,1.3716389463434329,1.6887519286499444,1.226830001045095,0.0,1.0,0.0,1.0,0.0,1.0,0.0,0.0,0.0,0.0,1.0,0.0,0.0,0.0,0.0,1.0,0.0,0.0,0.0,0.0,0.0,0.0,1
-0.6636892170890771,1.677669810064635,-0.2357962884703367,0.008047933466888799,-0.2841443879249282,-0.07043830380442109,-0.29911863732665894,-0.3802355974600582,0.09889530186882417,0.2748578627176566,1.0,0.0,0.0,0.0,1.0,0.0,1.0,0.0,0.0,0.0,0.0,1.0,0.0,0.0,0.0,0.0,0.0,0.0,0.0,1.0,0.0,0.0,1
-0.048022039826482336,0.1469491804436178,-0.5952018672216204,-0.738667542842371,-0.22827323070709424,-0.592177405167784,-0.6339841702980096,-0.5280729670421914,-0.5361309223161642,-0.6884997270944972,1.0,0.0,0.0,1.0,0.0,0.0,0.0,0.0,0.0,1.0,1.0,0.0,0.0,0.0,0.0,0.0,0.0,0.0,1.0,0.0,0.0,0.0,1
-0.22392694761579512,-1.3837714491773996,-0.38466250452116424,-0.4897623840726178,-0.14310075548168502,-0.36459676751988024,-0.4844906287929423,-0.38734975659463444,-0.12757435072950232,-0.3082800291683669,1.0,0.0,0.0,0.0,1.0,1.0,0.0,0.0,0.0,0.0,1.0,0.0,0.0,0.0,0.0,0.0,0.0,0.0,1.0,0.0,0.0,0.0,1
0.5676451374361124,0.1469491804436178,0.3125276073168781,-0.2408572253028645,0.4108824613543315,-0.00674154570742289,0.03574689564469161,0.48938892961925917,0.6994881274064575,0.006404293079320729,0.0,1.0,0.0,1.0,0.0,0.0,1.0,0.0,0.0,0.0,0.0,1.0,0.0,0.0,0.0,0.0,0.0,0.0,1.0,0.0,0.0,0.0,0
0.6555975913307688,0.1469491804436178,-0.2290618644108945,-0.4067939978160333,-0.023625717689409676,-0.42156577216660984,-0.09979391531990267,-0.038181683503994444,0.10825687173623504,-0.1972669974219609,0.0,1.0,0.0,0.0,1.0,0.0,1.0,0.0,0.0,0.0,0.0,1.0,0.0,0.0,0.0,1.0,0.0,0.0,0.0,0.0,0.0,0.0,0
0.7435500452254252,0.1469491804436178,0.07575943512175241,-0.07492045278969563,0.042779480628870166,-0.22247752912052352,0.2829095509330694,0.3086550024967603,0.47347305925547895,0.1896725400255543,0.0,1.0,0.0,1.0,0.0,1.0,0.0,0.0,0.0,0.0,1.0,0.0,0.0,0.0,0.0,1.0,0.0,0.0,0.0,0.0,0.0,0.0,1
0.5676451374361124,0.1469491804436178,2.5540274889964816,1.2525737273156552,0.8039722651688795,1.6441531190688747,1.5426417940157693,2.7659884228921734,1.892246291777123,1.226830001045095,0.0,1.0,1.0,0.0,0.0,1.0,0.0,0.0,0.0,0.0,1.0,0.0,0.0,0.0,0.0,1.0,0.0,0.0,0.0,0.0,0.0,0.0,1
0.3917402296467996,0.1469491804436178,-0.6682172017608358,-0.4897623840726178,-0.49074351150376344,-0.710982301110177,-0.2751996706858482,-0.5304729243406027,-0.7146514148645781,-0.3082800291683669,0.0,1.0,0.0,0.0,1.0,1.0,0.0,0.0,0.0,0.0,1.0,0.0,0.0,0.0,0.0,0.0,0.0,0.0,0.0,1.0,0.0,0.0,1
0.03993041406817406,1.677669810064635,-0.7064970858881915,0.2569530922366421,-0.7459350220962204,-0.7016627344541818,0.2510175954119884,-0.6113172001927988,-0.8191583850476227,0.5089404797217888,0.0,1.0,0.0,1.0,0.0,0.0,1.0,0.0,0.0,0.0,1.0,0.0,0.0,0.0,0.0,0.0,0.0,0.0,0.0,1.0,0.0,0.0,1
-1.3673088482463283,1.677669810064635,-0.7671069024231713,-0.738667542842371,-0.49172125675507555,-0.48402344254652857,-0.9927686699101709,-0.8158964173302266,-1.0041841427630251,-0.6884997270944972,0.0,1.0,0.0,0.0,1.0,0.0,1.0,0.0,0.0,0.0,0.0,1.0,0.0,0.0,0.0,0.0,0.0,0.0,0.0,1.0,0.0,0.0,1
-1.0154990326677027,-1.3837714491773996,0.17429469241253828,0.008047933466888799,0.07498299485859404,0.6282028800361174,-0.46655140381233423,-0.23157538537561262,0.5723884076099531,0.2748578627176566,0.0,1.0,0.0,1.0,0.0,1.0,0.0,0.0,0.0,0.0,0.0,1.0,0.0,0.0,0.0,1.0,0.0,0.0,0.0,0.0,0.0,0.0,1
-0.7516416709837335,0.1469491804436178,0.15586363709195963,1.2525737273156552,-0.4211063219380909,0.41607614226158574,0.4662882951792852,-0.14684832146562965,0.5544540856056651,1.226830001045095,0.0,1.0,0.0,1.0,0.0,1.0,0.0,0.0,0.0,0.0,0.0,0.0,1.0,0.0,0.0,0.0,0.0,1.0,0.0,0.0,0.0,0.0,1
0.919454953014738,-1.3837714491773996,0.11439376262065766,-0.4897623840726178,0.4687504951171732,-0.23425428912408866,-0.09580742087976754,0.41137317486876196,0.5131657113804305,-0.3082800291683669,1.0,0.0,0.0,1.0,0.0,0.0,1.0,0.0,0.0,0.0,1.0,0.0,0.0,0.0,0.0,1.0,0.0,0.0,0.0,0.0,0.0,0.0,1
-0.22392694761579512,-1.3837714491773996,-0.027029142627628525,-0.9875727016121243,1.2209625084599456,-0.02935816659655828,-0.8791535783663198,-0.10195197743320772,0.3615013434567635,-1.168929155728989,1.0,0.0,0.0,1.0,0.0,1.0,0.0,0.0,0.0,0.0,0.0,0.0,1.0,0.0,0.0,1.0,0.0,0.0,0.0,0.0,0.0,0.0,1
-0.13597449372113873,0.1469491804436178,0.41921506215330456,1.2525737273156552,-0.28657581791496356,0.34541798983704664,0.968586594636311,0.2923352928675638,0.7896732201384449,1.226830001045095,1.0,0.0,0.0,1.0,0.0,0.0,1.0,0.0,0.0,0.0,1.0,0.0,0.0,0.0,0.0,0.0,0.0,0.0,0.0,1.0,0.0,0.0,1
-0.9275465787730462,-1.3837714491773996,0.5191680929302888,0.2569530922366421,0.19324361096967607,0.9861656079268831,-0.2751996706858482,0.009174616759299025,0.8687992376804015,0.5089404797217888,1.0,0.0,0.0,1.0,0.0,0.0,1.0,0.0,0.0,0.0,0.0,0.0,1.0,0.0,0.0,0.0,0.0,0.0,1.0,0.0,0.0,0.0,0
-0.9275465787730462,0.1469491804436178,-0.09933559042374476,0.7547634097761486,-0.44315990927324145,0.22086472252868689,0.023787412324286234,-0.3647473016092399,0.27646958137815525,0.9028425891112019,1.0,0.0,0.0,1.0,0.0,1.0,0.0,0.0,0.0,0.0,0.0,0.0,1.0,0.0,0.0,0.0,0.0,0.0,0.0,1.0,0.0,0.0,1
-0.6636892170890771,0.1469491804436178,-0.4002580128693462,-0.8216359290989554,0.17625652175496076,-0.2521306957532356,-0.8572278589455766,-0.49159361610634034,-0.1537756988518787,-0.8350702685971858,0.0,1.0,0.0,1.0,0.0,0.0,0.0,0.0,0.0,1.0,1.0,0.0,0.0,0.0,1.0,0.0,0.0,0.0,0.0,0.0,0.0,0.0,1
-0.3998318554051079,0.1469491804436178,-0.03908021726031456,0.2569530922366421,-0.23451993647936584,0.027102620182560707,0.011827929003880857,-0.16575655646668402,0.34771317941859897,0.5089404797217888,0.0,1.0,0.0,0.0,1.0,0.0,1.0,0.0,0.0,0.0,0.0,1.0,0.0,0.0,1.0,0.0,0.0,0.0,0.0,0.0,0.0,0.0,0
-0.3118794015104515,1.677669810064635,5.370788962701069,2.2481943623946683,1.4089068734343817,5.221744190135726,1.5904797272973907,4.047685618108702,2.619899546554839,1.7412055880771133,1.0,0.0,0.0,1.0,0.0,0.0,1.0,0.0,0.0,0.0,0.0,0.0,1.0,0.0,0.0,0.0,0.0,0.0,0.0,0.0,0.0,1.0,0
-0.3118794015104515,0.1469491804436178,-0.15002099255533605,-0.9046043153555399,0.7633777308458849,-0.11507824492977636,-0.8333088923047658,-0.22451265389743094,0.2133332227803898,-0.994401518288044,0.0,1.0,0.0,1.0,0.0,0.0,0.0,1.0,0.0,0.0,1.0,0.0,0.0,0.0,0.0,1.0,0.0,0.0,0.0,0.0,0.0,0.0,1
2.8544089386971785,1.677669810064635,4.1203127478741175,-1.2364778603818776,15.08973570651574,1.310912196343957,-0.6579031369388203,7.676421053306517,2.34588593542259,-1.8220559825570277,0.0,1.0,0.0,1.0,0.0,0.0,1.0,0.0,0.0,0.0,0.0,1.0,0.0,0.0,0.0,1.0,0.0,0.0,0.0,0.0,0.0,0.0,0
-0.22392694761579512,0.1469491804436178,-0.32334380124308526,0.2569530922366421,-0.45233985079944944,-0.3071178002654356,0.10750379556712387,-0.33841634153524214,-0.02942786644893131,0.5089404797217888,0.0,1.0,0.0,1.0,0.0,0.0,0.0,1.0,0.0,0.0,0.0,1.0,0.0,0.0,0.0,0.0,0.0,0.0,1.0,0.0,0.0,0.0,0
0.3037877757521432,1.677669810064635,0.02613736310480989,0.2569530922366421,-0.1845462903011921,-0.15050103221953193,0.39453139525685293,0.11250134973196921,0.42063037309045315,0.5089404797217888,0.0,1.0,0.0,0.0,1.0,0.0,1.0,0.0,0.0,0.0,0.0,1.0,0.0,0.0,0.0,0.0,0.0,0.0,1.0,0.0,0.0,0.0,0
-0.6636892170890771,0.1469491804436178,-0.5154521086229628,-0.2408572253028645,-0.43504824496605965,-0.3793936858035906,-0.46655140381233423,-0.569592228304706,-0.3658069458866124,0.006404293079320729,1.0,0.0,0.0,1.0,0.0,0.0,1.0,0.0,0.0,0.0,1.0,0.0,0.0,0.0,0.0,0.0,0.0,0.0,1.0,0.0,0.0,0.0,1
0.12788286796283044,1.677669810064635,3.359322829157149,2.2481943623946683,0.6382534982682508,2.687014673960235,2.068859060113606,3.0375178773792095,2.1452525210285565,1.7412055880771133,0.0,1.0,0.0,1.0,0.0,0.0,0.0,0.0,1.0,0.0,1.0,0.0,0.0,0.0,0.0,0.0,0.0,0.0,0.0,1.0,0.0,0.0,1
-1.1914039404570154,0.1469491804436178,-0.6753060691918276,-0.9875727016121243,-0.10370124313251608,-0.41011479361155034,-1.0764850531530086,-0.7480804810979772,-0.7333762327681449,-1.168929155728989,1.0,0.0,0.0,0.0,1.0,0.0,1.0,0.0,0.0,0.0,0.0,1.0,0.0,0.0,0.0,0.0,0.0,0.0,0.0,1.0,0.0,0.0,0
-0.4877843092997643,0.1469491804436178,-0.4498800848862887,-0.738667542842371,-0.005564590130450066,-0.3592143439966317,-0.7535790035020633,-0.49087362891681696,-0.24087362110413976,-0.6884997270944972,0.0,1.0,0.0,0.0,1.0,0.0,1.0,0.0,0.0,0.0,0.0,0.0,1.0,0.0,0.0,1.0,0.0,0.0,0.0,0.0,0.0,0.0,1
1.7110270380666455,0.1469491804436178,1.276259134560212,0.2569530922366421,0.7733724600815194,0.27903476638364755,1.159938327762797,2.23393503238653,1.348628128657639,0.5089404797217888,0.0,1.0,0.0,1.0,0.0,0.0,1.0,0.0,0.0,0.0,0.0,1.0,0.0,0.0,0.0,0.0,0.0,0.0,1.0,0.0,0.0,0.0,0
0.919454953014738,0.1469491804436178,-0.9124286847585029,-0.738667542842371,-0.7144298973317196,-0.9247602891859346,-0.3708755372490912,-0.7308522162058108,-1.5999053774901935,-0.6884997270944972,0.0,1.0,0.0,1.0,0.0,0.0,1.0,0.0,0.0,0.0,0.0,1.0,0.0,0.0,0.0,1.0,0.0,0.0,0.0,0.0,0.0,0.0,0
-1.279356394351672,0.1469491804436178,-0.7876646179730474,-0.2408572253028645,-0.7131624497837225,-0.5432039960735348,-0.7177005535408472,-0.8168478289735254,-1.0734987978332526,0.006404293079320729,1.0,0.0,0.0,0.0,1.0,0.0,1.0,0.0,0.0,0.0,0.0,1.0,0.0,0.0,0.0,0.0,0.0,0.0,1.0,0.0,0.0,0.0,1
0.3037877757521432,0.1469491804436178,2.4902276821175557,2.2481943623946683,0.30527692101585374,1.8039371998311113,2.2602107932400917,2.4364142868878482,1.8699072086883743,1.7412055880771133,0.0,1.0,1.0,0.0,0.0,0.0,1.0,0.0,0.0,0.0,0.0,1.0,0.0,0.0,0.0,1.0,0.0,0.0,0.0,0.0,0.0,0.0,0
1.9748843997506147,0.1469491804436178,-0.49772994004548327,0.7547634097761486,-0.6873789453787517,-0.737958004189498,1.9971021601911736,-0.07751526936974172,-0.3308297313136773,0.9028425891112019,0.0,1.0,0.0,1.0,0.0,1.0,0.0,0.0,0.0,0.0,1.0,0.0,0.0,0.0,0.0,0.0,0.0,0.0,0.0,1.0,0.0,0.0,1
0.6555975913307688,-1.3837714491773996,-0.6831038233659186,-0.738667542842371,-0.3629847986656496,-0.7481968224081936,-0.4426324371715235,-0.5103132830339481,-0.754292608301415,-0.6884997270944972,0.0,1.0,0.0,1.0,0.0,0.0,1.0,0.0,0.0,0.0,0.0,1.0,0.0,0.0,0.0,1.0,0.0,0.0,0.0,0.0,0.0,0.0,1
-1.0154990326677027,-1.3837714491773996,-0.540263144631434,0.2569530922366421,-0.6185565435225058,-0.2927895894975284,-0.3230376039674697,-0.6462880065410771,-0.41642627688208017,0.5089404797217888,0.0,1.0,0.0,1.0,0.0,0.0,1.0,0.0,0.0,0.0,0.0,1.0,0.0,0.0,0.0,0.0,0.0,0.0,1.0,0.0,0.0,0.0,1
-1.1914039404570154,0.1469491804436178,-0.5675552842407524,-0.9875727016121243,0.1164725023481336,-0.25860953888307187,-1.0764850531530086,-0.6907557867702113,-0.4745039187269273,-1.168929155728989,1.0,0.0,0.0,1.0,0.0,0.0,1.0,0.0,0.0,0.0,0.0,0.0,1.0,0.0,0.0,0.0,0.0,0.0,0.0,1.0,0.0,0.0,0
-0.4877843092997643,0.1469491804436178,-0.7256370279518692,-0.9875727016121243,-0.20654555845571426,-0.6435524953050351,-0.932971253308144,-0.6909272122915263,-0.8747706627775647,-1.168929155728989,0.0,1.0,0.0,1.0,0.0,0.0,1.0,0.0,0.0,0.0,1.0,0.0,0.0,0.0,0.0,1.0,0.0,0.0,0.0,0.0,0.0,0.0,1
0.5676451374361124,0.1469491804436178,-0.9744562747796811,-0.738667542842371,-0.8094884634315067,-0.9546224008311951,-0.46655140381233423,-0.8177478129604295,-1.972011551199579,-0.6884997270944972,0.0,1.0,0.0,1.0,0.0,0.0,0.0,0.0,1.0,0.0,1.0,0.0,0.0,0.0,0.0,0.0,0.0,0.0,0.0,1.0,0.0,0.0,1
-1.103451486562359,0.1469491804436178,-0.6285195441472817,-0.738667542842371,-0.27933326049783697,-0.37678883798048624,-0.9210117699877386,-0.7103497238565261,-0.6145399602562646,-0.6884997270944972,1.0,0.0,0.0,1.0,0.0,0.0,1.0,0.0,0.0,0.0,0.0,1.0,0.0,0.0,0.0,0.0,0.0,0.0,0.0,1.0,0.0,0.0,1
-0.4877843092997643,1.677669810064635,-0.4792988847249046,0.7547634097761486,-0.6760805558080341,-0.38954861977889066,0.32277449533442065,-0.5122161063205456,-0.2954328854968624,0.9028425891112019,0.0,1.0,0.0,1.0,0.0,0.0,0.0,1.0,0.0,0.0,0.0,0.0,1.0,0.0,0.0,0.0,0.0,0.0,0.0,1.0,0.0,0.0,0
-0.6636892170890771,-1.3837714491773996,-0.8954154029241226,-0.9875727016121243,-0.5534640587360802,-0.7991657637542999,-0.9688497032693602,-0.8268676506943923,-1.5141664613827612,-1.168929155728989,1.0,0.0,0.0,1.0,0.0,0.0,1.0,0.0,0.0,0.0,0.0,0.0,0.0,1.0,0.0,0.0,0.0,0.0,0.0,1.0,0.0,0.0,0
-0.4877843092997643,1.677669810064635,-0.4282590392217637,-1.2364778603818776,1.1481748064178228,-0.3369204786626824,-1.1123635031142247,-0.4751881937164863,-0.20219845916920595,-1.8220559825570277,0.0,1.0,0.0,0.0,1.0,0.0,1.0,0.0,0.0,0.0,0.0,0.0,1.0,0.0,0.0,0.0,0.0,0.0,0.0,1.0,0.0,0.0,1
0.5676451374361124,0.1469491804436178,1.0692642055752515,3.2438149974736814,-0.40991657072863025,0.5506050876413114,3.5518349918438727,1.2579752544354628,1.2341506350269487,2.1423264487912967,0.0,1.0,1.0,0.0,0.0,0.0,1.0,0.0,0.0,0.0,0.0,0.0,1.0,0.0,0.0,0.0,0.0,1.0,0.0,0.0,0.0,0.0,0
0.919454953014738,1.677669810064635,1.265625833413724,0.2569530922366421,0.7652245829872519,0.5399132939621643,0.7293969282282035,1.6919903893010062,1.3429886575099508,0.5089404797217888,0.0,1.0,0.0,1.0,0.0,1.0,0.0,0.0,0.0,0.0,1.0,0.0,0.0,0.0,0.0,1.0,0.0,0.0,0.0,0.0,0.0,0.0,1
0.8315024991200816,1.677669810064635,0.09064605672683516,-0.738667542842371,0.8228029144534089,-0.23154237202953368,-0.394794503889902,0.35472561135019065,0.4889125377868183,-0.6884997270944972,0.0,1.0,0.0,1.0,0.0,1.0,0.0,0.0,0.0,0.0,1.0,0.0,0.0,0.0,0.0,1.0,0.0,0.0,0.0,0.0,0.0,0.0,1
-0.3998318554051079,-1.3837714491773996,-0.6115062623129015,-0.9046043153555399,-0.08530514729301443,-0.5440966264752113,-0.8532413645054414,-0.5948774926986817,-0.5739058083885059,-0.994401518288044,0.0,1.0,0.0,1.0,0.0,0.0,1.0,0.0,0.0,0.0,1.0,0.0,0.0,0.0,0.0,1.0,0.0,0.0,0.0,0.0,0.0,0.0,1
-0.3998318554051079,0.1469491804436178,-0.8301978225589982,0.2569530922366421,-0.8407219922928653,-0.7623194965605644,0.011827929003880857,-0.7588202900083676,-1.2299549147199553,0.5089404797217888,0.0,1.0,0.0,1.0,0.0,1.0,0.0,0.0,0.0,0.0,1.0,0.0,0.0,0.0,0.0,0.0,0.0,0.0,1.0,0.0,0.0,0.0,1
0.5676451374361124,-1.3837714491773996,-0.6437606091239141,-1.4024146328950464,1.2779976481198179,-0.7110606167963619,-1.1362824697550353,-0.4818737890477748,-0.6520619219102708,-2.43818853673469,0.0,1.0,0.0,1.0,0.0,0.0,1.0,0.0,0.0,0.0,1.0,0.0,0.0,0.0,0.0,1.0,0.0,0.0,0.0,0.0,0.0,0.0,1
0.919454953014738,0.1469491804436178,-0.5055276942195742,-0.4897623840726178,-0.2912834802360959,-0.6511320917157933,-0.09580742087976754,-0.27822026972544844,-0.346102921835635,-0.3082800291683669,1.0,0.0,0.0,0.0,1.0,0.0,1.0,0.0,0.0,0.0,0.0,1.0,0.0,0.0,0.0,0.0,0.0,0.0,1.0,0.0,0.0,0.0,1
-0.4877843092997643,0.1469491804436178,1.8029619846829017,2.2481943623946683,0.04196469291944342,1.9637333291604533,1.3991279941709047,1.143497291301246,1.6009699912948354,1.7412055880771133,1.0,0.0,0.0,1.0,0.0,0.0,0.0,0.0,1.0,0.0,0.0,0.0,1.0,0.0,0.0,1.0,0.0,0.0,0.0,0.0,0.0,0.0,1
-0.4877843092997643,0.1469491804436178,0.027555136591008247,0.2569530922366421,-0.1834599066886232,0.13307805936123387,-0.036010004277740655,-0.14450836309967868,0.42217061347504825,0.5089404797217888,0.0,1.0,1.0,0.0,0.0,0.0,0.0,0.0,1.0,0.0,0.0,1.0,0.0,0.0,0.0,0.0,0.0,0.0,1.0,0.0,0.0,0.0,0
0.21583532185748686,1.677669810064635,-0.14612211546829057,-0.738667542842371,0.45995078785536436,-0.26598020657329036,-0.5622272703755773,-0.07446389509033313,0.21830117131187038,-0.6884997270944972,0.0,1.0,0.0,1.0,0.0,1.0,0.0,0.0,0.0,0.0,1.0,0.0,0.0,0.0,0.0,1.0,0.0,0.0,0.0,0.0,0.0,0.0,1
0.6555975913307688,-1.3837714491773996,-0.6161140261430461,-0.2408572253028645,-0.5378925602892578,-0.7000053559791074,0.07162534560590775,-0.4406545224475615,-0.5847850379180277,0.006404293079320729,0.0,1.0,0.0,1.0,0.0,0.0,1.0,0.0,0.0,0.0,1.0,0.0,0.0,0.0,0.0,0.0,0.0,0.0,1.0,0.0,0.0,0.0,0
-0.3998318554051079,0.1469491804436178,0.12396373365249658,0.2569530922366421,-0.10958582103393143,0.18979714245040913,0.011827929003880857,-0.04353015976902523,0.5228118387759274,0.5089404797217888,0.0,1.0,0.0,1.0,0.0,0.0,0.0,1.0,0.0,0.0,1.0,0.0,0.0,0.0,0.0,0.0,0.0,0.0,0.0,1.0,0.0,0.0,0
0.3917402296467996,-2.9144920787984168,0.1129759891344593,-0.2408572253028645,0.2070044700622167,-0.1068550978803688,-0.036010004277740655,0.22517077361631174,0.5117304971508643,0.006404293079320729,0.0,1.0,0.0,1.0,0.0,0.0,1.0,0.0,0.0,0.0,0.0,0.0,1.0,0.0,1.0,0.0,0.0,0.0,0.0,0.0,0.0,0.0,1
-1.0154990326677027,0.1469491804436178,-0.39919468275469744,1.2525737273156552,-0.7046524448185986,-0.11096667140507258,0.2510175954119884,-0.5644151775609904,-0.15197222775073324,1.226830001045095,0.0,1.0,0.0,1.0,0.0,0.0,1.0,0.0,0.0,0.0,0.0,1.0,0.0,0.0,1.0,0.0,0.0,0.0,0.0,0.0,0.0,0.0,0
-0.6636892170890771,0.1469491804436178,0.2983498724548946,0.2569530922366421,0.024039363312054998,0.5196703915983019,-0.13168587084098368,-0.01856203258948245,0.6870140963788683,0.5089404797217888,1.0,0.0,0.0,0.0,1.0,0.0,0.0,0.0,1.0,0.0,0.0,0.0,1.0,0.0,0.0,1.0,0.0,0.0,0.0,0.0,0.0,0.0,0
-0.8395941248783899,1.677669810064635,2.730185844656628,1.2525737273156552,0.893961041076678,3.536842444704553,0.39453139525685293,1.4399263027592988,1.9519896978044369,1.226830001045095,1.0,0.0,0.0,1.0,0.0,0.0,1.0,0.0,0.0,0.0,1.0,0.0,0.0,0.0,0.0,0.0,0.0,0.0,1.0,0.0,0.0,0.0,0
-0.5757367631944207,0.1469491804436178,-0.48851441238519394,-0.738667542842371,-0.06477249701546038,-0.37519434469954166,-0.777497970142874,-0.5351271272443073,-0.31300982650204834,-0.6884997270944972,1.0,0.0,0.0,1.0,0.0,0.0,1.0,0.0,0.0,0.0,0.0,1.0,0.0,0.0,0.0,1.0,0.0,0.0,0.0,0.0,0.0,0.0,1
1.8869319458559584,1.677669810064635,-0.7231559243510222,0.2569530922366421,-0.7587000295439063,-0.8541035306332575,1.2556141943260402,-0.40424374172023647,-0.8674248819422883,0.5089404797217888,1.0,0.0,0.0,0.0,1.0,0.0,0.0,0.0,0.0,1.0,0.0,1.0,0.0,0.0,0.0,0.0,0.0,0.0,0.0,1.0,0.0,0.0,1
1.1833123146987072,-1.3837714491773996,0.1363692516567322,0.7547634097761486,-0.2986708888015651,-0.2728284128163702,1.4589254107729315,0.5298282100974888,0.5352096089210913,0.9028425891112019,0.0,1.0,0.0,1.0,0.0,1.0,0.0,0.0,0.0,0.0,0.0,0.0,0.0,1.0,0.0,0.0,0.0,0.0,0.0,1.0,0.0,0.0,1
0.12788286796283044,-1.3837714491773996,-0.7504480639603406,-0.9875727016121243,-0.2572434603756007,-0.7489273093868126,-0.8073966784438875,-0.6396881239704462,-0.9506267202948278,-1.168929155728989,0.0,1.0,0.0,1.0,0.0,0.0,1.0,0.0,0.0,0.0,0.0,0.0,1.0,0.0,0.0,0.0,0.0,0.0,0.0,1.0,0.0,0.0,1
0.8315024991200816,-1.3837714491773996,0.2604244316990885,0.5888266372629798,-0.1604518537510011,-0.11483459612831239,1.0403434945587433,0.5394794669475284,0.653040360319089,0.7807203976219106,0.0,1.0,0.0,1.0,0.0,0.0,1.0,0.0,0.0,0.0,0.0,1.0,0.0,0.0,0.0,1.0,0.0,0.0,0.0,0.0,0.0,0.0,0
-0.4877843092997643,0.1469491804436178,-0.07168900744287679,0.2569530922366421,-0.2595067595684528,0.030745562746384226,-0.036010004277740655,-0.21650708205201627,0.30964730217018127,0.5089404797217888,0.0,1.0,1.0,0.0,0.0,0.0,0.0,1.0,0.0,0.0,0.0,0.0,1.0,0.0,0.0,0.0,0.0,0.0,1.0,0.0,0.0,0.0,1
-0.4877843092997643,0.1469491804436178,-0.5427442482322812,-1.2364778603818776,0.7972728995580375,-0.4549683229719552,-1.1123635031142247,-0.5582438587936471,-0.42159926596106234,-1.8220559825570277,0.0,1.0,0.0,0.0,1.0,0.0,1.0,0.0,0.0,0.0,1.0,0.0,0.0,0.0,0.0,0.0,0.0,0.0,0.0,1.0,0.0,0.0,1
1.0074074069093943,0.1469491804436178,-0.32547046147238284,0.008047933466888799,-0.36267440334777273,-0.5419820491968919,0.49618700348029865,-0.05775847803817766,-0.03270961887505805,0.2748578627176566,0.0,1.0,0.0,1.0,0.0,0.0,1.0,0.0,0.0,0.0,0.0,0.0,1.0,0.0,0.0,1.0,0.0,0.0,0.0,0.0,0.0,0.0,1
-0.5757367631944207,0.1469491804436178,0.10092491450177327,-0.4897623840726178,0.4522374642061245,0.2535455883195277,-0.6040854619969961,-0.12176019642116631,0.4994662312798237,-0.3082800291683669,0.0,1.0,0.0,1.0,0.0,1.0,0.0,0.0,0.0,0.0,1.0,0.0,0.0,0.0,0.0,1.0,0.0,0.0,0.0,0.0,0.0,0.0,1
-0.048022039826482336,0.1469491804436178,-0.3098749531242009,0.2569530922366421,-0.442019206480044,-0.3400008956526192,0.2031796621303669,-0.28657726388955906,-0.0088352134561883,0.5089404797217888,0.0,1.0,0.0,1.0,0.0,0.0,0.0,0.0,1.0,0.0,1.0,0.0,0.0,0.0,0.0,0.0,0.0,0.0,0.0,1.0,0.0,0.0,0
-1.1914039404570154,-1.3837714491773996,-0.9985584240450531,-1.2364778603818776,-0.5998164262056905,-0.864630557796986,-1.2080393696774676,-0.920054564081275,-2.15157390252706,-1.8220559825570277,0.0,1.0,0.0,1.0,0.0,0.0,1.0,0.0,0.0,0.0,0.0,0.0,1.0,0.0,0.0,0.0,0.0,0.0,0.0,0.0,1.0,0.0,1
-0.8395941248783899,0.1469491804436178,-0.5516053325210208,0.7547634097761486,-0.7204050072008491,-0.36767645429362883,0.08358482892631312,-0.6234712696540387,-0.4402455419652457,0.9028425891112019,1.0,0.0,0.0,1.0,0.0,1.0,0.0,0.0,0.0,0.0,0.0,0.0,1.0,0.0,0.0,0.0,0.0,0.0,0.0,1.0,0.0,0.0,1
-1.103451486562359,-1.3837714491773996,-0.2662784184236014,0.5058582510063954,-0.4846597632733771,0.1104028306858626,-0.23334147906442937,-0.5088733086549013,0.0556503852728022,0.7164627794543732,0.0,1.0,0.0,1.0,0.0,0.0,0.0,0.0,1.0,0.0,0.0,0.0,1.0,0.0,0.0,0.0,0.0,0.0,0.0,1.0,0.0,0.0,0
1.6230745841719891,1.677669810064635,0.10517823496036834,-0.4897623840726178,0.45745210554645577,-0.3664425917733949,0.14338224552834,0.6457804327150153,0.5038081305798525,-0.3082800291683669,1.0,0.0,0.0,0.0,1.0,0.0,1.0,0.0,0.0,0.0,1.0,0.0,0.0,0.0,0.0,0.0,0.0,0.0,0.0,1.0,0.0,0.0,1
-0.5757367631944207,0.1469491804436178,1.380465485795791,1.7503840448551617,0.019111837640759917,1.6183989606579767,0.9566271113159057,0.7755666949026695,1.40262736536213,1.5020198905350652,0.0,1.0,0.0,0.0,1.0,1.0,0.0,0.0,0.0,0.0,1.0,0.0,0.0,0.0,0.0,0.0,0.0,0.0,0.0,1.0,0.0,0.0,1
0.3917402296467996,-1.3837714491773996,0.236676725805266,-0.8216359290989554,1.2411099863657704,-0.011192487205594327,-0.5941192258966582,0.3448257874942442,0.6313020498030533,-0.8350702685971858,0.0,1.0,0.0,1.0,0.0,0.0,1.0,0.0,0.0,0.0,0.0,1.0,0.0,0.0,0.0,1.0,0.0,0.0,0.0,0.0,0.0,0.0,1
-1.1914039404570154,0.1469491804436178,-0.6228484502024884,-0.4897623840726178,-0.43512067054023085,-0.33635565644110693,-0.8133764201040902,-0.7201724062278806,-0.6008524416490351,-0.3082800291683669,0.0,1.0,0.0,1.0,0.0,0.0,0.0,1.0,0.0,0.0,0.0,0.0,1.0,0.0,0.0,0.0,0.0,0.0,0.0,0.0,1.0,0.0,1
0.6555975913307688,-1.3837714491773996,1.4609241311375478,0.2569530922366421,0.9148739256186313,0.7941850846264199,0.585883128383339,1.7191356206012507,1.4428262265795238,0.5089404797217888,0.0,1.0,0.0,1.0,0.0,0.0,1.0,0.0,0.0,0.0,1.0,0.0,0.0,0.0,0.0,1.0,0.0,0.0,0.0,0.0,0.0,0.0,1
-0.5757367631944207,-2.9144920787984168,-0.7366247724699065,0.2569530922366421,-0.7690206738633115,-0.6398473531862215,-0.08384793755936217,-0.7091240313791232,-0.907814730998132,0.5089404797217888,1.0,0.0,0.0,0.0,1.0,0.0,1.0,0.0,0.0,0.0,0.0,1.0,0.0,0.0,0.0,1.0,0.0,0.0,0.0,0.0,0.0,0.0,0
0.03993041406817406,0.1469491804436178,1.4268975674687874,3.2438149974736814,-0.3003004642204186,1.131489935560043,2.83426599261955,1.2459411828391436,1.4259785350396255,2.1423264487912967,0.0,1.0,0.0,0.0,1.0,0.0,1.0,0.0,0.0,0.0,0.0,1.0,0.0,0.0,1.0,0.0,0.0,0.0,0.0,0.0,0.0,0.0,0
-0.22392694761579512,0.1469491804436178,-0.15604652987167908,0.7547634097761486,-0.47792418487544935,-0.15029657168683502,0.5021667451405013,-0.20491014553505046,0.2056176293134914,0.9028425891112019,1.0,0.0,0.0,1.0,0.0,0.0,1.0,0.0,0.0,0.0,1.0,0.0,0.0,0.0,0.0,0.0,0.0,0.0,0.0,1.0,0.0,0.0,1
1.8869319458559584,-1.3837714491773996,-0.7135859533191833,0.2569530922366421,-0.7513669401590655,-0.8489099640757369,1.2556141943260402,-0.39105254785504034,-0.8394768678638285,0.5089404797217888,1.0,0.0,0.0,1.0,0.0,0.0,0.0,0.0,1.0,0.0,0.0,0.0,0.0,1.0,0.0,0.0,0.0,0.0,0.0,1.0,0.0,0.0,1
2.502599123118553,0.1469491804436178,-0.892579855951726,-1.2364778603818776,-0.274987726047561,-0.961891075455225,-0.7057410702204417,-0.592597533265191,-1.5004150664802194,-1.8220559825570277,1.0,0.0,0.0,1.0,0.0,0.0,1.0,0.0,0.0,0.0,0.0,0.0,1.0,0.0,0.0,0.0,0.0,0.0,0.0,1.0,0.0,0.0,1
0.5676451374361124,0.1469491804436178,-0.2992416519777132,-0.2408572253028645,-0.21415024374369718,-0.45731779355750024,0.03574689564469161,-0.13196001493941414,0.00719293807432927,0.006404293079320729,0.0,1.0,0.0,1.0,0.0,1.0,0.0,0.0,0.0,0.0,0.0,0.0,1.0,0.0,1.0,0.0,0.0,0.0,0.0,0.0,0.0,0.0,1
1.0074074069093943,-1.3837714491773996,-0.25989843773570875,0.2569530922366421,-0.4037241841369869,-0.4988251072354622,0.777234861509825,0.01676876735355749,0.06482246304284754,0.5089404797217888,0.0,1.0,0.0,1.0,0.0,0.0,1.0,0.0,0.0,0.0,1.0,0.0,0.0,0.0,0.0,1.0,0.0,0.0,0.0,0.0,0.0,0.0,0
-0.9275465787730462,0.1469491804436178,-0.7114592930898858,-0.4897623840726178,-0.5437590317971305,-0.5365419417020781,-0.7236802952010498,-0.7348121457481893,-0.8333476278783503,-0.3082800291683669,0.0,1.0,0.0,0.0,1.0,0.0,0.0,1.0,0.0,0.0,0.0,0.0,1.0,0.0,0.0,1.0,0.0,0.0,0.0,0.0,0.0,0.0,0
1.1833123146987072,0.1469491804436178,1.8128863990862902,0.7547634097761486,0.7290480086887047,0.7855521461958128,1.4589254107729315,2.516392863857403,1.6052811226693509,0.9028425891112019,0.0,1.0,0.0,1.0,0.0,0.0,1.0,0.0,0.0,0.0,0.0,0.0,1.0,0.0,0.0,0.0,0.0,0.0,1.0,0.0,0.0,0.0,0
-0.22392694761579512,1.677669810064635,0.5574479770576445,2.2481943623946683,-0.43522930890148775,0.518519388331646,1.6861555938606336,0.3644711522369535,0.897861531484174,1.7412055880771133,0.0,1.0,0.0,0.0,1.0,0.0,1.0,0.0,0.0,0.0,1.0,0.0,0.0,0.0,1.0,0.0,0.0,0.0,0.0,0.0,0.0,0.0,0
-0.6636892170890771,1.677669810064635,-0.12343773968911685,0.008047933466888799,-0.18574907215796485,0.053692058798540526,-0.29911863732665894,-0.3041569511004215,0.2468319301673868,0.2748578627176566,1.0,0.0,0.0,1.0,0.0,0.0,0.0,1.0,0.0,0.0,0.0,0.0,0.0,1.0,0.0,1.0,0.0,0.0,0.0,0.0,0.0,0.0,1
-0.8395941248783899,0.1469491804436178,1.7572387897530046,1.2525737273156552,0.3969405383263627,2.3792763600571813,0.39453139525685293,0.828194329946402,1.5809196317168401,1.226830001045095,0.0,1.0,0.0,1.0,0.0,0.0,1.0,0.0,0.0,0.0,0.0,1.0,0.0,0.0,0.0,1.0,0.0,0.0,0.0,0.0,0.0,0.0,0
-0.4877843092997643,-1.3837714491773996,-0.4406645572259994,0.2569530922366421,-0.5422380947395339,-0.3497120407395386,-0.036010004277740655,-0.4841880335855285,-0.22424704775789397,0.5089404797217888,0.0,1.0,0.0,1.0,0.0,0.0,1.0,0.0,0.0,0.0,1.0,0.0,0.0,0.0,0.0,0.0,0.0,0.0,1.0,0.0,0.0,0.0,1
-0.9275465787730462,0.1469491804436178,-0.6515583632980051,-0.4897623840726178,-0.4703194995874664,-0.4624239762967514,-0.7236802952010498,-0.6985985043703766,-0.6716899710047748,-0.3082800291683669,1.0,0.0,0.0,0.0,1.0,0.0,1.0,0.0,0.0,0.0,0.0,1.0,0.0,0.0,0.0,0.0,0.0,0.0,1.0,0.0,0.0,0.0,1
-0.22392694761579512,0.1469491804436178,1.0696186489468011,1.7503840448551617,-0.11699650924824134,0.998618276670794,1.2914926442872563,0.7731924514324555,1.2343556085624083,1.5020198905350652,0.0,1.0,0.0,1.0,0.0,0.0,1.0,0.0,0.0,0.0,0.0,0.0,0.0,1.0,1.0,0.0,0.0,0.0,0.0,0.0,0.0,0.0,1
2.502599123118553,0.1469491804436178,-0.6600650042151952,-0.6556991565857866,-0.386550966261377,-0.8495080657799885,0.1872336843698264,-0.23274107892055523,-0.6934488174570798,-0.5527966015513275,1.0,0.0,0.0,1.0,0.0,0.0,0.0,1.0,0.0,0.0,1.0,0.0,0.0,0.0,0.0,0.0,0.0,0.0,0.0,1.0,0.0,0.0,1
-0.5757367631944207,1.677669810064635,1.172407226696182,0.2569530922366421,0.6937948604608406,1.3964685092555753,-0.08384793755936217,0.6296578624353311,1.2924637356776858,0.5089404797217888,0.0,1.0,1.0,0.0,0.0,0.0,1.0,0.0,0.0,0.0,0.0,1.0,0.0,0.0,0.0,1.0,0.0,0.0,0.0,0.0,0.0,0.0,1
1.0953598608040507,-1.3837714491773996,-0.5416809181176324,0.2569530922366421,-0.6196429271350747,-0.6927543251506569,0.8250727947914466,-0.28855722866074834,-0.41937972845690147,0.5089404797217888,0.0,1.0,0.0,1.0,0.0,0.0,1.0,0.0,0.0,0.0,0.0,0.0,1.0,0.0,0.0,0.0,0.0,0.0,0.0,1.0,0.0,0.0,1
0.12788286796283044,-1.3837714491773996,0.10411490484571956,-0.738667542842371,0.8434442030922196,-0.0344765873644122,-0.586146237016388,0.12492970002731318,0.5027240259201233,-0.6884997270944972,0.0,1.0,0.0,1.0,0.0,1.0,0.0,0.0,0.0,0.0,1.0,0.0,0.0,0.0,0.0,0.0,0.0,1.0,0.0,0.0,0.0,0.0,1
-0.13597449372113873,-1.3837714491773996,-0.603354064767261,-0.4897623840726178,-0.411220231063713,-0.5849262939880824,-0.45459192049192887,-0.5484211764222925,-0.5548800128906213,-0.3082800291683669,0.0,1.0,0.0,1.0,0.0,0.0,0.0,1.0,0.0,0.0,1.0,0.0,0.0,0.0,0.0,0.0,0.0,0.0,0.0,1.0,0.0,0.0,1
-1.103451486562359,-1.3837714491773996,-0.4732733474085616,-0.2408572253028645,-0.39195502833415613,-0.167992408552051,-0.6459436536184149,-0.6240026887701154,-0.2840684987994215,0.006404293079320729,0.0,1.0,0.0,0.0,1.0,1.0,0.0,0.0,0.0,0.0,0.0,1.0,0.0,0.0,0.0,0.0,0.0,0.0,0.0,1.0,0.0,0.0,1
-0.4877843092997643,1.677669810064635,0.2437655932362578,1.2525737273156552,-0.37620246595190565,0.3560167127007275,0.681558994946582,0.01234598890362818,0.6378295627285617,1.226830001045095,0.0,1.0,0.0,1.0,0.0,0.0,1.0,0.0,0.0,0.0,0.0,1.0,0.0,0.0,0.0,0.0,0.0,0.0,1.0,0.0,0.0,0.0,1
1.2712647685933636,0.1469491804436178,-0.312356056725048,-0.738667542842371,0.2051938307079349,-0.566803122843898,-0.2751996706858482,0.018603020431628946,-0.012603964246228878,-0.6884997270944972,0.0,1.0,0.0,1.0,0.0,1.0,0.0,0.0,0.0,0.0,1.0,0.0,0.0,0.0,0.0,1.0,0.0,0.0,0.0,0.0,0.0,0.0,1
-0.3998318554051079,-1.3837714491773996,-0.5441620217184795,-0.738667542842371,-0.15005361060212657,-0.4768967151037087,-0.7296600368612526,-0.5443926766713879,-0.42456460608057495,-0.6884997270944972,1.0,0.0,0.0,1.0,0.0,0.0,1.0,0.0,0.0,0.0,1.0,0.0,0.0,0.0,0.0,0.0,0.0,0.0,1.0,0.0,0.0,0.0,1
0.3917402296467996,1.677669810064635,0.20761236933819968,0.7547634097761486,-0.2549982675762915,-0.03366908914064161,0.9207486613546896,0.3167120019985695,0.604188240447277,0.9028425891112019,0.0,1.0,0.0,1.0,0.0,0.0,1.0,0.0,0.0,0.0,0.0,1.0,0.0,0.0,0.0,1.0,0.0,0.0,0.0,0.0,0.0,0.0,1
0.21583532185748686,0.1469491804436178,-0.8745032440026969,-0.738667542842371,-0.6563083740592783,-0.8589123885568877,-0.5622272703755773,-0.7437948430650999,-1.4160382836382033,-0.6884997270944972,0.0,1.0,0.0,1.0,0.0,0.0,1.0,0.0,0.0,0.0,1.0,0.0,0.0,0.0,0.0,0.0,0.0,0.0,0.0,1.0,0.0,0.0,1
-1.103451486562359,0.1469491804436178,-0.5055276942195742,1.999289203624915,-0.8257842176200416,-0.21137248863878072,0.5918628700435417,-0.6419423695757396,-0.346102921835635,1.625515276100392,0.0,1.0,1.0,0.0,0.0,0.0,1.0,0.0,0.0,0.0,0.0,1.0,0.0,0.0,0.0,0.0,0.0,0.0,0.0,1.0,0.0,0.0,0
-0.7516416709837335,0.1469491804436178,0.4624571534823545,1.999289203624915,-0.4301957314965848,0.7673364977054146,0.950647369655703,0.053333831050066074,0.8245026387382821,1.625515276100392,0.0,1.0,0.0,1.0,0.0,0.0,0.0,1.0,0.0,0.0,0.0,0.0,1.0,0.0,0.0,1.0,0.0,0.0,0.0,0.0,0.0,0.0,1
